{
    "model_parameters": 23950976,
    "training_time_sec": 3367.2297286987305,
    "inference_time_sec": 12.154165744781494,
    "total_generated": 500
}