{
    "model_parameters": 2150913,
    "training_time_sec": 16725.23318529129,
    "inference_time_sec": 1066.7825870513916,
    "total_generated": 500
}