{
    "model_parameters": 2150913,
    "training_time_sec": 11727.064425468445,
    "inference_time_sec": 667.8831536769867,
    "total_generated": 500
}