{
    "model_parameters": 4889859,
    "training_time_sec": 580.1715135574341,
    "inference_time_sec": 26.084105014801025,
    "total_generated": 500
}