{
    "model_parameters": 1740453,
    "training_time_sec": 848.7991237640381,
    "inference_time_sec": 151.51884365081787,
    "total_generated": 500
}