{
    "model_parameters": 4862212,
    "training_time_sec": 6219.394131660461,
    "inference_time_sec": 194.04951238632202,
    "total_generated": 500
}