{
    "model_parameters": 3668099,
    "training_time_sec": 888.9310326576233,
    "inference_time_sec": 67.43241310119629,
    "total_generated": 500
}