{
    "model_parameters": 1741224,
    "training_time_sec": 1746.1388561725616,
    "inference_time_sec": 110.46872782707214,
    "total_generated": 500
}