{
    "model_parameters": 1741224,
    "training_time_sec": 3248.849175930023,
    "inference_time_sec": 107.09217381477356,
    "total_generated": 500
}