{
    "model_parameters": 8751215,
    "training_time_sec": 4267.00417304039,
    "inference_time_sec": 113.21424150466919,
    "total_generated": 500
}