{
    "model_parameters": 4889859,
    "training_time_sec": 2917.1571655273438,
    "inference_time_sec": 13.60285758972168,
    "total_generated": 500
}