{
    "model_parameters": 3668099,
    "training_time_sec": 3558.193284511566,
    "inference_time_sec": 67.2651994228363,
    "total_generated": 500
}