{
    "model_parameters": 3777993,
    "training_time_sec": 1054.1426177024841,
    "inference_time_sec": 119.6427390575409,
    "total_generated": 500
}