{
    "model_parameters": 1740453,
    "training_time_sec": 7584.5355706214905,
    "inference_time_sec": 67.7868881225586,
    "total_generated": 500
}