{
    "model_parameters": 3778764,
    "training_time_sec": 1395.0734860897064,
    "inference_time_sec": 111.60315203666687,
    "total_generated": 500
}