{
    "model_parameters": 3778764,
    "training_time_sec": 735.1507811546326,
    "inference_time_sec": 112.19715547561646,
    "total_generated": 500
}