{
    "model_parameters": 4889859,
    "training_time_sec": 2502.1767728328705,
    "inference_time_sec": 12.901700973510742,
    "total_generated": 500
}