{
    "model_parameters": 3668099,
    "training_time_sec": 808.7466804981232,
    "inference_time_sec": 95.74528455734253,
    "total_generated": 500
}