{
    "model_parameters": 28768075,
    "training_time_sec": 2928.7665996551514,
    "inference_time_sec": 1.8167228698730469,
    "total_generated": 500
}