{
    "model_parameters": 8751215,
    "training_time_sec": 2397.2311503887177,
    "inference_time_sec": 112.2022294998169,
    "total_generated": 500
}