{
    "model_parameters": 1740967,
    "training_time_sec": 7613.646900892258,
    "inference_time_sec": 68.18393683433533,
    "total_generated": 500
}