{
    "model_parameters": 50717992,
    "training_time_sec": 6964.233513116837,
    "inference_time_sec": 9.451815605163574,
    "total_generated": 500
}