{
    "model_parameters": 8751215,
    "training_time_sec": 1193.93297457695,
    "inference_time_sec": 110.51200985908508,
    "total_generated": 500
}