{
    "model_parameters": 39089792,
    "training_time_sec": 4427.8666343688965,
    "inference_time_sec": 11.644051313400269,
    "total_generated": 500
}