{
    "model_parameters": 8751227,
    "training_time_sec": 9039.497182130814,
    "inference_time_sec": 125.2686185836792,
    "total_generated": 500
}