{
    "model_parameters": 74984193,
    "training_time_sec": 3231.099979877472,
    "inference_time_sec": 5.437790632247925,
    "total_generated": 500
}