{
    "model_parameters": 74984193,
    "training_time_sec": 6217.605664730072,
    "inference_time_sec": 8.775376558303833,
    "total_generated": 500
}