{
    "model_parameters": 3667841,
    "training_time_sec": 884.3995170593262,
    "inference_time_sec": 131.07604885101318,
    "total_generated": 500
}