{
    "model_parameters": 8751227,
    "training_time_sec": 4845.42186164856,
    "inference_time_sec": 125.72297191619873,
    "total_generated": 500
}