{
    "model_parameters": 2150913,
    "training_time_sec": 8379.603925943375,
    "inference_time_sec": 698.1816365718842,
    "total_generated": 500
}