{
    "model_parameters": 3778507,
    "training_time_sec": 659.7909235954285,
    "inference_time_sec": 69.2140622138977,
    "total_generated": 500
}