{
    "model_parameters": 3667841,
    "training_time_sec": 3539.999680995941,
    "inference_time_sec": 66.68020415306091,
    "total_generated": 500
}