{
    "model_parameters": 1741224,
    "training_time_sec": 759.3615760803223,
    "inference_time_sec": 234.02800917625427,
    "total_generated": 500
}