{
    "model_parameters": 23947136,
    "training_time_sec": 2460.3282952308655,
    "inference_time_sec": 22.464675426483154,
    "total_generated": 500
}