{
    "model_parameters": 1741224,
    "training_time_sec": 762.401505947113,
    "inference_time_sec": 164.35690426826477,
    "total_generated": 500
}