{
    "model_parameters": 8751227,
    "training_time_sec": 9886.64363694191,
    "inference_time_sec": 81.7129578590393,
    "total_generated": 500
}