{
    "model_parameters": 71439110,
    "training_time_sec": 9067.757818460464,
    "inference_time_sec": 1781.5384855270386,
    "total_generated": 500
}