{
    "model_parameters": 8751215,
    "training_time_sec": 1214.7800514698029,
    "inference_time_sec": 110.83316016197205,
    "total_generated": 500
}