{
    "model_parameters": 1741224,
    "training_time_sec": 3849.530699968338,
    "inference_time_sec": 68.55675768852234,
    "total_generated": 500
}