{
    "model_parameters": 1441801,
    "training_time_sec": 1152.8182697296143,
    "inference_time_sec": 120.17646598815918,
    "total_generated": 500
}