{
    "model_parameters": 3879832,
    "training_time_sec": 725.7097413539886,
    "inference_time_sec": 25.207855701446533,
    "total_generated": 500
}