{
    "model_parameters": 23947136,
    "training_time_sec": 658.7263820171356,
    "inference_time_sec": 13.96019697189331,
    "total_generated": 500
}