{
    "model_parameters": 1441801,
    "training_time_sec": 1159.6508827209473,
    "inference_time_sec": 83.74424695968628,
    "total_generated": 500
}