{
    "model_parameters": 39089792,
    "training_time_sec": 3879.975147008896,
    "inference_time_sec": 12.845565557479858,
    "total_generated": 500
}