{
    "model_parameters": 3668228,
    "training_time_sec": 6873.903958320618,
    "inference_time_sec": 67.16025948524475,
    "total_generated": 500
}