{
    "model_parameters": 1441673,
    "training_time_sec": 6038.2233119010925,
    "inference_time_sec": 110.98063111305237,
    "total_generated": 500
}