{
    "model_parameters": 3668228,
    "training_time_sec": 5553.365226507187,
    "inference_time_sec": 110.03964352607727,
    "total_generated": 500
}