{
    "model_parameters": 1441673,
    "training_time_sec": 8300.794133424759,
    "inference_time_sec": 79.10985279083252,
    "total_generated": 500
}