{
    "model_parameters": 1741224,
    "training_time_sec": 6664.534857034683,
    "inference_time_sec": 110.69263482093811,
    "total_generated": 500
}