{
    "model_parameters": 8751227,
    "training_time_sec": 1376.1466224193573,
    "inference_time_sec": 82.86156916618347,
    "total_generated": 500
}