{
    "model_parameters": 3668228,
    "training_time_sec": 5437.856297254562,
    "inference_time_sec": 109.82060098648071,
    "total_generated": 500
}