{
    "model_parameters": 1741224,
    "training_time_sec": 1749.5866181850433,
    "inference_time_sec": 111.2772274017334,
    "total_generated": 500
}