{
    "model_parameters": 1740967,
    "training_time_sec": 1982.8411350250244,
    "inference_time_sec": 69.24498009681702,
    "total_generated": 500
}