{
    "model_parameters": 23950976,
    "training_time_sec": 4679.158926963806,
    "inference_time_sec": 12.25885796546936,
    "total_generated": 500
}