{
    "model_parameters": 1426842,
    "training_time_sec": 51416.67948055267,
    "inference_time_sec": 111.40907382965088,
    "total_generated": 500
}