{
    "model_parameters": 1741224,
    "training_time_sec": 755.3952238559723,
    "inference_time_sec": 167.4561424255371,
    "total_generated": 500
}