{
    "model_parameters": 4889859,
    "training_time_sec": 395.7686824798584,
    "inference_time_sec": 23.804389715194702,
    "total_generated": 500
}