{
    "model_parameters": 39089792,
    "training_time_sec": 3784.113078355789,
    "inference_time_sec": 13.153785467147827,
    "total_generated": 500
}