{
    "model_parameters": 23947136,
    "training_time_sec": 2715.4526517391205,
    "inference_time_sec": 20.676159381866455,
    "total_generated": 500
}