{
    "model_parameters": 1740967,
    "training_time_sec": 1529.107881307602,
    "inference_time_sec": 96.97141456604004,
    "total_generated": 500
}