{
    "model_parameters": 8751227,
    "training_time_sec": 2661.7866275310516,
    "inference_time_sec": 126.67213296890259,
    "total_generated": 500
}