{
    "model_parameters": 3668228,
    "training_time_sec": 3017.146391391754,
    "inference_time_sec": 109.80657434463501,
    "total_generated": 500
}