{
    "model_parameters": 3778507,
    "training_time_sec": 1530.4202744960785,
    "inference_time_sec": 98.16488909721375,
    "total_generated": 500
}