{
    "model_parameters": 1740967,
    "training_time_sec": 850.981292963028,
    "inference_time_sec": 68.13392305374146,
    "total_generated": 500
}