{
    "model_parameters": 3778507,
    "training_time_sec": 3409.350830078125,
    "inference_time_sec": 97.97887134552002,
    "total_generated": 500
}