{
    "model_parameters": 1441417,
    "training_time_sec": 1785.8561639785767,
    "inference_time_sec": 78.02221512794495,
    "total_generated": 500
}