{
    "model_parameters": 1441673,
    "training_time_sec": 739.5400047302246,
    "inference_time_sec": 82.59861135482788,
    "total_generated": 500
}