{
    "model_parameters": 8751227,
    "training_time_sec": 1447.474996805191,
    "inference_time_sec": 126.08869743347168,
    "total_generated": 500
}