{
    "model_parameters": 4889859,
    "training_time_sec": 468.368763923645,
    "inference_time_sec": 22.118311166763306,
    "total_generated": 500
}