{
    "model_parameters": 3668228,
    "training_time_sec": 3559.013529062271,
    "inference_time_sec": 67.28053641319275,
    "total_generated": 500
}