{
    "model_parameters": 1741224,
    "training_time_sec": 6364.334539413452,
    "inference_time_sec": 107.2993655204773,
    "total_generated": 500
}