{
    "model_parameters": 8751191,
    "training_time_sec": 5123.1232805252075,
    "inference_time_sec": 80.85348510742188,
    "total_generated": 500
}