{
    "model_parameters": 3668099,
    "training_time_sec": 413.0403661727905,
    "inference_time_sec": 95.93751692771912,
    "total_generated": 500
}