{
    "model_parameters": 1441801,
    "training_time_sec": 1727.2240493297577,
    "inference_time_sec": 78.94175004959106,
    "total_generated": 500
}