{
    "model_parameters": 39089792,
    "training_time_sec": 6172.8656668663025,
    "inference_time_sec": 9.940187931060791,
    "total_generated": 500
}