{
    "model_parameters": 3778764,
    "training_time_sec": 1587.9517540931702,
    "inference_time_sec": 70.0538980960846,
    "total_generated": 500
}