{
    "model_parameters": 1441673,
    "training_time_sec": 3027.4684722423553,
    "inference_time_sec": 79.01542162895203,
    "total_generated": 500
}