{
    "model_parameters": 1441417,
    "training_time_sec": 3726.571947813034,
    "inference_time_sec": 78.0654788017273,
    "total_generated": 500
}