{
    "model_parameters": 1441673,
    "training_time_sec": 3032.2288768291473,
    "inference_time_sec": 79.06358218193054,
    "total_generated": 500
}