{
    "model_parameters": 23947136,
    "training_time_sec": 5101.516824007034,
    "inference_time_sec": 18.159870147705078,
    "total_generated": 500
}