{
    "model_parameters": 8751227,
    "training_time_sec": 9440.263353586197,
    "inference_time_sec": 125.0345561504364,
    "total_generated": 500
}