{
    "model_parameters": 8751215,
    "training_time_sec": 2450.9475762844086,
    "inference_time_sec": 111.37977766990662,
    "total_generated": 500
}