{
    "model_parameters": 23947136,
    "training_time_sec": 1419.3519270420074,
    "inference_time_sec": 10.711076974868774,
    "total_generated": 500
}