{
    "model_parameters": 3668228,
    "training_time_sec": 5891.555215597153,
    "inference_time_sec": 109.89420986175537,
    "total_generated": 500
}