{
    "model_parameters": 3668228,
    "training_time_sec": 918.2575206756592,
    "inference_time_sec": 109.93957829475403,
    "total_generated": 500
}