{
    "model_parameters": 3668099,
    "training_time_sec": 3105.39324259758,
    "inference_time_sec": 95.31060552597046,
    "total_generated": 500
}