{
    "model_parameters": 4889859,
    "training_time_sec": 724.0777904987335,
    "inference_time_sec": 128.09779453277588,
    "total_generated": 500
}