{
    "model_parameters": 23950976,
    "training_time_sec": 2960.985666513443,
    "inference_time_sec": 11.145453453063965,
    "total_generated": 500
}