{
    "model_parameters": 76365057,
    "training_time_sec": 8873.081930398941,
    "inference_time_sec": 14.083789587020874,
    "total_generated": 500
}