{
    "model_parameters": 4862212,
    "training_time_sec": 6607.441444635391,
    "inference_time_sec": 193.3578429222107,
    "total_generated": 500
}