{
    "model_parameters": 76365057,
    "training_time_sec": 6553.075220346451,
    "inference_time_sec": 16.475907564163208,
    "total_generated": 500
}