{
    "model_parameters": 3778507,
    "training_time_sec": 4986.050535440445,
    "inference_time_sec": 68.76975417137146,
    "total_generated": 500
}