{
    "model_parameters": 4862212,
    "training_time_sec": 2422.9319653511047,
    "inference_time_sec": 193.8547441959381,
    "total_generated": 500
}