{
    "model_parameters": 3778764,
    "training_time_sec": 1376.8830778598785,
    "inference_time_sec": 111.15503931045532,
    "total_generated": 500
}