{
    "model_parameters": 3668228,
    "training_time_sec": 824.5216243267059,
    "inference_time_sec": 109.53857779502869,
    "total_generated": 500
}