{
    "model_parameters": 23950976,
    "training_time_sec": 2538.675829410553,
    "inference_time_sec": 9.032652616500854,
    "total_generated": 500
}