{
    "model_parameters": 23947136,
    "training_time_sec": 947.2607755661011,
    "inference_time_sec": 14.339367628097534,
    "total_generated": 500
}