{
    "model_parameters": 23947136,
    "training_time_sec": 2748.3335950374603,
    "inference_time_sec": 19.678963661193848,
    "total_generated": 500
}