{
    "model_parameters": 1740453,
    "training_time_sec": 1993.7489647865295,
    "inference_time_sec": 67.58529710769653,
    "total_generated": 500
}