{
    "model_parameters": 1441417,
    "training_time_sec": 1779.8396334648132,
    "inference_time_sec": 143.43916416168213,
    "total_generated": 500
}