{
    "model_parameters": 1441801,
    "training_time_sec": 3610.493400335312,
    "inference_time_sec": 78.99526739120483,
    "total_generated": 500
}