{
    "model_parameters": 8751227,
    "training_time_sec": 1361.13645362854,
    "inference_time_sec": 124.68168687820435,
    "total_generated": 500
}