Model Name,Domain,Task,Parameters (M),Resolution,Dataset,Data Scale,Data Size,Target Key,Component,Axis,Training Time (s),Inference Time (s),MAE ↓,RMSE ↓,MAPE (%) ↓,R² ↑,Rel-L2 ↓,Sign Agree ↑,Extremal Agree ↑,MAC ↑
domino,dimension_3d,prediction,24.3143,8192.0,drivaerml_3d_2d_surface,Small,20.0,pressure+wall_shear_stress,pressure,,54060.0,1.6046,100.9097,176.9886,42.7187,0.5678,0.5001,0.9339,0.6478,
domino,dimension_3d,prediction,24.3143,8192.0,drivaerml_3d_2d_surface,Small,20.0,pressure+wall_shear_stress,wall_shear_stress,x,54060.0,1.6046,0.9223,1.5965,105.4119,0.4101,0.6649,0.7381,0.544,0.469
domino,dimension_3d,prediction,24.3143,8192.0,drivaerml_3d_2d_surface,Small,20.0,pressure+wall_shear_stress,wall_shear_stress,y,54060.0,1.6046,0.5327,1.1406,132.9867,0.2905,0.8423,0.6142,0.4777,0.469
domino,dimension_3d,prediction,24.3143,8192.0,drivaerml_3d_2d_surface,Small,20.0,pressure+wall_shear_stress,wall_shear_stress,z,54060.0,1.6046,0.5337,0.9904,126.9291,0.2044,0.8901,0.6401,0.421,0.469
domino,dimension_3d,prediction,24.3143,8192.0,drivaerml_3d_2d_surface,Medium,50.0,pressure+wall_shear_stress,pressure,,72180.0,1.6024,86.4894,154.2105,38.5271,0.6719,0.4357,0.9405,0.7225,
domino,dimension_3d,prediction,24.3143,8192.0,drivaerml_3d_2d_surface,Medium,50.0,pressure+wall_shear_stress,wall_shear_stress,x,72180.0,1.6024,0.7991,1.435,97.6455,0.5234,0.5977,0.7606,0.6165,0.5485
domino,dimension_3d,prediction,24.3143,8192.0,drivaerml_3d_2d_surface,Medium,50.0,pressure+wall_shear_stress,wall_shear_stress,y,72180.0,1.6024,0.519,1.0921,126.8174,0.3496,0.8065,0.6353,0.5273,0.5485
domino,dimension_3d,prediction,24.3143,8192.0,drivaerml_3d_2d_surface,Medium,50.0,pressure+wall_shear_stress,wall_shear_stress,z,72180.0,1.6024,0.5063,0.9576,120.6034,0.2562,0.8607,0.665,0.4544,0.5485
domino,dimension_3d,prediction,24.3143,8192.0,drivaerml_3d_2d_surface,Large,100.0,pressure+wall_shear_stress,pressure,,103020.0,1.5134,85.6431,156.6933,38.1268,0.6612,0.4428,0.9416,0.7308,
domino,dimension_3d,prediction,24.3143,8192.0,drivaerml_3d_2d_surface,Large,100.0,pressure+wall_shear_stress,wall_shear_stress,x,103020.0,1.5134,0.7609,1.3613,96.5387,0.5711,0.567,0.763,0.6541,0.5875
domino,dimension_3d,prediction,24.3143,8192.0,drivaerml_3d_2d_surface,Large,100.0,pressure+wall_shear_stress,wall_shear_stress,y,103020.0,1.5134,0.4976,1.0262,125.8124,0.4256,0.7579,0.642,0.5552,0.5875
domino,dimension_3d,prediction,24.3143,8192.0,drivaerml_3d_2d_surface,Large,100.0,pressure+wall_shear_stress,wall_shear_stress,z,103020.0,1.5134,0.4915,0.9363,118.0585,0.2889,0.8416,0.6728,0.475,0.5875
domino,dimension_3d,prediction,24.3143,8192.0,drivaerml_3d_2d_surface,Extra Large,200.0,pressure+wall_shear_stress,pressure,,161280.0,1.5127,84.0724,156.9722,37.3725,0.66,0.4435,0.9408,0.7405,
domino,dimension_3d,prediction,24.3143,8192.0,drivaerml_3d_2d_surface,Extra Large,200.0,pressure+wall_shear_stress,wall_shear_stress,x,161280.0,1.5127,0.7608,1.3672,96.9296,0.5673,0.5694,0.7614,0.6406,0.5844
domino,dimension_3d,prediction,24.3143,8192.0,drivaerml_3d_2d_surface,Extra Large,200.0,pressure+wall_shear_stress,wall_shear_stress,y,161280.0,1.5127,0.5013,1.0315,125.5363,0.4198,0.7617,0.6416,0.5558,0.5844
domino,dimension_3d,prediction,24.3143,8192.0,drivaerml_3d_2d_surface,Extra Large,200.0,pressure+wall_shear_stress,wall_shear_stress,z,161280.0,1.5127,0.5005,0.9478,119.1828,0.2714,0.8518,0.6681,0.4718,0.5844
domino,dimension_3d,prediction,24.3143,8192.0,drivaerml_3d_3d_volume,Small,20.0,pressure_coeff+velocity+vorticity,totalpcoeff,,54060.0,1.6046,0.072,0.1222,33.6047,0.9403,0.2311,0.9481,0.8749,
domino,dimension_3d,prediction,24.3143,8192.0,drivaerml_3d_3d_volume,Small,20.0,pressure_coeff+velocity+vorticity,velocity,x,54060.0,1.6046,2.6287,4.1793,45.3773,0.9351,0.178,0.915,0.8747,0.95
domino,dimension_3d,prediction,24.3143,8192.0,drivaerml_3d_3d_volume,Small,20.0,pressure_coeff+velocity+vorticity,velocity,y,54060.0,1.6046,1.8555,3.1367,76.0371,0.8677,0.3638,0.8381,0.8171,0.95
domino,dimension_3d,prediction,24.3143,8192.0,drivaerml_3d_3d_volume,Small,20.0,pressure_coeff+velocity+vorticity,velocity,z,54060.0,1.6046,1.4939,2.526,79.2096,0.8551,0.3799,0.8297,0.7945,0.95
domino,dimension_3d,prediction,24.3143,8192.0,drivaerml_3d_3d_volume,Small,20.0,pressure_coeff+velocity+vorticity,vorticity,x,54060.0,1.6046,2.4198,3.671,79.807,0.5471,0.6729,0.7826,0.6161,
domino,dimension_3d,prediction,24.3143,8192.0,drivaerml_3d_3d_volume,Small,20.0,pressure_coeff+velocity+vorticity,vorticity,y,54060.0,1.6046,2.1362,3.5077,63.6418,0.6305,0.6023,0.8292,0.663,
domino,dimension_3d,prediction,24.3143,8192.0,drivaerml_3d_3d_volume,Small,20.0,pressure_coeff+velocity+vorticity,vorticity,z,54060.0,1.6046,2.0791,3.3815,67.135,0.6163,0.6195,0.8179,0.5978,
domino,dimension_3d,prediction,24.3143,8192.0,drivaerml_3d_3d_volume,Medium,50.0,pressure_coeff+velocity+vorticity,totalpcoeff,,72180.0,1.6024,0.0572,0.1022,28.1304,0.9583,0.1933,0.9601,0.8989,
domino,dimension_3d,prediction,24.3143,8192.0,drivaerml_3d_3d_volume,Medium,50.0,pressure_coeff+velocity+vorticity,velocity,x,72180.0,1.6024,2.0439,3.3028,38.6957,0.9595,0.1407,0.9326,0.9022,0.9685
domino,dimension_3d,prediction,24.3143,8192.0,drivaerml_3d_3d_volume,Medium,50.0,pressure_coeff+velocity+vorticity,velocity,y,72180.0,1.6024,1.4383,2.4694,64.9258,0.918,0.2864,0.872,0.8603,0.9685
domino,dimension_3d,prediction,24.3143,8192.0,drivaerml_3d_3d_volume,Medium,50.0,pressure_coeff+velocity+vorticity,velocity,z,72180.0,1.6024,1.1717,2.0387,68.6422,0.9056,0.3066,0.8618,0.8402,0.9685
domino,dimension_3d,prediction,24.3143,8192.0,drivaerml_3d_3d_volume,Medium,50.0,pressure_coeff+velocity+vorticity,vorticity,x,72180.0,1.6024,2.0644,3.2362,70.9431,0.6481,0.5932,0.8126,0.6741,
domino,dimension_3d,prediction,24.3143,8192.0,drivaerml_3d_3d_volume,Medium,50.0,pressure_coeff+velocity+vorticity,vorticity,y,72180.0,1.6024,1.8319,3.136,56.5272,0.7047,0.5384,0.8531,0.7197,
domino,dimension_3d,prediction,24.3143,8192.0,drivaerml_3d_3d_volume,Medium,50.0,pressure_coeff+velocity+vorticity,vorticity,z,72180.0,1.6024,1.7735,2.985,60.2222,0.701,0.5468,0.8428,0.6495,
domino,dimension_3d,prediction,24.3143,8192.0,drivaerml_3d_3d_volume,Large,100.0,pressure_coeff+velocity+vorticity,totalpcoeff,,103020.0,1.5134,0.0504,0.0926,25.3557,0.9658,0.1751,0.9658,0.9016,
domino,dimension_3d,prediction,24.3143,8192.0,drivaerml_3d_3d_volume,Large,100.0,pressure_coeff+velocity+vorticity,velocity,x,103020.0,1.5134,1.7577,2.8544,35.2953,0.9697,0.1216,0.94,0.9138,0.9763
domino,dimension_3d,prediction,24.3143,8192.0,drivaerml_3d_3d_volume,Large,100.0,pressure_coeff+velocity+vorticity,velocity,y,103020.0,1.5134,1.2402,2.0971,60.3405,0.9408,0.2432,0.8849,0.885,0.9763
domino,dimension_3d,prediction,24.3143,8192.0,drivaerml_3d_3d_volume,Large,100.0,pressure_coeff+velocity+vorticity,velocity,z,103020.0,1.5134,1.0328,1.8168,63.8342,0.925,0.2733,0.8745,0.8596,0.9763
domino,dimension_3d,prediction,24.3143,8192.0,drivaerml_3d_3d_volume,Large,100.0,pressure_coeff+velocity+vorticity,vorticity,x,103020.0,1.5134,1.8578,2.971,66.5489,0.7034,0.5446,0.8272,0.7133,
domino,dimension_3d,prediction,24.3143,8192.0,drivaerml_3d_3d_volume,Large,100.0,pressure_coeff+velocity+vorticity,vorticity,y,103020.0,1.5134,1.6532,2.8891,52.7385,0.7493,0.496,0.8662,0.7496,
domino,dimension_3d,prediction,24.3143,8192.0,drivaerml_3d_3d_volume,Large,100.0,pressure_coeff+velocity+vorticity,vorticity,z,103020.0,1.5134,1.6097,2.7721,56.089,0.7421,0.5078,0.8556,0.6869,
domino,dimension_3d,prediction,24.3143,8192.0,drivaerml_3d_3d_volume,Extra Large,200.0,pressure_coeff+velocity+vorticity,totalpcoeff,,161280.0,1.5127,0.0421,0.0781,22.1753,0.9756,0.1477,0.9716,0.9156,
domino,dimension_3d,prediction,24.3143,8192.0,drivaerml_3d_3d_volume,Extra Large,200.0,pressure_coeff+velocity+vorticity,velocity,x,161280.0,1.5127,1.5075,2.5197,31.5908,0.9764,0.1073,0.9484,0.9256,0.9819
domino,dimension_3d,prediction,24.3143,8192.0,drivaerml_3d_3d_volume,Extra Large,200.0,pressure_coeff+velocity+vorticity,velocity,y,161280.0,1.5127,1.0593,1.8488,54.6702,0.954,0.2144,0.8995,0.9026,0.9819
domino,dimension_3d,prediction,24.3143,8192.0,drivaerml_3d_3d_volume,Extra Large,200.0,pressure_coeff+velocity+vorticity,velocity,z,161280.0,1.5127,0.8728,1.5498,58.2301,0.9454,0.2331,0.8902,0.8823,0.9819
domino,dimension_3d,prediction,24.3143,8192.0,drivaerml_3d_3d_volume,Extra Large,200.0,pressure_coeff+velocity+vorticity,vorticity,x,161280.0,1.5127,1.6809,2.7619,61.6992,0.7437,0.5063,0.8422,0.7392,
domino,dimension_3d,prediction,24.3143,8192.0,drivaerml_3d_3d_volume,Extra Large,200.0,pressure_coeff+velocity+vorticity,vorticity,y,161280.0,1.5127,1.4981,2.6976,48.8094,0.7815,0.4632,0.8775,0.7752,
domino,dimension_3d,prediction,24.3143,8192.0,drivaerml_3d_3d_volume,Extra Large,200.0,pressure_coeff+velocity+vorticity,vorticity,z,161280.0,1.5127,1.4514,2.572,52.0144,0.778,0.4712,0.8668,0.7205,
geoflare,dimension_3d,prediction,26.408,8192.0,drivaerml_3d_2d_surface,Small,20.0,pressure+wall_shear_stress,pressure,,6960.0,0.0989,21.5937,37.1582,13.3489,0.9809,0.105,0.9906,0.9309,
geoflare,dimension_3d,prediction,26.408,8192.0,drivaerml_3d_2d_surface,Small,20.0,pressure+wall_shear_stress,wall_shear_stress,x,6960.0,0.0989,0.1947,0.3599,51.9133,0.97,0.1499,0.9012,0.9193,0.9672
geoflare,dimension_3d,prediction,26.408,8192.0,drivaerml_3d_2d_surface,Small,20.0,pressure+wall_shear_stress,wall_shear_stress,y,6960.0,0.0989,0.1408,0.3083,72.6755,0.9482,0.2276,0.8411,0.8996,0.9672
geoflare,dimension_3d,prediction,26.408,8192.0,drivaerml_3d_2d_surface,Small,20.0,pressure+wall_shear_stress,wall_shear_stress,z,6960.0,0.0989,0.132,0.2613,61.4624,0.9446,0.2348,0.8802,0.8799,0.9672
geoflare,dimension_3d,prediction,26.408,8192.0,drivaerml_3d_2d_surface,Medium,50.0,pressure+wall_shear_stress,pressure,,12312.0,0.0989,13.3514,23.3648,8.7975,0.9925,0.066,0.9944,0.9546,
geoflare,dimension_3d,prediction,26.408,8192.0,drivaerml_3d_2d_surface,Medium,50.0,pressure+wall_shear_stress,wall_shear_stress,x,12312.0,0.0989,0.1251,0.2372,39.7085,0.987,0.0988,0.9316,0.9496,0.9862
geoflare,dimension_3d,prediction,26.408,8192.0,drivaerml_3d_2d_surface,Medium,50.0,pressure+wall_shear_stress,wall_shear_stress,y,12312.0,0.0989,0.0871,0.1929,54.9635,0.9797,0.1425,0.8945,0.94,0.9862
geoflare,dimension_3d,prediction,26.408,8192.0,drivaerml_3d_2d_surface,Medium,50.0,pressure+wall_shear_stress,wall_shear_stress,z,12312.0,0.0989,0.0849,0.1698,46.9984,0.9766,0.1526,0.9181,0.9236,0.9862
geoflare,dimension_3d,prediction,26.408,8192.0,drivaerml_3d_2d_surface,Large,100.0,pressure+wall_shear_stress,pressure,,20962.0,0.0988,10.9316,19.213,7.3673,0.9949,0.0543,0.9955,0.9615,
geoflare,dimension_3d,prediction,26.408,8192.0,drivaerml_3d_2d_surface,Large,100.0,pressure+wall_shear_stress,wall_shear_stress,x,20962.0,0.0988,0.1038,0.2029,34.7599,0.9905,0.0845,0.9432,0.9575,0.9903
geoflare,dimension_3d,prediction,26.408,8192.0,drivaerml_3d_2d_surface,Large,100.0,pressure+wall_shear_stress,wall_shear_stress,y,20962.0,0.0988,0.071,0.156,47.7332,0.9867,0.1152,0.9136,0.9507,0.9903
geoflare,dimension_3d,prediction,26.408,8192.0,drivaerml_3d_2d_surface,Large,100.0,pressure+wall_shear_stress,wall_shear_stress,z,20962.0,0.0988,0.0704,0.1439,41.1991,0.9832,0.1293,0.9322,0.9366,0.9903
geoflare,dimension_3d,prediction,26.408,8192.0,drivaerml_3d_2d_surface,Extra Large,200.0,pressure+wall_shear_stress,pressure,,38814.0,0.0988,9.3111,16.3621,6.3666,0.9963,0.0462,0.9962,0.966,
geoflare,dimension_3d,prediction,26.408,8192.0,drivaerml_3d_2d_surface,Extra Large,200.0,pressure+wall_shear_stress,wall_shear_stress,x,38814.0,0.0988,0.0895,0.178,31.2259,0.9927,0.0741,0.9513,0.9636,0.9927
geoflare,dimension_3d,prediction,26.408,8192.0,drivaerml_3d_2d_surface,Extra Large,200.0,pressure+wall_shear_stress,wall_shear_stress,y,38814.0,0.0988,0.0604,0.1328,42.5091,0.9904,0.0981,0.9274,0.9576,0.9927
geoflare,dimension_3d,prediction,26.408,8192.0,drivaerml_3d_2d_surface,Extra Large,200.0,pressure+wall_shear_stress,wall_shear_stress,z,38814.0,0.0988,0.0604,0.1241,36.6382,0.9875,0.1115,0.9426,0.9445,0.9927
geoflare,dimension_3d,prediction,26.4098,8192.0,drivaerml_3d_3d_volume,Small,20.0,pressure_coeff+velocity+vorticity,totalpcoeff,,7860.0,0.1204,0.0442,0.0773,23.5965,0.9761,0.1462,0.969,0.9095,
geoflare,dimension_3d,prediction,26.4098,8192.0,drivaerml_3d_3d_volume,Small,20.0,pressure_coeff+velocity+vorticity,velocity,x,7860.0,0.1204,1.5736,2.5808,34.6779,0.9753,0.1099,0.9381,0.9321,0.9811
geoflare,dimension_3d,prediction,26.4098,8192.0,drivaerml_3d_3d_volume,Small,20.0,pressure_coeff+velocity+vorticity,velocity,y,7860.0,0.1204,1.0616,1.8238,55.9454,0.9553,0.2115,0.8901,0.9147,0.9811
geoflare,dimension_3d,prediction,26.4098,8192.0,drivaerml_3d_3d_volume,Small,20.0,pressure_coeff+velocity+vorticity,velocity,z,7860.0,0.1204,0.9342,1.6377,60.3936,0.9391,0.2463,0.8791,0.876,0.9811
geoflare,dimension_3d,prediction,26.4098,8192.0,drivaerml_3d_3d_volume,Small,20.0,pressure_coeff+velocity+vorticity,vorticity,x,7860.0,0.1204,1.7405,3.2247,57.9424,0.6506,0.5911,0.821,0.7865,
geoflare,dimension_3d,prediction,26.4098,8192.0,drivaerml_3d_3d_volume,Small,20.0,pressure_coeff+velocity+vorticity,vorticity,y,7860.0,0.1204,1.6004,3.223,46.6836,0.688,0.5534,0.8557,0.8008,
geoflare,dimension_3d,prediction,26.4098,8192.0,drivaerml_3d_3d_volume,Small,20.0,pressure_coeff+velocity+vorticity,vorticity,z,7860.0,0.1204,1.527,2.9877,49.5814,0.7005,0.5473,0.8508,0.7273,
geoflare,dimension_3d,prediction,26.4098,8192.0,drivaerml_3d_3d_volume,Medium,50.0,pressure_coeff+velocity+vorticity,totalpcoeff,,13450.0,0.1209,0.0318,0.0552,18.484,0.9879,0.1043,0.9778,0.9252,
geoflare,dimension_3d,prediction,26.4098,8192.0,drivaerml_3d_3d_volume,Medium,50.0,pressure_coeff+velocity+vorticity,velocity,x,13450.0,0.1209,1.1511,1.858,29.0758,0.9872,0.0791,0.9514,0.9524,0.9901
geoflare,dimension_3d,prediction,26.4098,8192.0,drivaerml_3d_3d_volume,Medium,50.0,pressure_coeff+velocity+vorticity,velocity,y,13450.0,0.1209,0.7774,1.3256,47.0118,0.9764,0.1537,0.915,0.9413,0.9901
geoflare,dimension_3d,prediction,26.4098,8192.0,drivaerml_3d_3d_volume,Medium,50.0,pressure_coeff+velocity+vorticity,velocity,z,13450.0,0.1209,0.6874,1.193,51.6346,0.9677,0.1794,0.9023,0.9117,0.9901
geoflare,dimension_3d,prediction,26.4098,8192.0,drivaerml_3d_3d_volume,Medium,50.0,pressure_coeff+velocity+vorticity,vorticity,x,13450.0,0.1209,1.4443,2.7707,51.5357,0.742,0.5079,0.847,0.8198,
geoflare,dimension_3d,prediction,26.4098,8192.0,drivaerml_3d_3d_volume,Medium,50.0,pressure_coeff+velocity+vorticity,vorticity,y,13450.0,0.1209,1.318,2.7552,40.9581,0.772,0.4731,0.8797,0.8253,
geoflare,dimension_3d,prediction,26.4098,8192.0,drivaerml_3d_3d_volume,Medium,50.0,pressure_coeff+velocity+vorticity,vorticity,z,13450.0,0.1209,1.2729,2.5881,44.1478,0.7752,0.4741,0.8713,0.7723,
geoflare,dimension_3d,prediction,26.4098,8192.0,drivaerml_3d_3d_volume,Large,100.0,pressure_coeff+velocity+vorticity,totalpcoeff,,22717.0,0.1204,0.0271,0.0469,16.3114,0.9912,0.0887,0.9812,0.9322,
geoflare,dimension_3d,prediction,26.4098,8192.0,drivaerml_3d_3d_volume,Large,100.0,pressure_coeff+velocity+vorticity,velocity,x,22717.0,0.1204,0.9715,1.5636,25.8808,0.9909,0.0666,0.9589,0.9591,0.9931
geoflare,dimension_3d,prediction,26.4098,8192.0,drivaerml_3d_3d_volume,Large,100.0,pressure_coeff+velocity+vorticity,velocity,y,22717.0,0.1204,0.649,1.0938,42.201,0.9839,0.1268,0.9271,0.9522,0.9931
geoflare,dimension_3d,prediction,26.4098,8192.0,drivaerml_3d_3d_volume,Large,100.0,pressure_coeff+velocity+vorticity,velocity,z,22717.0,0.1204,0.5744,0.9918,46.8736,0.9777,0.1492,0.9146,0.9275,0.9931
geoflare,dimension_3d,prediction,26.4098,8192.0,drivaerml_3d_3d_volume,Large,100.0,pressure_coeff+velocity+vorticity,vorticity,x,22717.0,0.1204,1.2553,2.4941,47.1943,0.791,0.4572,0.8621,0.8494,
geoflare,dimension_3d,prediction,26.4098,8192.0,drivaerml_3d_3d_volume,Large,100.0,pressure_coeff+velocity+vorticity,vorticity,y,22717.0,0.1204,1.1302,2.48,36.8361,0.8153,0.4258,0.8935,0.8526,
geoflare,dimension_3d,prediction,26.4098,8192.0,drivaerml_3d_3d_volume,Large,100.0,pressure_coeff+velocity+vorticity,vorticity,z,22717.0,0.1204,1.1094,2.3358,40.6109,0.8169,0.4279,0.8837,0.8066,
geoflare,dimension_3d,prediction,26.4098,8192.0,drivaerml_3d_3d_volume,Extra Large,200.0,pressure_coeff+velocity+vorticity,totalpcoeff,,41634.0,0.122,0.0235,0.0407,14.6044,0.9934,0.0769,0.9839,0.9428,
geoflare,dimension_3d,prediction,26.4098,8192.0,drivaerml_3d_3d_volume,Extra Large,200.0,pressure_coeff+velocity+vorticity,velocity,x,41634.0,0.122,0.8515,1.3669,23.9091,0.9931,0.0582,0.9633,0.9647,0.9948
geoflare,dimension_3d,prediction,26.4098,8192.0,drivaerml_3d_3d_volume,Extra Large,200.0,pressure_coeff+velocity+vorticity,velocity,y,41634.0,0.122,0.5668,0.9487,38.8494,0.9879,0.11,0.9354,0.9585,0.9948
geoflare,dimension_3d,prediction,26.4098,8192.0,drivaerml_3d_3d_volume,Extra Large,200.0,pressure_coeff+velocity+vorticity,velocity,z,41634.0,0.122,0.4936,0.8425,43.2559,0.9839,0.1267,0.9231,0.9388,0.9948
geoflare,dimension_3d,prediction,26.4098,8192.0,drivaerml_3d_3d_volume,Extra Large,200.0,pressure_coeff+velocity+vorticity,vorticity,x,41634.0,0.122,1.1248,2.3141,44.0103,0.82,0.4242,0.873,0.8713,
geoflare,dimension_3d,prediction,26.4098,8192.0,drivaerml_3d_3d_volume,Extra Large,200.0,pressure_coeff+velocity+vorticity,vorticity,y,41634.0,0.122,1.0166,2.3147,34.2048,0.8391,0.3974,0.902,0.8695,
geoflare,dimension_3d,prediction,26.4098,8192.0,drivaerml_3d_3d_volume,Extra Large,200.0,pressure_coeff+velocity+vorticity,vorticity,z,41634.0,0.122,1.0044,2.1678,38.2946,0.8423,0.3971,0.8928,0.8301,
geofno,dimension_3d,prediction,1.5458,8192.0,deepjeb_3d_2d_diagonal,Small,20.0,displacement+stress,displacement,x,301.1372,0.1931,0.0096,0.0148,88.0878,0.2632,0.6857,0.839907,0.388982,0.7859
geofno,dimension_3d,prediction,1.5458,8192.0,deepjeb_3d_2d_diagonal,Small,20.0,displacement+stress,displacement,y,301.1372,0.1931,0.0091,0.014,132.9216,0.3468,0.8081,0.612779,0.48021,0.7859
geofno,dimension_3d,prediction,1.5458,8192.0,deepjeb_3d_2d_diagonal,Small,20.0,displacement+stress,displacement,z,301.1372,0.1931,0.0254,0.0362,77.3528,0.5352,0.4856,0.87901,0.608801,0.7859
geofno,dimension_3d,prediction,1.5458,8192.0,deepjeb_3d_2d_diagonal,Small,20.0,displacement+stress,stress,,301.1372,0.1931,32.4438,46.1211,97.34,0.0634,0.8362,0.743903,0.226664,
geofno,dimension_3d,prediction,1.5458,8192.0,deepjeb_3d_2d_diagonal,Medium,50.0,displacement+stress,displacement,x,725.5344,0.1926,0.0093,0.014,87.9669,0.3437,0.6472,0.845514,0.435067,0.8187
geofno,dimension_3d,prediction,1.5458,8192.0,deepjeb_3d_2d_diagonal,Medium,50.0,displacement+stress,displacement,y,725.5344,0.1926,0.0081,0.0122,131.5668,0.5065,0.7024,0.625171,0.597634,0.8187
geofno,dimension_3d,prediction,1.5458,8192.0,deepjeb_3d_2d_diagonal,Medium,50.0,displacement+stress,displacement,z,725.5344,0.1926,0.0233,0.0328,75.3206,0.6176,0.4405,0.877685,0.768242,0.8187
geofno,dimension_3d,prediction,1.5458,8192.0,deepjeb_3d_2d_diagonal,Medium,50.0,displacement+stress,stress,,725.5344,0.1926,31.0353,44.4329,95.8384,0.1307,0.8056,0.747849,0.319998,
geofno,dimension_3d,prediction,1.5458,8192.0,deepjeb_3d_2d_diagonal,Large,100.0,displacement+stress,displacement,x,1595.0446,0.1935,0.006,0.0102,72.2367,0.6502,0.4725,0.86167,0.595372,0.9344
geofno,dimension_3d,prediction,1.5458,8192.0,deepjeb_3d_2d_diagonal,Large,100.0,displacement+stress,displacement,y,1595.0446,0.1935,0.0066,0.0103,106.1878,0.6484,0.5929,0.732707,0.64927,0.9344
geofno,dimension_3d,prediction,1.5458,8192.0,deepjeb_3d_2d_diagonal,Large,100.0,displacement+stress,displacement,z,1595.0446,0.1935,0.0134,0.0201,58.4151,0.8568,0.2696,0.889045,0.76211,0.9344
geofno,dimension_3d,prediction,1.5458,8192.0,deepjeb_3d_2d_diagonal,Large,100.0,displacement+stress,stress,,1595.0446,0.1935,26.0188,38.0936,86.0239,0.361,0.6906,0.794241,0.424305,
geofno,dimension_3d,prediction,1.5458,8192.0,deepjeb_3d_2d_diagonal,Extra Large,200.0,displacement+stress,displacement,x,3617.7097,0.1944,0.0045,0.008,59.5154,0.7849,0.3705,0.891663,0.745905,0.969
geofno,dimension_3d,prediction,1.5458,8192.0,deepjeb_3d_2d_diagonal,Extra Large,200.0,displacement+stress,displacement,y,3617.7097,0.1944,0.0044,0.0074,76.7165,0.8194,0.4249,0.851123,0.766374,0.969
geofno,dimension_3d,prediction,1.5458,8192.0,deepjeb_3d_2d_diagonal,Extra Large,200.0,displacement+stress,displacement,z,3617.7097,0.1944,0.0096,0.0153,47.0623,0.9168,0.2055,0.911613,0.844811,0.969
geofno,dimension_3d,prediction,1.5458,8192.0,deepjeb_3d_2d_diagonal,Extra Large,200.0,displacement+stress,stress,,3617.7097,0.1944,21.5208,32.5843,73.2064,0.5325,0.5907,0.842391,0.528654,
geofno,dimension_3d,prediction,1.5458,8192.0,deepjeb_3d_2d_horizontal,Small,20.0,displacement+stress,displacement,x,303.9616,0.1941,0.0355,0.0557,92.1272,0.4601,0.602,0.876668,0.589236,0.6377
geofno,dimension_3d,prediction,1.5458,8192.0,deepjeb_3d_2d_horizontal,Small,20.0,displacement+stress,displacement,y,303.9616,0.1941,0.005,0.0073,131.4568,0.1219,0.9311,0.616472,0.274642,0.6377
geofno,dimension_3d,prediction,1.5458,8192.0,deepjeb_3d_2d_horizontal,Small,20.0,displacement+stress,displacement,z,303.9616,0.1941,0.0328,0.0508,105.2715,0.5667,0.613,0.748449,0.654713,0.6377
geofno,dimension_3d,prediction,1.5458,8192.0,deepjeb_3d_2d_horizontal,Small,20.0,displacement+stress,stress,,303.9616,0.1941,48.411,67.6259,121.4211,0.1465,0.91,0.651802,0.195502,
geofno,dimension_3d,prediction,1.5458,8192.0,deepjeb_3d_2d_horizontal,Medium,50.0,displacement+stress,displacement,x,724.7945,0.1933,0.0264,0.0418,81.8596,0.6962,0.4515,0.881813,0.685861,0.8461
geofno,dimension_3d,prediction,1.5458,8192.0,deepjeb_3d_2d_horizontal,Medium,50.0,displacement+stress,displacement,y,724.7945,0.1933,0.0036,0.0054,104.1561,0.5104,0.6953,0.736983,0.53475,0.8461
geofno,dimension_3d,prediction,1.5458,8192.0,deepjeb_3d_2d_horizontal,Medium,50.0,displacement+stress,displacement,z,724.7945,0.1933,0.0195,0.0299,79.4937,0.8498,0.3609,0.846373,0.693954,0.8461
geofno,dimension_3d,prediction,1.5458,8192.0,deepjeb_3d_2d_horizontal,Medium,50.0,displacement+stress,stress,,724.7945,0.1933,40.9971,60.6702,101.6347,0.313,0.8164,0.726656,0.293079,
geofno,dimension_3d,prediction,1.5458,8192.0,deepjeb_3d_2d_horizontal,Large,100.0,displacement+stress,displacement,x,1564.7434,0.1936,0.0205,0.0344,73.8922,0.7943,0.3716,0.874384,0.800371,0.8907
geofno,dimension_3d,prediction,1.5458,8192.0,deepjeb_3d_2d_horizontal,Large,100.0,displacement+stress,displacement,y,1564.7434,0.1936,0.0033,0.0049,95.8305,0.5951,0.6323,0.775049,0.585783,0.8907
geofno,dimension_3d,prediction,1.5458,8192.0,deepjeb_3d_2d_horizontal,Large,100.0,displacement+stress,displacement,z,1564.7434,0.1936,0.0169,0.0277,73.906,0.8714,0.334,0.858763,0.8316,0.8907
geofno,dimension_3d,prediction,1.5458,8192.0,deepjeb_3d_2d_horizontal,Large,100.0,displacement+stress,stress,,1564.7434,0.1936,38.0056,56.2382,98.317,0.4097,0.7568,0.741773,0.381822,
geofno,dimension_3d,prediction,1.5458,8192.0,deepjeb_3d_2d_horizontal,Extra Large,200.0,displacement+stress,displacement,x,3171.7439,0.1983,0.0122,0.0223,58.2011,0.9136,0.2408,0.890935,0.876379,0.9578
geofno,dimension_3d,prediction,1.5458,8192.0,deepjeb_3d_2d_horizontal,Extra Large,200.0,displacement+stress,displacement,y,3171.7439,0.1983,0.0025,0.0039,80.2469,0.7486,0.4983,0.830426,0.680852,0.9578
geofno,dimension_3d,prediction,1.5458,8192.0,deepjeb_3d_2d_horizontal,Extra Large,200.0,displacement+stress,displacement,z,3171.7439,0.1983,0.0115,0.0192,61.5055,0.9383,0.2314,0.874941,0.878332,0.9578
geofno,dimension_3d,prediction,1.5458,8192.0,deepjeb_3d_2d_horizontal,Extra Large,200.0,displacement+stress,stress,,3171.7439,0.1983,31.0035,48.7266,81.6567,0.5569,0.6557,0.80241,0.502762,
geofno,dimension_3d,prediction,1.5461,8192.0,deepjeb_3d_2d_modal,Small,20.0,mode_shapes,mode_shape_1,x,199.57,0.3419,157.4865,226.4727,83.9404,0.5858,0.6425,0.831,0.3892,0.7464
geofno,dimension_3d,prediction,1.5461,8192.0,deepjeb_3d_2d_modal,Small,20.0,mode_shapes,mode_shape_1,y,199.57,0.3419,211.7407,295.4263,95.2781,0.7151,0.5338,0.7683,0.5913,0.7464
geofno,dimension_3d,prediction,1.5461,8192.0,deepjeb_3d_2d_modal,Small,20.0,mode_shapes,mode_shape_1,z,199.57,0.3419,267.0732,370.3551,58.3973,0.78,0.4663,0.915,0.6073,0.7464
geofno,dimension_3d,prediction,1.5461,8192.0,deepjeb_3d_2d_modal,Small,20.0,mode_shapes,mode_shape_2,x,199.57,0.3419,212.9353,289.8627,116.9689,0.2405,0.8715,0.6809,0.3232,0.6884
geofno,dimension_3d,prediction,1.5461,8192.0,deepjeb_3d_2d_modal,Small,20.0,mode_shapes,mode_shape_2,y,199.57,0.3419,194.2046,337.2498,103.2113,0.4438,0.7442,0.7504,0.4499,0.6884
geofno,dimension_3d,prediction,1.5461,8192.0,deepjeb_3d_2d_modal,Small,20.0,mode_shapes,mode_shape_2,z,199.57,0.3419,288.9839,406.2672,76.7514,0.7979,0.4496,0.8287,0.648,0.6884
geofno,dimension_3d,prediction,1.5461,8192.0,deepjeb_3d_2d_modal,Medium,50.0,mode_shapes,mode_shape_1,x,895.4829,0.3436,127.8053,187.3636,79.9584,0.7165,0.5315,0.8306,0.4137,0.8023
geofno,dimension_3d,prediction,1.5461,8192.0,deepjeb_3d_2d_modal,Medium,50.0,mode_shapes,mode_shape_1,y,895.4829,0.3436,185.779,265.4818,88.4227,0.7699,0.4797,0.7907,0.6587,0.8023
geofno,dimension_3d,prediction,1.5461,8192.0,deepjeb_3d_2d_modal,Medium,50.0,mode_shapes,mode_shape_1,z,895.4829,0.3436,240.5339,332.5654,58.9305,0.8226,0.4187,0.8941,0.5827,0.8023
geofno,dimension_3d,prediction,1.5461,8192.0,deepjeb_3d_2d_modal,Medium,50.0,mode_shapes,mode_shape_2,x,895.4829,0.3436,182.1846,256.7999,103.8287,0.4038,0.7721,0.7323,0.403,0.7325
geofno,dimension_3d,prediction,1.5461,8192.0,deepjeb_3d_2d_modal,Medium,50.0,mode_shapes,mode_shape_2,y,895.4829,0.3436,177.3476,310.6969,96.8951,0.528,0.6856,0.7709,0.5159,0.7325
geofno,dimension_3d,prediction,1.5461,8192.0,deepjeb_3d_2d_modal,Medium,50.0,mode_shapes,mode_shape_2,z,895.4829,0.3436,271.6932,389.0196,71.9488,0.8147,0.4305,0.8463,0.6766,0.7325
geofno,dimension_3d,prediction,1.5461,8192.0,deepjeb_3d_2d_modal,Large,100.0,mode_shapes,mode_shape_1,x,2678.5273,0.34,96.1576,142.9496,66.124,0.835,0.4055,0.875,0.5649,0.883
geofno,dimension_3d,prediction,1.5461,8192.0,deepjeb_3d_2d_modal,Large,100.0,mode_shapes,mode_shape_1,y,2678.5273,0.34,130.0006,192.1578,67.2886,0.8795,0.3472,0.8687,0.746,0.883
geofno,dimension_3d,prediction,1.5461,8192.0,deepjeb_3d_2d_modal,Large,100.0,mode_shapes,mode_shape_1,z,2678.5273,0.34,185.6605,272.2594,46.8997,0.8811,0.3428,0.9251,0.7105,0.883
geofno,dimension_3d,prediction,1.5461,8192.0,deepjeb_3d_2d_modal,Large,100.0,mode_shapes,mode_shape_2,x,2678.5273,0.34,134.3079,203.6547,81.4191,0.6251,0.6123,0.8227,0.5437,0.8572
geofno,dimension_3d,prediction,1.5461,8192.0,deepjeb_3d_2d_modal,Large,100.0,mode_shapes,mode_shape_2,y,2678.5273,0.34,128.0938,243.4603,77.9882,0.7102,0.5372,0.8371,0.6573,0.8572
geofno,dimension_3d,prediction,1.5461,8192.0,deepjeb_3d_2d_modal,Large,100.0,mode_shapes,mode_shape_2,z,2678.5273,0.34,192.2836,278.6478,56.3896,0.9049,0.3084,0.8948,0.7544,0.8572
geofno,dimension_3d,prediction,1.5461,8192.0,deepjeb_3d_2d_modal,Extra Large,200.0,mode_shapes,mode_shape_1,x,7139.3718,0.331,88.1549,133.5212,62.5237,0.856,0.3788,0.8839,0.6195,0.9006
geofno,dimension_3d,prediction,1.5461,8192.0,deepjeb_3d_2d_modal,Extra Large,200.0,mode_shapes,mode_shape_1,y,7139.3718,0.331,111.7803,172.2373,59.8664,0.9032,0.3112,0.8926,0.7676,0.9006
geofno,dimension_3d,prediction,1.5461,8192.0,deepjeb_3d_2d_modal,Extra Large,200.0,mode_shapes,mode_shape_1,z,7139.3718,0.331,169.384,254.692,43.3396,0.896,0.3207,0.9345,0.7302,0.9006
geofno,dimension_3d,prediction,1.5461,8192.0,deepjeb_3d_2d_modal,Extra Large,200.0,mode_shapes,mode_shape_2,x,7139.3718,0.331,114.3508,180.459,72.315,0.7056,0.5426,0.8539,0.6103,0.8751
geofno,dimension_3d,prediction,1.5461,8192.0,deepjeb_3d_2d_modal,Extra Large,200.0,mode_shapes,mode_shape_2,y,7139.3718,0.331,117.6058,228.891,73.8367,0.7438,0.5051,0.848,0.682,0.8751
geofno,dimension_3d,prediction,1.5461,8192.0,deepjeb_3d_2d_modal,Extra Large,200.0,mode_shapes,mode_shape_2,z,7139.3718,0.331,179.6751,265.4836,53.6371,0.9137,0.2938,0.8999,0.7706,0.8751
geofno,dimension_3d,prediction,1.5458,8192.0,deepjeb_3d_2d_torsion,Small,20.0,displacement+stress,displacement,x,322.0007,0.1865,0.0045,0.0083,93.5809,0.7791,0.4699,0.809531,0.743607,0.7997
geofno,dimension_3d,prediction,1.5458,8192.0,deepjeb_3d_2d_torsion,Small,20.0,displacement+stress,displacement,y,322.0007,0.1865,0.0031,0.0054,121.6541,0.8179,0.4255,0.6652,0.612867,0.7997
geofno,dimension_3d,prediction,1.5458,8192.0,deepjeb_3d_2d_torsion,Small,20.0,displacement+stress,displacement,z,322.0007,0.1865,0.0035,0.0055,103.5084,0.7724,0.4768,0.752867,0.695443,0.7997
geofno,dimension_3d,prediction,1.5458,8192.0,deepjeb_3d_2d_torsion,Small,20.0,displacement+stress,stress,,322.0007,0.1865,19.8836,32.0142,123.5891,0.2801,0.8484,0.619606,0.522161,
geofno,dimension_3d,prediction,1.5458,8192.0,deepjeb_3d_2d_torsion,Medium,50.0,displacement+stress,displacement,x,786.7821,0.1862,0.0034,0.0065,81.3351,0.8646,0.3679,0.84768,0.821758,0.8842
geofno,dimension_3d,prediction,1.5458,8192.0,deepjeb_3d_2d_torsion,Medium,50.0,displacement+stress,displacement,y,786.7821,0.1862,0.0024,0.0044,108.8554,0.8779,0.3484,0.719246,0.665524,0.8842
geofno,dimension_3d,prediction,1.5458,8192.0,deepjeb_3d_2d_torsion,Medium,50.0,displacement+stress,displacement,z,786.7821,0.1862,0.0028,0.0045,92.4179,0.8465,0.3916,0.795054,0.769714,0.8842
geofno,dimension_3d,prediction,1.5458,8192.0,deepjeb_3d_2d_torsion,Medium,50.0,displacement+stress,stress,,786.7821,0.1862,17.1771,28.3175,115.2712,0.4368,0.7505,0.658967,0.601253,
geofno,dimension_3d,prediction,1.5458,8192.0,deepjeb_3d_2d_torsion,Large,100.0,displacement+stress,displacement,x,1302.9894,0.1874,0.0028,0.0055,71.7757,0.905,0.3081,0.877491,0.8538,0.919
geofno,dimension_3d,prediction,1.5458,8192.0,deepjeb_3d_2d_torsion,Large,100.0,displacement+stress,displacement,y,1302.9894,0.1874,0.002,0.0038,102.544,0.9105,0.2983,0.737559,0.722757,0.919
geofno,dimension_3d,prediction,1.5458,8192.0,deepjeb_3d_2d_torsion,Large,100.0,displacement+stress,displacement,z,1302.9894,0.1874,0.0023,0.0038,82.1771,0.889,0.3329,0.832192,0.802352,0.919
geofno,dimension_3d,prediction,1.5458,8192.0,deepjeb_3d_2d_torsion,Large,100.0,displacement+stress,stress,,1302.9894,0.1874,15.6295,26.4598,109.5178,0.5082,0.7012,0.690187,0.63788,
geofno,dimension_3d,prediction,1.5458,8192.0,deepjeb_3d_2d_torsion,Extra Large,200.0,displacement+stress,displacement,x,3018.3384,0.1876,0.0023,0.0046,64.0857,0.9332,0.2585,0.889845,0.887621,0.9502
geofno,dimension_3d,prediction,1.5458,8192.0,deepjeb_3d_2d_torsion,Extra Large,200.0,displacement+stress,displacement,y,3018.3384,0.1876,0.0016,0.003,90.6639,0.9419,0.2403,0.781808,0.764662,0.9502
geofno,dimension_3d,prediction,1.5458,8192.0,deepjeb_3d_2d_torsion,Extra Large,200.0,displacement+stress,displacement,z,3018.3384,0.1876,0.0019,0.0032,74.1602,0.9214,0.2803,0.850707,0.826676,0.9502
geofno,dimension_3d,prediction,1.5458,8192.0,deepjeb_3d_2d_torsion,Extra Large,200.0,displacement+stress,stress,,3018.3384,0.1876,13.3368,23.1611,98.1704,0.6232,0.6138,0.736955,0.695714,
geofno,dimension_3d,prediction,1.5458,8192.0,deepjeb_3d_2d_vertical,Small,20.0,displacement+stress,displacement,x,303.7167,0.1929,0.0314,0.0484,121.9955,0.4532,0.6719,0.691615,0.581338,0.6697
geofno,dimension_3d,prediction,1.5458,8192.0,deepjeb_3d_2d_vertical,Small,20.0,displacement+stress,displacement,y,303.7167,0.1929,0.0107,0.0166,135.3291,0.3957,0.7765,0.59626,0.516247,0.6697
geofno,dimension_3d,prediction,1.5458,8192.0,deepjeb_3d_2d_vertical,Small,20.0,displacement+stress,displacement,z,303.7167,0.1929,0.0556,0.0798,102.7944,0.5132,0.5606,0.758081,0.672908,0.6697
geofno,dimension_3d,prediction,1.5458,8192.0,deepjeb_3d_2d_vertical,Small,20.0,displacement+stress,stress,,303.7167,0.1929,57.2981,79.8692,130.2269,0.0877,0.9184,0.619095,0.257949,
geofno,dimension_3d,prediction,1.5458,8192.0,deepjeb_3d_2d_vertical,Medium,50.0,displacement+stress,displacement,x,823.6713,0.1944,0.0214,0.0344,103.3876,0.7238,0.4775,0.745254,0.750503,0.8579
geofno,dimension_3d,prediction,1.5458,8192.0,deepjeb_3d_2d_vertical,Medium,50.0,displacement+stress,displacement,y,823.6713,0.1944,0.0083,0.0132,114.8712,0.617,0.6182,0.687546,0.641187,0.8579
geofno,dimension_3d,prediction,1.5458,8192.0,deepjeb_3d_2d_vertical,Medium,50.0,displacement+stress,displacement,z,823.6713,0.1944,0.0347,0.0536,82.8413,0.7809,0.3761,0.830458,0.819604,0.8579
geofno,dimension_3d,prediction,1.5458,8192.0,deepjeb_3d_2d_vertical,Medium,50.0,displacement+stress,stress,,823.6713,0.1944,48.6705,69.8162,112.1293,0.3029,0.8028,0.689911,0.401368,
geofno,dimension_3d,prediction,1.5458,8192.0,deepjeb_3d_2d_vertical,Large,100.0,displacement+stress,displacement,x,1612.5197,0.1945,0.0154,0.0257,86.6382,0.8454,0.3572,0.805562,0.830872,0.926
geofno,dimension_3d,prediction,1.5458,8192.0,deepjeb_3d_2d_vertical,Large,100.0,displacement+stress,displacement,y,1612.5197,0.1945,0.0071,0.0113,105.8137,0.7173,0.5311,0.725868,0.697121,0.926
geofno,dimension_3d,prediction,1.5458,8192.0,deepjeb_3d_2d_vertical,Large,100.0,displacement+stress,displacement,z,1612.5197,0.1945,0.0256,0.0395,73.349,0.8807,0.2775,0.85583,0.885958,0.926
geofno,dimension_3d,prediction,1.5458,8192.0,deepjeb_3d_2d_vertical,Large,100.0,displacement+stress,stress,,1612.5197,0.1945,44.1483,64.2036,102.7544,0.4105,0.7383,0.726819,0.46422,
geofno,dimension_3d,prediction,1.5458,8192.0,deepjeb_3d_2d_vertical,Extra Large,200.0,displacement+stress,displacement,x,3160.0524,0.1953,0.0104,0.0176,70.6995,0.9277,0.2442,0.850635,0.884015,0.9702
geofno,dimension_3d,prediction,1.5458,8192.0,deepjeb_3d_2d_vertical,Extra Large,200.0,displacement+stress,displacement,y,3160.0524,0.1953,0.0049,0.0083,81.0008,0.8478,0.3897,0.822775,0.791016,0.9702
geofno,dimension_3d,prediction,1.5458,8192.0,deepjeb_3d_2d_vertical,Extra Large,200.0,displacement+stress,displacement,z,3160.0524,0.1953,0.0168,0.0264,62.2333,0.9467,0.1855,0.864862,0.91799,0.9702
geofno,dimension_3d,prediction,1.5458,8192.0,deepjeb_3d_2d_vertical,Extra Large,200.0,displacement+stress,stress,,3160.0524,0.1953,36.4219,54.1935,86.0917,0.58,0.6232,0.786081,0.547836,
geofno,dimension_3d,prediction,1.5458,8192.0,drivaerml_3d_2d_surface,Small,20.0,pressure+wall_shear_stress,pressure,,199.0015,0.0157,129.4299,207.5782,58.2153,0.4055,0.5865,0.8988,0.5258,
geofno,dimension_3d,prediction,1.5458,8192.0,drivaerml_3d_2d_surface,Small,20.0,pressure+wall_shear_stress,wall_shear_stress,x,199.0015,0.0157,1.0363,1.5959,114.7802,0.4105,0.6647,0.7165,0.5111,0.4053
geofno,dimension_3d,prediction,1.5458,8192.0,drivaerml_3d_2d_surface,Small,20.0,pressure+wall_shear_stress,wall_shear_stress,y,199.0015,0.0157,0.6064,1.3012,147.966,0.0767,0.9609,0.5538,0.2915,0.4053
geofno,dimension_3d,prediction,1.5458,8192.0,drivaerml_3d_2d_surface,Small,20.0,pressure+wall_shear_stress,wall_shear_stress,z,199.0015,0.0157,0.5663,1.0101,140.3282,0.1725,0.9078,0.6016,0.3031,0.4053
geofno,dimension_3d,prediction,1.5458,8192.0,drivaerml_3d_2d_surface,Medium,50.0,pressure+wall_shear_stress,pressure,,238.0283,0.015,117.4296,189.0624,53.0156,0.5068,0.5342,0.9153,0.6232,
geofno,dimension_3d,prediction,1.5458,8192.0,drivaerml_3d_2d_surface,Medium,50.0,pressure+wall_shear_stress,wall_shear_stress,x,238.0283,0.015,0.99,1.5227,113.2918,0.4633,0.6342,0.7193,0.5429,0.4567
geofno,dimension_3d,prediction,1.5458,8192.0,drivaerml_3d_2d_surface,Medium,50.0,pressure+wall_shear_stress,wall_shear_stress,y,238.0283,0.015,0.6134,1.2557,147.3311,0.1401,0.9273,0.556,0.3675,0.4567
geofno,dimension_3d,prediction,1.5458,8192.0,drivaerml_3d_2d_surface,Medium,50.0,pressure+wall_shear_stress,wall_shear_stress,z,238.0283,0.015,0.5359,0.9538,135.4041,0.2621,0.8572,0.62,0.3853,0.4567
geofno,dimension_3d,prediction,1.5458,8192.0,drivaerml_3d_2d_surface,Large,100.0,pressure+wall_shear_stress,pressure,,308.3124,0.0155,106.8827,172.9539,49.7034,0.5873,0.4887,0.9254,0.6463,
geofno,dimension_3d,prediction,1.5458,8192.0,drivaerml_3d_2d_surface,Large,100.0,pressure+wall_shear_stress,wall_shear_stress,x,308.3124,0.0155,0.9299,1.4309,111.8873,0.5261,0.596,0.7184,0.5669,0.5166
geofno,dimension_3d,prediction,1.5458,8192.0,drivaerml_3d_2d_surface,Large,100.0,pressure+wall_shear_stress,wall_shear_stress,y,308.3124,0.0155,0.6006,1.1709,142.869,0.2523,0.8647,0.5735,0.4399,0.5166
geofno,dimension_3d,prediction,1.5458,8192.0,drivaerml_3d_2d_surface,Large,100.0,pressure+wall_shear_stress,wall_shear_stress,z,308.3124,0.0155,0.5141,0.9261,132.9578,0.3043,0.8324,0.629,0.4104,0.5166
geofno,dimension_3d,prediction,1.5458,8192.0,drivaerml_3d_2d_surface,Extra Large,200.0,pressure+wall_shear_stress,pressure,,451.1472,0.016,100.2437,162.711,48.3423,0.6347,0.4598,0.9279,0.6904,
geofno,dimension_3d,prediction,1.5458,8192.0,drivaerml_3d_2d_surface,Extra Large,200.0,pressure+wall_shear_stress,wall_shear_stress,x,451.1472,0.016,0.8884,1.3744,109.9598,0.5628,0.5724,0.7223,0.5933,0.5526
geofno,dimension_3d,prediction,1.5458,8192.0,drivaerml_3d_2d_surface,Extra Large,200.0,pressure+wall_shear_stress,wall_shear_stress,y,451.1472,0.016,0.5872,1.1298,141.5443,0.3039,0.8343,0.5817,0.4708,0.5526
geofno,dimension_3d,prediction,1.5458,8192.0,drivaerml_3d_2d_surface,Extra Large,200.0,pressure+wall_shear_stress,wall_shear_stress,z,451.1472,0.016,0.4984,0.8909,130.2719,0.3562,0.8007,0.6379,0.468,0.5526
geofno,dimension_3d,prediction,1.5461,8192.0,drivaerml_3d_3d_volume,Small,20.0,pressure_coeff+velocity+vorticity,totalpcoeff,,196.3043,0.0183,0.2862,0.3756,108.763,0.4367,0.71,0.743,0.4897,
geofno,dimension_3d,prediction,1.5461,8192.0,drivaerml_3d_3d_volume,Small,20.0,pressure_coeff+velocity+vorticity,velocity,x,196.3043,0.0183,9.7021,12.3677,87.9811,0.4321,0.5268,0.7991,0.3578,0.6229
geofno,dimension_3d,prediction,1.5461,8192.0,drivaerml_3d_3d_volume,Small,20.0,pressure_coeff+velocity+vorticity,velocity,y,196.3043,0.0183,4.8077,7.9394,139.6902,0.1522,0.9207,0.6058,0.2588,0.6229
geofno,dimension_3d,prediction,1.5461,8192.0,drivaerml_3d_3d_volume,Small,20.0,pressure_coeff+velocity+vorticity,velocity,z,196.3043,0.0183,3.8568,6.0564,143.4988,0.167,0.9109,0.5926,0.3345,0.6229
geofno,dimension_3d,prediction,1.5461,8192.0,drivaerml_3d_3d_volume,Small,20.0,pressure_coeff+velocity+vorticity,vorticity,x,196.3043,0.0183,4.8488,5.4236,174.2748,0.0115,0.9942,0.5435,0.0068,
geofno,dimension_3d,prediction,1.5461,8192.0,drivaerml_3d_3d_volume,Small,20.0,pressure_coeff+velocity+vorticity,vorticity,y,196.3043,0.0183,4.8639,5.507,150.619,0.0892,0.9455,0.6214,0.0305,
geofno,dimension_3d,prediction,1.5461,8192.0,drivaerml_3d_3d_volume,Small,20.0,pressure_coeff+velocity+vorticity,vorticity,z,196.3043,0.0183,4.5428,5.1591,148.2086,0.1068,0.9451,0.6163,0.0779,
geofno,dimension_3d,prediction,1.5461,8192.0,drivaerml_3d_3d_volume,Medium,50.0,pressure_coeff+velocity+vorticity,totalpcoeff,,247.5454,0.018,0.2575,0.3444,98.0304,0.5263,0.6511,0.7798,0.5043,
geofno,dimension_3d,prediction,1.5461,8192.0,drivaerml_3d_3d_volume,Medium,50.0,pressure_coeff+velocity+vorticity,velocity,x,247.5454,0.018,9.0609,11.7029,86.1021,0.4915,0.4985,0.8025,0.3568,0.6722
geofno,dimension_3d,prediction,1.5461,8192.0,drivaerml_3d_3d_volume,Medium,50.0,pressure_coeff+velocity+vorticity,velocity,y,247.5454,0.018,4.7087,7.2275,135.871,0.2975,0.8382,0.6074,0.4422,0.6722
geofno,dimension_3d,prediction,1.5461,8192.0,drivaerml_3d_3d_volume,Medium,50.0,pressure_coeff+velocity+vorticity,velocity,z,247.5454,0.018,3.5921,5.5036,136.524,0.3121,0.8278,0.6255,0.4285,0.6722
geofno,dimension_3d,prediction,1.5461,8192.0,drivaerml_3d_3d_volume,Medium,50.0,pressure_coeff+velocity+vorticity,vorticity,x,247.5454,0.018,4.806,5.4057,167.671,0.018,0.9909,0.5511,0.0381,
geofno,dimension_3d,prediction,1.5461,8192.0,drivaerml_3d_3d_volume,Medium,50.0,pressure_coeff+velocity+vorticity,vorticity,y,247.5454,0.018,4.774,5.4665,146.2448,0.1026,0.9386,0.628,0.032,
geofno,dimension_3d,prediction,1.5461,8192.0,drivaerml_3d_3d_volume,Medium,50.0,pressure_coeff+velocity+vorticity,vorticity,z,247.5454,0.018,4.3736,5.0464,143.1025,0.1454,0.9244,0.6211,0.1498,
geofno,dimension_3d,prediction,1.5461,8192.0,drivaerml_3d_3d_volume,Large,100.0,pressure_coeff+velocity+vorticity,totalpcoeff,,313.7985,0.016,0.2494,0.339,93.3701,0.541,0.6409,0.7956,0.5242,
geofno,dimension_3d,prediction,1.5461,8192.0,drivaerml_3d_3d_volume,Large,100.0,pressure_coeff+velocity+vorticity,velocity,x,313.7985,0.016,8.5125,11.1,84.0711,0.5425,0.4728,0.806,0.3834,0.7057
geofno,dimension_3d,prediction,1.5461,8192.0,drivaerml_3d_3d_volume,Large,100.0,pressure_coeff+velocity+vorticity,velocity,y,313.7985,0.016,4.3539,6.6094,128.8452,0.4125,0.7665,0.6412,0.4997,0.7057
geofno,dimension_3d,prediction,1.5461,8192.0,drivaerml_3d_3d_volume,Large,100.0,pressure_coeff+velocity+vorticity,velocity,z,313.7985,0.016,3.6573,5.498,135.3558,0.3135,0.8269,0.6286,0.3946,0.7057
geofno,dimension_3d,prediction,1.5461,8192.0,drivaerml_3d_3d_volume,Large,100.0,pressure_coeff+velocity+vorticity,vorticity,x,313.7985,0.016,4.7487,5.3653,164.2554,0.0327,0.9835,0.5638,0.0452,
geofno,dimension_3d,prediction,1.5461,8192.0,drivaerml_3d_3d_volume,Large,100.0,pressure_coeff+velocity+vorticity,vorticity,y,313.7985,0.016,4.7036,5.4235,143.7238,0.1166,0.9312,0.6395,0.0331,
geofno,dimension_3d,prediction,1.5461,8192.0,drivaerml_3d_3d_volume,Large,100.0,pressure_coeff+velocity+vorticity,vorticity,z,313.7985,0.016,4.2007,4.9314,134.6335,0.1839,0.9034,0.6448,0.1505,
geofno,dimension_3d,prediction,1.5461,8192.0,drivaerml_3d_3d_volume,Extra Large,200.0,pressure_coeff+velocity+vorticity,totalpcoeff,,466.0517,0.0179,0.2239,0.3115,82.4852,0.6125,0.5889,0.8222,0.55,
geofno,dimension_3d,prediction,1.5461,8192.0,drivaerml_3d_3d_volume,Extra Large,200.0,pressure_coeff+velocity+vorticity,velocity,x,466.0517,0.0179,7.8914,10.442,80.7859,0.5952,0.4448,0.8142,0.4374,0.7391
geofno,dimension_3d,prediction,1.5461,8192.0,drivaerml_3d_3d_volume,Extra Large,200.0,pressure_coeff+velocity+vorticity,velocity,y,466.0517,0.0179,4.2645,6.4616,126.0885,0.4385,0.7493,0.652,0.5297,0.7391
geofno,dimension_3d,prediction,1.5461,8192.0,drivaerml_3d_3d_volume,Extra Large,200.0,pressure_coeff+velocity+vorticity,velocity,z,466.0517,0.0179,3.2616,4.8962,128.0254,0.4555,0.7364,0.6599,0.5115,0.7391
geofno,dimension_3d,prediction,1.5461,8192.0,drivaerml_3d_3d_volume,Extra Large,200.0,pressure_coeff+velocity+vorticity,vorticity,x,466.0517,0.0179,4.71,5.3399,162.187,0.0418,0.9789,0.5712,0.0634,
geofno,dimension_3d,prediction,1.5461,8192.0,drivaerml_3d_3d_volume,Extra Large,200.0,pressure_coeff+velocity+vorticity,vorticity,y,466.0517,0.0179,4.6448,5.392,141.9462,0.1269,0.9258,0.642,0.0369,
geofno,dimension_3d,prediction,1.5461,8192.0,drivaerml_3d_3d_volume,Extra Large,200.0,pressure_coeff+velocity+vorticity,vorticity,z,466.0517,0.0179,4.1698,4.8948,136.1003,0.196,0.8967,0.647,0.1945,
geofno,dimension_3d,prediction,1.5458,8192.0,drivaernet_3d_2d_centerplane,Small,20.0,pressure+velocity,pressure,,113.13,0.739,45.3142,68.1963,76.06,0.7083,0.5211,0.866346,0.590982,
geofno,dimension_3d,prediction,1.5458,8192.0,drivaernet_3d_2d_centerplane,Small,20.0,pressure+velocity,velocity,x,113.13,0.739,6.9645,9.3799,59.0558,0.5182,0.4039,0.884011,0.369043,0.8217
geofno,dimension_3d,prediction,1.5458,8192.0,drivaernet_3d_2d_centerplane,Small,20.0,pressure+velocity,velocity,y,113.13,0.739,0.9698,1.6757,129.6739,0.126,0.9293,0.653621,0.318901,0.8217
geofno,dimension_3d,prediction,1.5458,8192.0,drivaernet_3d_2d_centerplane,Small,20.0,pressure+velocity,velocity,z,113.13,0.739,2.3544,3.2553,102.8294,0.5326,0.6692,0.754592,0.509394,0.8217
geofno,dimension_3d,prediction,1.5458,8192.0,drivaernet_3d_2d_centerplane,Medium,50.0,pressure+velocity,pressure,,164.267,0.7384,38.5807,60.8294,70.0163,0.7679,0.4648,0.878083,0.631778,
geofno,dimension_3d,prediction,1.5458,8192.0,drivaernet_3d_2d_centerplane,Medium,50.0,pressure+velocity,velocity,x,164.267,0.7384,5.5607,7.9832,51.2719,0.651,0.3438,0.901369,0.51516,0.8687
geofno,dimension_3d,prediction,1.5458,8192.0,drivaernet_3d_2d_centerplane,Medium,50.0,pressure+velocity,velocity,y,164.267,0.7384,0.9293,1.6157,122.3245,0.1875,0.896,0.681716,0.357626,0.8687
geofno,dimension_3d,prediction,1.5458,8192.0,drivaernet_3d_2d_centerplane,Medium,50.0,pressure+velocity,velocity,z,164.267,0.7384,1.9587,2.858,95.0152,0.6397,0.5876,0.769736,0.593795,0.8687
geofno,dimension_3d,prediction,1.5458,8192.0,drivaernet_3d_2d_centerplane,Large,100.0,pressure+velocity,pressure,,245.3186,0.7411,35.9051,55.8272,68.1652,0.8045,0.4266,0.879377,0.701866,
geofno,dimension_3d,prediction,1.5458,8192.0,drivaernet_3d_2d_centerplane,Large,100.0,pressure+velocity,velocity,x,245.3186,0.7411,5.0467,7.3633,47.3455,0.7031,0.3171,0.910136,0.561795,0.8884
geofno,dimension_3d,prediction,1.5458,8192.0,drivaernet_3d_2d_centerplane,Large,100.0,pressure+velocity,velocity,y,245.3186,0.7411,0.9016,1.581,119.3873,0.222,0.8768,0.688877,0.378317,0.8884
geofno,dimension_3d,prediction,1.5458,8192.0,drivaernet_3d_2d_centerplane,Large,100.0,pressure+velocity,velocity,z,245.3186,0.7411,1.7433,2.5787,84.1154,0.7067,0.5301,0.812506,0.662291,0.8884
geofno,dimension_3d,prediction,1.5458,8192.0,drivaernet_3d_2d_centerplane,Extra Large,200.0,pressure+velocity,pressure,,317.7262,0.7385,32.0198,50.0878,62.8901,0.8427,0.3828,0.899085,0.698005,
geofno,dimension_3d,prediction,1.5458,8192.0,drivaernet_3d_2d_centerplane,Extra Large,200.0,pressure+velocity,velocity,x,317.7262,0.7385,4.2567,6.3979,44.1503,0.7759,0.2755,0.914752,0.707612,0.9135
geofno,dimension_3d,prediction,1.5458,8192.0,drivaernet_3d_2d_centerplane,Extra Large,200.0,pressure+velocity,velocity,y,317.7262,0.7385,0.8877,1.5666,116.1579,0.2361,0.8688,0.694445,0.393179,0.9135
geofno,dimension_3d,prediction,1.5458,8192.0,drivaernet_3d_2d_centerplane,Extra Large,200.0,pressure+velocity,velocity,z,317.7262,0.7385,1.6063,2.4026,83.1643,0.7454,0.4939,0.810663,0.698427,0.9135
geofno,dimension_3d,prediction,1.5454,8192.0,drivaernet_3d_2d_surface,Small,20.0,pressure,pressure,,45.3045,0.172,50.7737,84.045,49.8817,0.4659,0.566,0.9437,0.5236,
geofno,dimension_3d,prediction,1.5454,8192.0,drivaernet_3d_2d_surface,Medium,50.0,pressure,pressure,,124.7497,0.113,42.678,72.5722,43.8427,0.6018,0.4887,0.9536,0.5996,
geofno,dimension_3d,prediction,1.5454,8192.0,drivaernet_3d_2d_surface,Large,100.0,pressure,pressure,,176.9332,0.1145,42.6818,71.2352,46.062,0.6163,0.4797,0.9508,0.622,
geofno,dimension_3d,prediction,1.5454,8192.0,drivaernet_3d_2d_surface,Extra Large,200.0,pressure,pressure,,360.5876,0.113,32.3606,55.285,37.2307,0.7689,0.3723,0.9618,0.7462,
geotransolver,dimension_3d,prediction,29.4907,8192.0,drivaerml_3d_2d_surface,Small,20.0,pressure+wall_shear_stress,pressure,,12540.0,0.0963,24.9893,43.7691,15.0037,0.9736,0.1237,0.9893,0.9222,
geotransolver,dimension_3d,prediction,29.4907,8192.0,drivaerml_3d_2d_surface,Small,20.0,pressure+wall_shear_stress,wall_shear_stress,x,12540.0,0.0963,0.2118,0.3983,52.8609,0.9633,0.1659,0.899,0.9111,0.9602
geotransolver,dimension_3d,prediction,29.4907,8192.0,drivaerml_3d_2d_surface,Small,20.0,pressure+wall_shear_stress,wall_shear_stress,y,12540.0,0.0963,0.1516,0.3331,73.3989,0.9395,0.246,0.84,0.8896,0.9602
geotransolver,dimension_3d,prediction,29.4907,8192.0,drivaerml_3d_2d_surface,Small,20.0,pressure+wall_shear_stress,wall_shear_stress,z,12540.0,0.0963,0.1442,0.2935,63.3305,0.9301,0.2638,0.8765,0.8686,0.9602
geotransolver,dimension_3d,prediction,29.4907,8192.0,drivaerml_3d_2d_surface,Medium,50.0,pressure+wall_shear_stress,pressure,,19800.0,0.0963,14.4628,25.7617,9.5202,0.9908,0.0728,0.9938,0.9513,
geotransolver,dimension_3d,prediction,29.4907,8192.0,drivaerml_3d_2d_surface,Medium,50.0,pressure+wall_shear_stress,wall_shear_stress,x,19800.0,0.0963,0.1322,0.2554,40.4175,0.9849,0.1064,0.9306,0.9464,0.9837
geotransolver,dimension_3d,prediction,29.4907,8192.0,drivaerml_3d_2d_surface,Medium,50.0,pressure+wall_shear_stress,wall_shear_stress,y,19800.0,0.0963,0.0931,0.2138,56.245,0.9751,0.1579,0.891,0.9333,0.9837
geotransolver,dimension_3d,prediction,29.4907,8192.0,drivaerml_3d_2d_surface,Medium,50.0,pressure+wall_shear_stress,wall_shear_stress,z,19800.0,0.0963,0.0906,0.1845,48.1291,0.9724,0.1658,0.9162,0.9182,0.9837
geotransolver,dimension_3d,prediction,29.4907,8192.0,drivaerml_3d_2d_surface,Large,100.0,pressure+wall_shear_stress,pressure,,31980.0,0.0963,11.3231,20.075,7.6407,0.9944,0.0567,0.9953,0.9604,
geotransolver,dimension_3d,prediction,29.4907,8192.0,drivaerml_3d_2d_surface,Large,100.0,pressure+wall_shear_stress,wall_shear_stress,x,31980.0,0.0963,0.1051,0.2073,34.6634,0.99,0.0864,0.9438,0.9571,0.9896
geotransolver,dimension_3d,prediction,29.4907,8192.0,drivaerml_3d_2d_surface,Large,100.0,pressure+wall_shear_stress,wall_shear_stress,y,31980.0,0.0963,0.0716,0.1654,46.9363,0.9851,0.1221,0.9168,0.9495,0.9896
geotransolver,dimension_3d,prediction,29.4907,8192.0,drivaerml_3d_2d_surface,Large,100.0,pressure+wall_shear_stress,wall_shear_stress,z,31980.0,0.0963,0.0718,0.1493,40.9809,0.9819,0.1342,0.9331,0.9342,0.9896
geotransolver,dimension_3d,prediction,29.4907,8192.0,drivaerml_3d_2d_surface,Extra Large,200.0,pressure+wall_shear_stress,pressure,,56280.0,0.0963,9.3454,16.5014,6.3627,0.9962,0.0466,0.9962,0.966,
geotransolver,dimension_3d,prediction,29.4907,8192.0,drivaerml_3d_2d_surface,Extra Large,200.0,pressure+wall_shear_stress,wall_shear_stress,x,56280.0,0.0963,0.0892,0.1801,30.9132,0.9925,0.075,0.952,0.9635,0.9925
geotransolver,dimension_3d,prediction,29.4907,8192.0,drivaerml_3d_2d_surface,Extra Large,200.0,pressure+wall_shear_stress,wall_shear_stress,y,56280.0,0.0963,0.0597,0.136,41.4645,0.9899,0.1004,0.9304,0.9576,0.9925
geotransolver,dimension_3d,prediction,29.4907,8192.0,drivaerml_3d_2d_surface,Extra Large,200.0,pressure+wall_shear_stress,wall_shear_stress,z,56280.0,0.0963,0.0603,0.1256,36.1662,0.9872,0.1129,0.944,0.9444,0.9925
geotransolver,dimension_3d,prediction,29.4925,8192.0,drivaerml_3d_3d_volume,Small,20.0,pressure_coeff+velocity+vorticity,totalpcoeff,,6600.0,0.1097,0.0489,0.0852,25.519,0.971,0.1611,0.9653,0.897,
geotransolver,dimension_3d,prediction,29.4925,8192.0,drivaerml_3d_3d_volume,Small,20.0,pressure_coeff+velocity+vorticity,velocity,x,6600.0,0.1097,1.7242,2.8191,36.5694,0.9705,0.1201,0.9338,0.928,0.9771
geotransolver,dimension_3d,prediction,29.4925,8192.0,drivaerml_3d_3d_volume,Small,20.0,pressure_coeff+velocity+vorticity,velocity,y,6600.0,0.1097,1.1855,2.017,59.5113,0.9453,0.2339,0.8798,0.9018,0.9771
geotransolver,dimension_3d,prediction,29.4925,8192.0,drivaerml_3d_3d_volume,Small,20.0,pressure_coeff+velocity+vorticity,velocity,z,6600.0,0.1097,1.0452,1.8386,63.865,0.9232,0.2765,0.8702,0.8605,0.9771
geotransolver,dimension_3d,prediction,29.4925,8192.0,drivaerml_3d_3d_volume,Small,20.0,pressure_coeff+velocity+vorticity,vorticity,x,6600.0,0.1097,1.857,3.3546,60.3586,0.6219,0.6149,0.8133,0.7606,
geotransolver,dimension_3d,prediction,29.4925,8192.0,drivaerml_3d_3d_volume,Small,20.0,pressure_coeff+velocity+vorticity,vorticity,y,6600.0,0.1097,1.6974,3.3421,48.6096,0.6645,0.5738,0.8492,0.7863,
geotransolver,dimension_3d,prediction,29.4925,8192.0,drivaerml_3d_3d_volume,Small,20.0,pressure_coeff+velocity+vorticity,vorticity,z,6600.0,0.1097,1.6206,3.0964,51.4507,0.6782,0.5672,0.8449,0.7037,
geotransolver,dimension_3d,prediction,29.4925,8192.0,drivaerml_3d_3d_volume,Medium,50.0,pressure_coeff+velocity+vorticity,totalpcoeff,,10860.0,0.1011,0.034,0.0595,19.3215,0.9859,0.1125,0.9764,0.9191,
geotransolver,dimension_3d,prediction,29.4925,8192.0,drivaerml_3d_3d_volume,Medium,50.0,pressure_coeff+velocity+vorticity,velocity,x,10860.0,0.1011,1.2229,1.988,29.7941,0.9853,0.0847,0.9503,0.9488,0.9887
geotransolver,dimension_3d,prediction,29.4925,8192.0,drivaerml_3d_3d_volume,Medium,50.0,pressure_coeff+velocity+vorticity,velocity,y,10860.0,0.1011,0.8299,1.4186,48.4396,0.9729,0.1645,0.9116,0.9343,0.9887
geotransolver,dimension_3d,prediction,29.4925,8192.0,drivaerml_3d_3d_volume,Medium,50.0,pressure_coeff+velocity+vorticity,velocity,z,10860.0,0.1011,0.7285,1.2693,52.9041,0.9634,0.1909,0.9,0.9049,0.9887
geotransolver,dimension_3d,prediction,29.4925,8192.0,drivaerml_3d_3d_volume,Medium,50.0,pressure_coeff+velocity+vorticity,vorticity,x,10860.0,0.1011,1.4831,2.8558,51.7145,0.7259,0.5235,0.8427,0.8169,
geotransolver,dimension_3d,prediction,29.4925,8192.0,drivaerml_3d_3d_volume,Medium,50.0,pressure_coeff+velocity+vorticity,vorticity,y,10860.0,0.1011,1.347,2.8453,41.1397,0.7569,0.4885,0.8759,0.8288,
geotransolver,dimension_3d,prediction,29.4925,8192.0,drivaerml_3d_3d_volume,Medium,50.0,pressure_coeff+velocity+vorticity,vorticity,z,10860.0,0.1011,1.3122,2.6729,44.6996,0.7602,0.4896,0.8676,0.7701,
geotransolver,dimension_3d,prediction,29.4925,8192.0,drivaerml_3d_3d_volume,Large,100.0,pressure_coeff+velocity+vorticity,totalpcoeff,,17820.0,0.1014,0.0283,0.0497,16.7457,0.9902,0.0939,0.9806,0.9275,
geotransolver,dimension_3d,prediction,29.4925,8192.0,drivaerml_3d_3d_volume,Large,100.0,pressure_coeff+velocity+vorticity,velocity,x,17820.0,0.1014,1.0166,1.6517,26.5966,0.9899,0.0704,0.9574,0.9574,0.9923
geotransolver,dimension_3d,prediction,29.4925,8192.0,drivaerml_3d_3d_volume,Large,100.0,pressure_coeff+velocity+vorticity,velocity,y,17820.0,0.1014,0.687,1.1692,43.3554,0.9816,0.1356,0.9248,0.9478,0.9923
geotransolver,dimension_3d,prediction,29.4925,8192.0,drivaerml_3d_3d_volume,Large,100.0,pressure_coeff+velocity+vorticity,velocity,z,17820.0,0.1014,0.6008,1.043,48.0187,0.9753,0.1569,0.9119,0.923,0.9923
geotransolver,dimension_3d,prediction,29.4925,8192.0,drivaerml_3d_3d_volume,Large,100.0,pressure_coeff+velocity+vorticity,vorticity,x,17820.0,0.1014,1.2824,2.5793,47.2757,0.7764,0.4728,0.8584,0.8514,
geotransolver,dimension_3d,prediction,29.4925,8192.0,drivaerml_3d_3d_volume,Large,100.0,pressure_coeff+velocity+vorticity,vorticity,y,17820.0,0.1014,1.1592,2.5705,36.9799,0.8016,0.4413,0.8901,0.8522,
geotransolver,dimension_3d,prediction,29.4925,8192.0,drivaerml_3d_3d_volume,Large,100.0,pressure_coeff+velocity+vorticity,vorticity,z,17820.0,0.1014,1.1471,2.4178,41.1477,0.8038,0.4429,0.8807,0.8038,
geotransolver,dimension_3d,prediction,29.4925,8192.0,drivaerml_3d_3d_volume,Extra Large,200.0,pressure_coeff+velocity+vorticity,totalpcoeff,,32040.0,0.1007,0.024,0.0418,14.7914,0.993,0.0791,0.9836,0.9404,
geotransolver,dimension_3d,prediction,29.4925,8192.0,drivaerml_3d_3d_volume,Extra Large,200.0,pressure_coeff+velocity+vorticity,velocity,x,32040.0,0.1007,0.8691,1.4042,24.0936,0.9927,0.0598,0.9627,0.9636,0.9945
geotransolver,dimension_3d,prediction,29.4925,8192.0,drivaerml_3d_3d_volume,Extra Large,200.0,pressure_coeff+velocity+vorticity,velocity,y,32040.0,0.1007,0.586,0.9857,39.5068,0.9869,0.1143,0.9342,0.9568,0.9945
geotransolver,dimension_3d,prediction,29.4925,8192.0,drivaerml_3d_3d_volume,Extra Large,200.0,pressure_coeff+velocity+vorticity,velocity,z,32040.0,0.1007,0.5056,0.8679,43.8917,0.9829,0.1305,0.9215,0.9364,0.9945
geotransolver,dimension_3d,prediction,29.4925,8192.0,drivaerml_3d_3d_volume,Extra Large,200.0,pressure_coeff+velocity+vorticity,vorticity,x,32040.0,0.1007,1.1406,2.3613,44.0833,0.8126,0.4329,0.8708,0.8723,
geotransolver,dimension_3d,prediction,29.4925,8192.0,drivaerml_3d_3d_volume,Extra Large,200.0,pressure_coeff+velocity+vorticity,vorticity,y,32040.0,0.1007,1.021,2.3625,33.9612,0.8324,0.4056,0.9003,0.8751,
geotransolver,dimension_3d,prediction,29.4925,8192.0,drivaerml_3d_3d_volume,Extra Large,200.0,pressure_coeff+velocity+vorticity,vorticity,z,32040.0,0.1007,1.0187,2.2174,38.3756,0.835,0.4062,0.8903,0.832,
linearno,dimension_3d,prediction,3.3265,8192.0,drivaerml_3d_2d_surface,Small,20.0,pressure+wall_shear_stress,pressure,,170.9893,0.0236,123.8916,192.5859,53.6531,0.4882,0.5442,0.9279,0.5473,
linearno,dimension_3d,prediction,3.3265,8192.0,drivaerml_3d_2d_surface,Small,20.0,pressure+wall_shear_stress,wall_shear_stress,x,170.9893,0.0236,0.9682,1.5369,113.3996,0.4533,0.6401,0.7127,0.5491,0.4882
linearno,dimension_3d,prediction,3.3265,8192.0,drivaerml_3d_2d_surface,Small,20.0,pressure+wall_shear_stress,wall_shear_stress,y,170.9893,0.0236,0.5236,1.1582,148.8846,0.2685,0.8553,0.5625,0.4806,0.4882
linearno,dimension_3d,prediction,3.3265,8192.0,drivaerml_3d_2d_surface,Small,20.0,pressure+wall_shear_stress,wall_shear_stress,z,170.9893,0.0236,0.4978,0.9072,130.9701,0.3324,0.8154,0.6352,0.4567,0.4882
linearno,dimension_3d,prediction,3.3265,8192.0,drivaerml_3d_2d_surface,Medium,50.0,pressure+wall_shear_stress,pressure,,224.1049,0.0241,96.426,162.8951,42.6769,0.6339,0.4603,0.9427,0.6369,
linearno,dimension_3d,prediction,3.3265,8192.0,drivaerml_3d_2d_surface,Medium,50.0,pressure+wall_shear_stress,wall_shear_stress,x,224.1049,0.0241,0.8444,1.3905,107.1289,0.5525,0.5792,0.7327,0.6058,0.5559
linearno,dimension_3d,prediction,3.3265,8192.0,drivaerml_3d_2d_surface,Medium,50.0,pressure+wall_shear_stress,wall_shear_stress,y,224.1049,0.0241,0.5109,1.1472,143.3389,0.2823,0.8472,0.5836,0.5126,0.5559
linearno,dimension_3d,prediction,3.3265,8192.0,drivaerml_3d_2d_surface,Medium,50.0,pressure+wall_shear_stress,wall_shear_stress,z,224.1049,0.0241,0.4501,0.8242,121.8505,0.4491,0.7407,0.6728,0.5089,0.5559
linearno,dimension_3d,prediction,3.3265,8192.0,drivaerml_3d_2d_surface,Large,100.0,pressure+wall_shear_stress,pressure,,299.1335,0.0227,91.99,158.1348,40.809,0.655,0.4468,0.946,0.6472,
linearno,dimension_3d,prediction,3.3265,8192.0,drivaerml_3d_2d_surface,Large,100.0,pressure+wall_shear_stress,wall_shear_stress,x,299.1335,0.0227,0.8122,1.3509,105.2279,0.5776,0.5626,0.7356,0.6265,0.5752
linearno,dimension_3d,prediction,3.3265,8192.0,drivaerml_3d_2d_surface,Large,100.0,pressure+wall_shear_stress,wall_shear_stress,y,299.1335,0.0227,0.5033,1.1367,139.866,0.2954,0.8394,0.5952,0.5152,0.5752
linearno,dimension_3d,prediction,3.3265,8192.0,drivaerml_3d_2d_surface,Large,100.0,pressure+wall_shear_stress,wall_shear_stress,z,299.1335,0.0227,0.4336,0.8006,119.2154,0.4801,0.7195,0.6788,0.5302,0.5752
linearno,dimension_3d,prediction,3.3265,8192.0,drivaerml_3d_2d_surface,Extra Large,200.0,pressure+wall_shear_stress,pressure,,583.7084,0.0239,75.5045,146.1837,34.5054,0.7051,0.4131,0.9535,0.7138,
linearno,dimension_3d,prediction,3.3265,8192.0,drivaerml_3d_2d_surface,Extra Large,200.0,pressure+wall_shear_stress,wall_shear_stress,x,583.7084,0.0239,0.6708,1.1873,96.2065,0.6737,0.4945,0.7635,0.6837,0.624
linearno,dimension_3d,prediction,3.3265,8192.0,drivaerml_3d_2d_surface,Extra Large,200.0,pressure+wall_shear_stress,wall_shear_stress,y,583.7084,0.0239,0.5002,1.1866,127.1676,0.2322,0.8763,0.6381,0.5763,0.624
linearno,dimension_3d,prediction,3.3265,8192.0,drivaerml_3d_2d_surface,Extra Large,200.0,pressure+wall_shear_stress,wall_shear_stress,z,583.7084,0.0239,0.3843,0.7394,109.7517,0.5565,0.6646,0.7163,0.6085,0.624
linearno,dimension_3d,prediction,3.3262,8192.0,drivaerml_3d_3d_volume,Small,20.0,pressure_coeff+velocity+vorticity,totalpcoeff,,530.2554,0.0534,0.3206,0.4092,128.6263,0.3312,0.7736,0.6793,0.5466,
linearno,dimension_3d,prediction,3.3262,8192.0,drivaerml_3d_3d_volume,Small,20.0,pressure_coeff+velocity+vorticity,velocity,x,530.2554,0.0534,10.2953,12.8604,89.3974,0.3859,0.5478,0.8,0.4423,0.5834
linearno,dimension_3d,prediction,3.3262,8192.0,drivaerml_3d_3d_volume,Small,20.0,pressure_coeff+velocity+vorticity,velocity,y,530.2554,0.0534,4.973,8.6192,182.0361,0.0008,0.9996,0.5067,0.179,0.5834
linearno,dimension_3d,prediction,3.3262,8192.0,drivaerml_3d_3d_volume,Small,20.0,pressure_coeff+velocity+vorticity,velocity,z,530.2554,0.0534,3.9796,6.2696,148.6032,0.1073,0.943,0.5486,0.3087,0.5834
linearno,dimension_3d,prediction,3.3262,8192.0,drivaerml_3d_3d_volume,Small,20.0,pressure_coeff+velocity+vorticity,vorticity,x,530.2554,0.0534,4.8904,5.4553,194.8774,0.0,1.0,0.5021,0.1834,
linearno,dimension_3d,prediction,3.3262,8192.0,drivaerml_3d_3d_volume,Small,20.0,pressure_coeff+velocity+vorticity,vorticity,y,530.2554,0.0534,4.617,5.3561,132.0818,0.1384,0.9196,0.6612,0.2701,
linearno,dimension_3d,prediction,3.3262,8192.0,drivaerml_3d_3d_volume,Small,20.0,pressure_coeff+velocity+vorticity,vorticity,z,530.2554,0.0534,4.9657,5.4557,192.817,0.0012,0.9994,0.5117,0.0696,
linearno,dimension_3d,prediction,3.3262,8192.0,drivaerml_3d_3d_volume,Medium,50.0,pressure_coeff+velocity+vorticity,totalpcoeff,,647.9537,0.0535,0.1349,0.2178,53.0929,0.8105,0.4118,0.8973,0.746,
linearno,dimension_3d,prediction,3.3262,8192.0,drivaerml_3d_3d_volume,Medium,50.0,pressure_coeff+velocity+vorticity,velocity,x,647.9537,0.0535,4.8451,7.354,60.6801,0.7992,0.3132,0.8753,0.7011,0.8603
linearno,dimension_3d,prediction,3.3262,8192.0,drivaerml_3d_3d_volume,Medium,50.0,pressure_coeff+velocity+vorticity,velocity,y,647.9537,0.0535,3.0272,5.2842,95.7727,0.6245,0.6128,0.769,0.6916,0.8603
linearno,dimension_3d,prediction,3.3262,8192.0,drivaerml_3d_3d_volume,Medium,50.0,pressure_coeff+velocity+vorticity,velocity,z,647.9537,0.0535,2.1377,3.4171,99.5245,0.7348,0.5139,0.764,0.7068,0.8603
linearno,dimension_3d,prediction,3.3262,8192.0,drivaerml_3d_3d_volume,Medium,50.0,pressure_coeff+velocity+vorticity,vorticity,x,647.9537,0.0535,3.7288,4.6749,119.7968,0.2656,0.857,0.6812,0.3561,
linearno,dimension_3d,prediction,3.3262,8192.0,drivaerml_3d_3d_volume,Medium,50.0,pressure_coeff+velocity+vorticity,vorticity,y,647.9537,0.0535,3.4173,4.4781,99.5043,0.3978,0.7689,0.7465,0.4075,
linearno,dimension_3d,prediction,3.3262,8192.0,drivaerml_3d_3d_volume,Medium,50.0,pressure_coeff+velocity+vorticity,vorticity,z,647.9537,0.0535,3.2961,4.3186,103.1132,0.3741,0.7911,0.7358,0.3075,
linearno,dimension_3d,prediction,3.3262,8192.0,drivaerml_3d_3d_volume,Large,100.0,pressure_coeff+velocity+vorticity,totalpcoeff,,755.7537,0.0549,0.0976,0.1696,41.0352,0.8852,0.3206,0.9296,0.8342,
linearno,dimension_3d,prediction,3.3262,8192.0,drivaerml_3d_3d_volume,Large,100.0,pressure_coeff+velocity+vorticity,velocity,x,755.7537,0.0549,3.5133,5.694,51.1481,0.8796,0.2425,0.9,0.8149,0.9037
linearno,dimension_3d,prediction,3.3262,8192.0,drivaerml_3d_3d_volume,Large,100.0,pressure_coeff+velocity+vorticity,velocity,y,755.7537,0.0549,2.6067,4.9347,84.5457,0.6725,0.5723,0.804,0.7252,0.9037
linearno,dimension_3d,prediction,3.3262,8192.0,drivaerml_3d_3d_volume,Large,100.0,pressure_coeff+velocity+vorticity,velocity,z,755.7537,0.0549,1.6752,2.7871,86.4586,0.8236,0.4192,0.8026,0.7741,0.9037
linearno,dimension_3d,prediction,3.3262,8192.0,drivaerml_3d_3d_volume,Large,100.0,pressure_coeff+velocity+vorticity,vorticity,x,755.7537,0.0549,3.1906,4.3236,100.7505,0.3718,0.7926,0.7348,0.3464,
linearno,dimension_3d,prediction,3.3262,8192.0,drivaerml_3d_3d_volume,Large,100.0,pressure_coeff+velocity+vorticity,vorticity,y,755.7537,0.0549,2.8894,4.1245,83.1234,0.4891,0.7082,0.7907,0.4097,
linearno,dimension_3d,prediction,3.3262,8192.0,drivaerml_3d_3d_volume,Large,100.0,pressure_coeff+velocity+vorticity,vorticity,z,755.7537,0.0549,2.8437,4.0117,88.5423,0.4599,0.7349,0.7732,0.3641,
linearno,dimension_3d,prediction,3.3262,8192.0,drivaerml_3d_3d_volume,Extra Large,200.0,pressure_coeff+velocity+vorticity,totalpcoeff,,962.8778,0.0506,0.0917,0.1645,38.9261,0.892,0.3109,0.9337,0.8484,
linearno,dimension_3d,prediction,3.3262,8192.0,drivaerml_3d_3d_volume,Extra Large,200.0,pressure_coeff+velocity+vorticity,velocity,x,962.8778,0.0506,3.3218,5.5218,49.0525,0.8868,0.2352,0.9058,0.8298,0.9089
linearno,dimension_3d,prediction,3.3262,8192.0,drivaerml_3d_3d_volume,Extra Large,200.0,pressure_coeff+velocity+vorticity,velocity,y,962.8778,0.0506,2.5084,4.8464,81.548,0.6841,0.562,0.8143,0.7344,0.9089
linearno,dimension_3d,prediction,3.3262,8192.0,drivaerml_3d_3d_volume,Extra Large,200.0,pressure_coeff+velocity+vorticity,velocity,z,962.8778,0.0506,1.5769,2.6605,83.1713,0.8392,0.4002,0.8123,0.7866,0.9089
linearno,dimension_3d,prediction,3.3262,8192.0,drivaerml_3d_3d_volume,Extra Large,200.0,pressure_coeff+velocity+vorticity,vorticity,x,962.8778,0.0506,3.0854,4.2277,97.5054,0.3994,0.775,0.7473,0.3454,
linearno,dimension_3d,prediction,3.3262,8192.0,drivaerml_3d_3d_volume,Extra Large,200.0,pressure_coeff+velocity+vorticity,vorticity,y,962.8778,0.0506,2.7866,4.0365,80.4475,0.5107,0.6931,0.7993,0.4182,
linearno,dimension_3d,prediction,3.3262,8192.0,drivaerml_3d_3d_volume,Extra Large,200.0,pressure_coeff+velocity+vorticity,vorticity,z,962.8778,0.0506,2.744,3.9211,85.8764,0.4841,0.7183,0.7823,0.3691,
linearno,dimension_3d,prediction,3.327,8192.0,drivaernet_3d_2d_centerplane,Small,20.0,pressure+velocity,pressure,,139.4548,0.8168,24.0542,43.1695,48.6292,0.8831,0.3299,0.9252,0.7406,
linearno,dimension_3d,prediction,3.327,8192.0,drivaernet_3d_2d_centerplane,Small,20.0,pressure+velocity,velocity,x,139.4548,0.8168,3.0929,4.7511,37.8569,0.8764,0.2046,0.9252,0.7335,0.9512
linearno,dimension_3d,prediction,3.327,8192.0,drivaernet_3d_2d_centerplane,Small,20.0,pressure+velocity,velocity,y,139.4548,0.8168,0.844,1.5365,107.0994,0.2652,0.8521,0.7486,0.4088,0.9512
linearno,dimension_3d,prediction,3.327,8192.0,drivaernet_3d_2d_centerplane,Small,20.0,pressure+velocity,velocity,z,139.4548,0.8168,1.1687,1.8908,66.393,0.8423,0.3887,0.8521,0.8094,0.9512
linearno,dimension_3d,prediction,3.327,8192.0,drivaernet_3d_2d_centerplane,Medium,50.0,pressure+velocity,pressure,,256.5747,0.7798,16.4776,26.428,42.3404,0.9562,0.202,0.9376,0.8671,
linearno,dimension_3d,prediction,3.327,8192.0,drivaernet_3d_2d_centerplane,Medium,50.0,pressure+velocity,velocity,x,256.5747,0.7798,2.201,3.5709,33.1804,0.9302,0.1538,0.9308,0.8704,0.9694
linearno,dimension_3d,prediction,3.327,8192.0,drivaernet_3d_2d_centerplane,Medium,50.0,pressure+velocity,velocity,y,256.5747,0.7798,0.8355,1.5092,117.6754,0.2911,0.8369,0.6515,0.4297,0.9694
linearno,dimension_3d,prediction,3.327,8192.0,drivaernet_3d_2d_centerplane,Medium,50.0,pressure+velocity,velocity,z,256.5747,0.7798,0.9791,1.6014,65.2181,0.8869,0.3292,0.8467,0.8342,0.9694
linearno,dimension_3d,prediction,3.327,8192.0,drivaernet_3d_2d_centerplane,Large,100.0,pressure+velocity,pressure,,292.2291,0.8066,14.5558,23.6181,38.841,0.965,0.1805,0.9427,0.8836,
linearno,dimension_3d,prediction,3.327,8192.0,drivaernet_3d_2d_centerplane,Large,100.0,pressure+velocity,velocity,x,292.2291,0.8066,2.0582,3.4084,31.7069,0.9364,0.1468,0.935,0.8779,0.9721
linearno,dimension_3d,prediction,3.327,8192.0,drivaernet_3d_2d_centerplane,Large,100.0,pressure+velocity,velocity,y,292.2291,0.8066,0.7926,1.4483,103.1052,0.3471,0.8032,0.7541,0.4625,0.9721
linearno,dimension_3d,prediction,3.327,8192.0,drivaernet_3d_2d_centerplane,Large,100.0,pressure+velocity,velocity,z,292.2291,0.8066,0.9214,1.5307,62.5271,0.8966,0.3147,0.8556,0.8418,0.9721
linearno,dimension_3d,prediction,3.327,8192.0,drivaernet_3d_2d_centerplane,Extra Large,200.0,pressure+velocity,pressure,,458.4889,0.8126,14.4572,23.6686,40.5381,0.9649,0.1809,0.9387,0.8882,
linearno,dimension_3d,prediction,3.327,8192.0,drivaernet_3d_2d_centerplane,Extra Large,200.0,pressure+velocity,velocity,x,458.4889,0.8126,2.0809,3.3707,31.9448,0.9378,0.1451,0.9329,0.8762,0.9731
linearno,dimension_3d,prediction,3.327,8192.0,drivaernet_3d_2d_centerplane,Extra Large,200.0,pressure+velocity,velocity,y,458.4889,0.8126,0.7756,1.4394,96.6673,0.3551,0.7983,0.7516,0.4661,0.9731
linearno,dimension_3d,prediction,3.327,8192.0,drivaernet_3d_2d_centerplane,Extra Large,200.0,pressure+velocity,velocity,z,458.4889,0.8126,0.9008,1.4987,60.6609,0.9009,0.3081,0.8661,0.8476,0.9731
linearno,dimension_3d,prediction,3.3257,8192.0,drivaernet_3d_2d_surface,Small,20.0,pressure,pressure,,405.0584,0.1669,20.8537,36.5288,26.6129,0.8991,0.246,0.9782,0.8383,
linearno,dimension_3d,prediction,3.3257,8192.0,drivaernet_3d_2d_surface,Medium,50.0,pressure,pressure,,480.813,0.1152,17.6594,30.9704,23.2053,0.9275,0.2086,0.9824,0.8597,
linearno,dimension_3d,prediction,3.3257,8192.0,drivaernet_3d_2d_surface,Large,100.0,pressure,pressure,,605.1785,0.1136,16.1456,28.7429,21.5439,0.9375,0.1936,0.9844,0.8755,
linearno,dimension_3d,prediction,3.3257,8192.0,drivaernet_3d_2d_surface,Extra Large,200.0,pressure,pressure,,808.956,0.1123,15.2802,27.0697,20.7878,0.9446,0.1823,0.985,0.8831,
linearno_big,dimension_3d,prediction,11.0461,8192.0,drivaerml_3d_2d_surface,Small,20.0,pressure+wall_shear_stress,pressure,,745.7638,0.0305,106.6407,172.881,47.0012,0.5876,0.4885,0.9391,0.6203,
linearno_big,dimension_3d,prediction,11.0461,8192.0,drivaerml_3d_2d_surface,Small,20.0,pressure+wall_shear_stress,wall_shear_stress,x,745.7638,0.0305,0.9109,1.4589,111.1637,0.5074,0.6076,0.7197,0.5856,0.5241
linearno_big,dimension_3d,prediction,11.0461,8192.0,drivaerml_3d_2d_surface,Small,20.0,pressure+wall_shear_stress,wall_shear_stress,y,745.7638,0.0305,0.5183,1.1563,149.6293,0.2709,0.8539,0.5683,0.4887,0.5241
linearno_big,dimension_3d,prediction,11.0461,8192.0,drivaerml_3d_2d_surface,Small,20.0,pressure+wall_shear_stress,wall_shear_stress,z,745.7638,0.0305,0.4769,0.8624,127.7122,0.3968,0.7751,0.6476,0.4878,0.5241
linearno_big,dimension_3d,prediction,11.0461,8192.0,drivaerml_3d_2d_surface,Medium,50.0,pressure+wall_shear_stress,pressure,,1287.6212,0.0597,94.1876,161.7078,41.0886,0.6392,0.4569,0.9446,0.6362,
linearno_big,dimension_3d,prediction,11.0461,8192.0,drivaerml_3d_2d_surface,Medium,50.0,pressure+wall_shear_stress,wall_shear_stress,x,1287.6212,0.0597,0.8269,1.3845,106.356,0.5563,0.5766,0.7343,0.6122,0.559
linearno_big,dimension_3d,prediction,11.0461,8192.0,drivaerml_3d_2d_surface,Medium,50.0,pressure+wall_shear_stress,wall_shear_stress,y,1287.6212,0.0597,0.5061,1.1477,143.7577,0.2816,0.8476,0.5854,0.5148,0.559
linearno_big,dimension_3d,prediction,11.0461,8192.0,drivaerml_3d_2d_surface,Medium,50.0,pressure+wall_shear_stress,wall_shear_stress,z,1287.6212,0.0597,0.4426,0.8168,120.8507,0.4589,0.7341,0.6764,0.5131,0.559
linearno_big,dimension_3d,prediction,11.0461,8192.0,drivaerml_3d_2d_surface,Large,100.0,pressure+wall_shear_stress,pressure,,1446.4816,0.0822,91.1832,158.4386,40.069,0.6536,0.4477,0.9464,0.6435,
linearno_big,dimension_3d,prediction,11.0461,8192.0,drivaerml_3d_2d_surface,Large,100.0,pressure+wall_shear_stress,wall_shear_stress,x,1446.4816,0.0822,0.8066,1.3576,104.0876,0.5734,0.5654,0.7446,0.621,0.5707
linearno_big,dimension_3d,prediction,11.0461,8192.0,drivaerml_3d_2d_surface,Large,100.0,pressure+wall_shear_stress,wall_shear_stress,y,1446.4816,0.0822,0.5072,1.1439,139.0074,0.2864,0.8447,0.5879,0.5254,0.5707
linearno_big,dimension_3d,prediction,11.0461,8192.0,drivaerml_3d_2d_surface,Large,100.0,pressure+wall_shear_stress,wall_shear_stress,z,1446.4816,0.0822,0.4318,0.8039,117.8303,0.4758,0.7225,0.6899,0.5244,0.5707
linearno_big,dimension_3d,prediction,11.0461,8192.0,drivaerml_3d_2d_surface,Extra Large,200.0,pressure+wall_shear_stress,pressure,,1570.151,0.0466,75.7363,145.2601,34.1278,0.7089,0.4105,0.9546,0.6933,
linearno_big,dimension_3d,prediction,11.0461,8192.0,drivaerml_3d_2d_surface,Extra Large,200.0,pressure+wall_shear_stress,wall_shear_stress,x,1570.151,0.0466,0.6758,1.234,94.9605,0.6475,0.514,0.7756,0.6701,0.6176
linearno_big,dimension_3d,prediction,11.0461,8192.0,drivaerml_3d_2d_surface,Extra Large,200.0,pressure+wall_shear_stress,wall_shear_stress,y,1570.151,0.0466,0.4809,1.1435,131.2614,0.2869,0.8444,0.6255,0.5661,0.6176
linearno_big,dimension_3d,prediction,11.0461,8192.0,drivaerml_3d_2d_surface,Extra Large,200.0,pressure+wall_shear_stress,wall_shear_stress,z,1570.151,0.0466,0.3828,0.7484,109.4428,0.5457,0.6726,0.7174,0.5926,0.6176
linearno_big,dimension_3d,prediction,11.0458,8192.0,drivaerml_3d_3d_volume,Small,20.0,pressure_coeff+velocity+vorticity,totalpcoeff,,1335.2876,0.0492,0.3376,0.4233,130.0239,0.2843,0.8003,0.6873,0.3695,
linearno_big,dimension_3d,prediction,11.0458,8192.0,drivaerml_3d_3d_volume,Small,20.0,pressure_coeff+velocity+vorticity,velocity,x,1335.2876,0.0492,10.5638,13.2212,89.881,0.351,0.5631,0.8012,0.3212,0.5646
linearno_big,dimension_3d,prediction,11.0458,8192.0,drivaerml_3d_3d_volume,Small,20.0,pressure_coeff+velocity+vorticity,velocity,y,1335.2876,0.0492,4.9746,8.6227,187.7038,0.0,1.0,0.5041,0.0553,0.5646
linearno_big,dimension_3d,prediction,11.0458,8192.0,drivaerml_3d_3d_volume,Small,20.0,pressure_coeff+velocity+vorticity,velocity,z,1335.2876,0.0492,4.008,6.5054,149.918,0.0389,0.9784,0.55,0.1732,0.5646
linearno_big,dimension_3d,prediction,11.0458,8192.0,drivaerml_3d_3d_volume,Small,20.0,pressure_coeff+velocity+vorticity,vorticity,x,1335.2876,0.0492,4.8903,5.4552,197.0135,0.0,1.0,0.5015,0.2345,
linearno_big,dimension_3d,prediction,11.0458,8192.0,drivaerml_3d_3d_volume,Small,20.0,pressure_coeff+velocity+vorticity,vorticity,y,1335.2876,0.0492,4.6548,5.365,134.8498,0.1356,0.9212,0.6589,0.1808,
linearno_big,dimension_3d,prediction,11.0458,8192.0,drivaerml_3d_3d_volume,Small,20.0,pressure_coeff+velocity+vorticity,vorticity,z,1335.2876,0.0492,4.9693,5.4589,196.3766,0.0,1.0,0.5013,0.1444,
linearno_big,dimension_3d,prediction,11.0458,8192.0,drivaerml_3d_3d_volume,Medium,50.0,pressure_coeff+velocity+vorticity,totalpcoeff,,1620.5145,0.0471,0.3,0.3882,120.4769,0.3981,0.7339,0.7178,0.5764,
linearno_big,dimension_3d,prediction,11.0458,8192.0,drivaerml_3d_3d_volume,Medium,50.0,pressure_coeff+velocity+vorticity,velocity,x,1620.5145,0.0471,9.9296,12.5957,88.6971,0.4109,0.5365,0.8017,0.4461,0.601
linearno_big,dimension_3d,prediction,11.0458,8192.0,drivaerml_3d_3d_volume,Medium,50.0,pressure_coeff+velocity+vorticity,velocity,y,1620.5145,0.0471,4.9753,8.6226,185.3383,0.0001,1.0,0.5047,0.0515,0.601
linearno_big,dimension_3d,prediction,11.0458,8192.0,drivaerml_3d_3d_volume,Medium,50.0,pressure_coeff+velocity+vorticity,velocity,z,1620.5145,0.0471,3.7068,5.8477,144.3179,0.2234,0.8795,0.586,0.3828,0.601
linearno_big,dimension_3d,prediction,11.0458,8192.0,drivaerml_3d_3d_volume,Medium,50.0,pressure_coeff+velocity+vorticity,vorticity,x,1620.5145,0.0471,4.8904,5.4552,196.8707,0.0,1.0,0.5024,0.2164,
linearno_big,dimension_3d,prediction,11.0458,8192.0,drivaerml_3d_3d_volume,Medium,50.0,pressure_coeff+velocity+vorticity,vorticity,y,1620.5145,0.0471,4.5548,5.2781,133.6208,0.1634,0.9062,0.6618,0.2596,
linearno_big,dimension_3d,prediction,11.0458,8192.0,drivaerml_3d_3d_volume,Medium,50.0,pressure_coeff+velocity+vorticity,vorticity,z,1620.5145,0.0471,4.9687,5.4588,196.4709,0.0,1.0,0.5023,0.0537,
linearno_big,dimension_3d,prediction,11.0458,8192.0,drivaerml_3d_3d_volume,Large,100.0,pressure_coeff+velocity+vorticity,totalpcoeff,,827.7102,0.0625,0.125,0.2069,49.3352,0.829,0.3912,0.9071,0.7759,
linearno_big,dimension_3d,prediction,11.0458,8192.0,drivaerml_3d_3d_volume,Large,100.0,pressure_coeff+velocity+vorticity,velocity,x,827.7102,0.0625,4.5842,7.0409,58.2581,0.8159,0.2999,0.8863,0.7462,0.8705
linearno_big,dimension_3d,prediction,11.0458,8192.0,drivaerml_3d_3d_volume,Large,100.0,pressure_coeff+velocity+vorticity,velocity,y,827.7102,0.0625,2.8696,5.1612,91.4612,0.6417,0.5986,0.7841,0.6983,0.8705
linearno_big,dimension_3d,prediction,11.0458,8192.0,drivaerml_3d_3d_volume,Large,100.0,pressure_coeff+velocity+vorticity,velocity,z,827.7102,0.0625,2.0008,3.2576,95.1433,0.759,0.49,0.7801,0.7221,0.8705
linearno_big,dimension_3d,prediction,11.0458,8192.0,drivaerml_3d_3d_volume,Large,100.0,pressure_coeff+velocity+vorticity,vorticity,x,827.7102,0.0625,3.634,4.6098,115.5816,0.2859,0.845,0.6937,0.3517,
linearno_big,dimension_3d,prediction,11.0458,8192.0,drivaerml_3d_3d_volume,Large,100.0,pressure_coeff+velocity+vorticity,vorticity,y,827.7102,0.0625,3.3392,4.427,96.8772,0.4114,0.7601,0.7537,0.4099,
linearno_big,dimension_3d,prediction,11.0458,8192.0,drivaerml_3d_3d_volume,Large,100.0,pressure_coeff+velocity+vorticity,vorticity,z,827.7102,0.0625,3.187,4.2541,99.1696,0.3927,0.7793,0.7434,0.3155,
linearno_big,dimension_3d,prediction,11.0458,8192.0,drivaerml_3d_3d_volume,Extra Large,200.0,pressure_coeff+velocity+vorticity,totalpcoeff,,559.7898,0.0469,0.1385,0.2196,54.3205,0.8074,0.4152,0.894,0.7461,
linearno_big,dimension_3d,prediction,11.0458,8192.0,drivaerml_3d_3d_volume,Extra Large,200.0,pressure_coeff+velocity+vorticity,velocity,x,559.7898,0.0469,5.0406,7.5639,61.5032,0.7876,0.3222,0.8759,0.6942,0.8539
linearno_big,dimension_3d,prediction,11.0458,8192.0,drivaerml_3d_3d_volume,Extra Large,200.0,pressure_coeff+velocity+vorticity,velocity,y,559.7898,0.0469,3.0721,5.3321,96.8151,0.6176,0.6184,0.7671,0.6773,0.8539
linearno_big,dimension_3d,prediction,11.0458,8192.0,drivaerml_3d_3d_volume,Extra Large,200.0,pressure_coeff+velocity+vorticity,velocity,z,559.7898,0.0469,2.1905,3.51,101.0387,0.7202,0.5279,0.7602,0.6989,0.8539
linearno_big,dimension_3d,prediction,11.0458,8192.0,drivaerml_3d_3d_volume,Extra Large,200.0,pressure_coeff+velocity+vorticity,vorticity,x,559.7898,0.0469,3.8255,4.7031,124.3645,0.2567,0.8621,0.677,0.3596,
linearno_big,dimension_3d,prediction,11.0458,8192.0,drivaerml_3d_3d_volume,Extra Large,200.0,pressure_coeff+velocity+vorticity,vorticity,y,559.7898,0.0469,3.4817,4.5097,101.6716,0.3892,0.7743,0.7448,0.371,
linearno_big,dimension_3d,prediction,11.0458,8192.0,drivaerml_3d_3d_volume,Extra Large,200.0,pressure_coeff+velocity+vorticity,vorticity,z,559.7898,0.0469,3.3509,4.3339,105.7092,0.3697,0.7939,0.7308,0.3021,
linearno_big,dimension_3d,prediction,11.0469,8192.0,drivaernet_3d_2d_centerplane,Small,20.0,pressure+velocity,pressure,,262.3325,0.7353,21.3942,35.9604,47.0739,0.9189,0.2748,0.9293,0.7821,
linearno_big,dimension_3d,prediction,11.0469,8192.0,drivaernet_3d_2d_centerplane,Small,20.0,pressure+velocity,velocity,x,262.3325,0.7353,2.8379,4.4357,36.2819,0.8923,0.191,0.9259,0.7608,0.9564
linearno_big,dimension_3d,prediction,11.0469,8192.0,drivaernet_3d_2d_centerplane,Small,20.0,pressure+velocity,velocity,y,262.3325,0.7353,0.8478,1.5288,122.0936,0.2726,0.8478,0.6466,0.4102,0.9564
linearno_big,dimension_3d,prediction,11.0469,8192.0,drivaernet_3d_2d_centerplane,Small,20.0,pressure+velocity,velocity,z,262.3325,0.7353,1.1285,1.813,66.8228,0.855,0.3727,0.8511,0.8009,0.9564
linearno_big,dimension_3d,prediction,11.0469,8192.0,drivaernet_3d_2d_centerplane,Medium,50.0,pressure+velocity,pressure,,408.1825,0.7216,17.493,25.995,45.9756,0.9576,0.1986,0.9281,0.8691,
linearno_big,dimension_3d,prediction,11.0469,8192.0,drivaernet_3d_2d_centerplane,Medium,50.0,pressure+velocity,velocity,x,408.1825,0.7216,2.0968,3.563,32.0888,0.9305,0.1534,0.9318,0.8871,0.9697
linearno_big,dimension_3d,prediction,11.0469,8192.0,drivaernet_3d_2d_centerplane,Medium,50.0,pressure+velocity,velocity,y,408.1825,0.7216,0.8515,1.5554,107.4887,0.247,0.8626,0.7081,0.4267,0.9697
linearno_big,dimension_3d,prediction,11.0469,8192.0,drivaernet_3d_2d_centerplane,Medium,50.0,pressure+velocity,velocity,z,408.1825,0.7216,0.9745,1.5942,66.2779,0.8879,0.3278,0.8423,0.8357,0.9697
linearno_big,dimension_3d,prediction,11.0469,8192.0,drivaernet_3d_2d_centerplane,Large,100.0,pressure+velocity,pressure,,438.9095,0.7308,15.5206,24.7383,42.6973,0.9616,0.189,0.9363,0.8695,
linearno_big,dimension_3d,prediction,11.0469,8192.0,drivaernet_3d_2d_centerplane,Large,100.0,pressure+velocity,velocity,x,438.9095,0.7308,2.038,3.3462,31.1465,0.9387,0.1441,0.9372,0.8843,0.9729
linearno_big,dimension_3d,prediction,11.0469,8192.0,drivaernet_3d_2d_centerplane,Large,100.0,pressure+velocity,velocity,y,438.9095,0.7308,0.7955,1.4453,98.2932,0.3499,0.8015,0.7714,0.4579,0.9729
linearno_big,dimension_3d,prediction,11.0469,8192.0,drivaernet_3d_2d_centerplane,Large,100.0,pressure+velocity,velocity,z,438.9095,0.7308,0.9179,1.5243,64.8486,0.8975,0.3134,0.8484,0.8511,0.9729
linearno_big,dimension_3d,prediction,11.0469,8192.0,drivaernet_3d_2d_centerplane,Extra Large,200.0,pressure+velocity,pressure,,685.1181,0.7372,14.3758,21.3727,40.0112,0.9714,0.1633,0.9422,0.8836,
linearno_big,dimension_3d,prediction,11.0469,8192.0,drivaernet_3d_2d_centerplane,Extra Large,200.0,pressure+velocity,velocity,x,685.1181,0.7372,1.8697,3.1002,30.4346,0.9474,0.1335,0.9376,0.8831,0.9762
linearno_big,dimension_3d,prediction,11.0469,8192.0,drivaernet_3d_2d_centerplane,Extra Large,200.0,pressure+velocity,velocity,y,685.1181,0.7372,0.7839,1.4348,98.3995,0.3593,0.7957,0.7759,0.4643,0.9762
linearno_big,dimension_3d,prediction,11.0469,8192.0,drivaernet_3d_2d_centerplane,Extra Large,200.0,pressure+velocity,velocity,z,685.1181,0.7372,0.8226,1.3986,60.2619,0.9137,0.2875,0.8608,0.8713,0.9762
linearno_big,dimension_3d,prediction,11.045,8192.0,drivaernet_3d_2d_surface,Small,20.0,pressure,pressure,,623.5493,0.106,19.9883,35.7664,25.5049,0.9033,0.2409,0.9794,0.8458,
linearno_big,dimension_3d,prediction,11.045,8192.0,drivaernet_3d_2d_surface,Medium,50.0,pressure,pressure,,749.4002,0.1047,17.2117,30.7793,22.6082,0.9284,0.2073,0.9835,0.8654,
linearno_big,dimension_3d,prediction,11.045,8192.0,drivaernet_3d_2d_surface,Large,100.0,pressure,pressure,,846.0847,0.1037,16.3112,29.1267,22.0887,0.9359,0.1962,0.9842,0.8753,
linearno_big,dimension_3d,prediction,11.045,8192.0,drivaernet_3d_2d_surface,Extra Large,200.0,pressure,pressure,,1221.3138,0.1033,15.052,27.0858,20.4145,0.9445,0.1824,0.9857,0.8829,
pointnet,dimension_3d,prediction,3.6682,8192.0,deepjeb_3d_2d_diagonal,Small,20.0,displacement+stress,displacement,x,611.5217,0.2187,0.0087,0.0147,76.6794,0.2743,0.6805,0.865702,0.398794,0.891
pointnet,dimension_3d,prediction,3.6682,8192.0,deepjeb_3d_2d_diagonal,Small,20.0,displacement+stress,displacement,y,611.5217,0.2187,0.0098,0.0173,183.6368,0.0004,0.9997,0.509044,0.246906,0.891
pointnet,dimension_3d,prediction,3.6682,8192.0,deepjeb_3d_2d_diagonal,Small,20.0,displacement+stress,displacement,z,611.5217,0.2187,0.0162,0.0255,53.9003,0.7684,0.3428,0.924851,0.795372,0.891
pointnet,dimension_3d,prediction,3.6682,8192.0,deepjeb_3d_2d_diagonal,Small,20.0,displacement+stress,stress,,611.5217,0.2187,31.6803,46.0618,92.4556,0.0658,0.8351,0.742313,0.161729,
pointnet,dimension_3d,prediction,3.6682,8192.0,deepjeb_3d_2d_diagonal,Medium,50.0,displacement+stress,displacement,x,1408.0197,0.2177,0.0079,0.0134,72.4444,0.3965,0.6206,0.872435,0.601556,0.8618
pointnet,dimension_3d,prediction,3.6682,8192.0,deepjeb_3d_2d_diagonal,Medium,50.0,displacement+stress,displacement,y,1408.0197,0.2177,0.0098,0.0173,185.9747,0.0001,0.9999,0.510916,0.038034,0.8618
pointnet,dimension_3d,prediction,3.6682,8192.0,deepjeb_3d_2d_diagonal,Medium,50.0,displacement+stress,displacement,z,1408.0197,0.2177,0.0185,0.0292,54.8678,0.6973,0.3919,0.936377,0.546059,0.8618
pointnet,dimension_3d,prediction,3.6682,8192.0,deepjeb_3d_2d_diagonal,Medium,50.0,displacement+stress,stress,,1408.0197,0.2177,31.4399,45.5523,94.6858,0.0863,0.8258,0.743488,0.086283,
pointnet,dimension_3d,prediction,3.6682,8192.0,deepjeb_3d_2d_diagonal,Large,100.0,displacement+stress,displacement,x,2731.351,0.2166,0.0058,0.0105,66.3656,0.6308,0.4854,0.874858,0.753201,0.9199
pointnet,dimension_3d,prediction,3.6682,8192.0,deepjeb_3d_2d_diagonal,Large,100.0,displacement+stress,displacement,y,2731.351,0.2166,0.0069,0.0111,113.1206,0.5926,0.6382,0.739715,0.645492,0.9199
pointnet,dimension_3d,prediction,3.6682,8192.0,deepjeb_3d_2d_diagonal,Large,100.0,displacement+stress,displacement,z,2731.351,0.2166,0.0164,0.0255,55.5382,0.7684,0.3428,0.920471,0.701153,0.9199
pointnet,dimension_3d,prediction,3.6682,8192.0,deepjeb_3d_2d_diagonal,Large,100.0,displacement+stress,stress,,2731.351,0.2166,26.4338,39.7108,81.5393,0.3056,0.7199,0.818971,0.300476,
pointnet,dimension_3d,prediction,3.6682,8192.0,deepjeb_3d_2d_diagonal,Extra Large,200.0,displacement+stress,displacement,x,5422.8321,0.2186,0.005,0.009,56.7718,0.7254,0.4186,0.905541,0.833878,0.9771
pointnet,dimension_3d,prediction,3.6682,8192.0,deepjeb_3d_2d_diagonal,Extra Large,200.0,displacement+stress,displacement,y,5422.8321,0.2186,0.0042,0.0078,67.4875,0.7972,0.4502,0.891026,0.791424,0.9771
pointnet,dimension_3d,prediction,3.6682,8192.0,deepjeb_3d_2d_diagonal,Extra Large,200.0,displacement+stress,displacement,z,5422.8321,0.2186,0.0116,0.0196,42.7858,0.8639,0.2628,0.939751,0.90041,0.9771
pointnet,dimension_3d,prediction,3.6682,8192.0,deepjeb_3d_2d_diagonal,Extra Large,200.0,displacement+stress,stress,,5422.8321,0.2186,21.4273,33.4137,72.9303,0.5084,0.6058,0.84703,0.497573,
pointnet,dimension_3d,prediction,3.6682,8192.0,deepjeb_3d_2d_horizontal,Small,20.0,displacement+stress,displacement,x,596.8445,0.2093,0.0337,0.053,84.7578,0.5105,0.5732,0.911785,0.67725,0.7901
pointnet,dimension_3d,prediction,3.6682,8192.0,deepjeb_3d_2d_horizontal,Small,20.0,displacement+stress,displacement,y,596.8445,0.2093,0.005,0.0076,146.9874,0.0317,0.9778,0.601067,0.238288,0.7901
pointnet,dimension_3d,prediction,3.6682,8192.0,deepjeb_3d_2d_horizontal,Small,20.0,displacement+stress,displacement,z,596.8445,0.2093,0.0333,0.0518,102.8181,0.551,0.6241,0.807766,0.668789,0.7901
pointnet,dimension_3d,prediction,3.6682,8192.0,deepjeb_3d_2d_horizontal,Small,20.0,displacement+stress,stress,,596.8445,0.2093,54.2426,72.4484,155.2615,0.0204,0.9749,0.584586,0.11181,
pointnet,dimension_3d,prediction,3.6682,8192.0,deepjeb_3d_2d_horizontal,Medium,50.0,displacement+stress,displacement,x,1391.1085,0.2088,0.0333,0.053,85.3245,0.5114,0.5727,0.912873,0.666647,0.7961
pointnet,dimension_3d,prediction,3.6682,8192.0,deepjeb_3d_2d_horizontal,Medium,50.0,displacement+stress,displacement,y,1391.1085,0.2088,0.0049,0.0076,139.795,0.0446,0.9712,0.619106,0.239661,0.7961
pointnet,dimension_3d,prediction,3.6682,8192.0,deepjeb_3d_2d_horizontal,Medium,50.0,displacement+stress,displacement,z,1391.1085,0.2088,0.0316,0.0497,99.0974,0.5868,0.5987,0.821873,0.671399,0.7961
pointnet,dimension_3d,prediction,3.6682,8192.0,deepjeb_3d_2d_horizontal,Medium,50.0,displacement+stress,stress,,1391.1085,0.2088,53.4845,71.8951,156.6088,0.0353,0.9675,0.584359,0.172205,
pointnet,dimension_3d,prediction,3.6682,8192.0,deepjeb_3d_2d_horizontal,Large,100.0,displacement+stress,displacement,x,2734.531,0.2094,0.0181,0.0293,66.1822,0.8508,0.3165,0.914427,0.919375,0.9466
pointnet,dimension_3d,prediction,3.6682,8192.0,deepjeb_3d_2d_horizontal,Large,100.0,displacement+stress,displacement,y,2734.531,0.2094,0.0043,0.0065,114.7954,0.2894,0.8376,0.721078,0.408818,0.9466
pointnet,dimension_3d,prediction,3.6682,8192.0,deepjeb_3d_2d_horizontal,Large,100.0,displacement+stress,displacement,z,2734.531,0.2094,0.019,0.0304,76.3274,0.8449,0.3668,0.879997,0.921853,0.9466
pointnet,dimension_3d,prediction,3.6682,8192.0,deepjeb_3d_2d_horizontal,Large,100.0,displacement+stress,stress,,2734.531,0.2094,43.4805,62.117,108.5325,0.2799,0.8359,0.723927,0.279602,
pointnet,dimension_3d,prediction,3.6682,8192.0,deepjeb_3d_2d_horizontal,Extra Large,200.0,displacement+stress,displacement,x,5409.0745,0.216,0.012,0.0232,49.185,0.9059,0.2514,0.915729,0.960882,0.9847
pointnet,dimension_3d,prediction,3.6682,8192.0,deepjeb_3d_2d_horizontal,Extra Large,200.0,displacement+stress,displacement,y,5409.0745,0.216,0.0027,0.0044,81.4427,0.6799,0.5621,0.834234,0.682791,0.9847
pointnet,dimension_3d,prediction,3.6682,8192.0,deepjeb_3d_2d_horizontal,Extra Large,200.0,displacement+stress,displacement,z,5409.0745,0.216,0.012,0.0222,55.1714,0.9171,0.2682,0.90098,0.940222,0.9847
pointnet,dimension_3d,prediction,3.6682,8192.0,deepjeb_3d_2d_horizontal,Extra Large,200.0,displacement+stress,stress,,5409.0745,0.216,31.8804,49.8564,85.2727,0.5361,0.6709,0.797355,0.46315,
pointnet,dimension_3d,prediction,3.6685,8192.0,deepjeb_3d_2d_modal,Small,20.0,mode_shapes,mode_shape_1,x,1001.4688,0.3436,163.7271,223.7712,80.8173,0.5956,0.6348,0.8682,0.4496,0.7947
pointnet,dimension_3d,prediction,3.6685,8192.0,deepjeb_3d_2d_modal,Small,20.0,mode_shapes,mode_shape_1,y,1001.4688,0.3436,220.1162,324.5312,90.9334,0.6562,0.5863,0.8037,0.5591,0.7947
pointnet,dimension_3d,prediction,3.6685,8192.0,deepjeb_3d_2d_modal,Small,20.0,mode_shapes,mode_shape_1,z,1001.4688,0.3436,194.4387,289.9762,45.1452,0.8651,0.3651,0.9412,0.7966,0.7947
pointnet,dimension_3d,prediction,3.6685,8192.0,deepjeb_3d_2d_modal,Small,20.0,mode_shapes,mode_shape_2,x,1001.4688,0.3436,231.1028,306.7606,142.3674,0.1493,0.9223,0.6129,0.2639,0.6651
pointnet,dimension_3d,prediction,3.6685,8192.0,deepjeb_3d_2d_modal,Small,20.0,mode_shapes,mode_shape_2,y,1001.4688,0.3436,187.894,324.6685,96.7395,0.4846,0.7164,0.7937,0.5159,0.6651
pointnet,dimension_3d,prediction,3.6685,8192.0,deepjeb_3d_2d_modal,Small,20.0,mode_shapes,mode_shape_2,z,1001.4688,0.3436,335.9476,450.252,80.3452,0.7517,0.4983,0.8362,0.608,0.6651
pointnet,dimension_3d,prediction,3.6685,8192.0,deepjeb_3d_2d_modal,Medium,50.0,mode_shapes,mode_shape_1,x,1968.3351,0.3251,112.5765,169.6838,70.3711,0.7675,0.4814,0.8709,0.4996,0.8589
pointnet,dimension_3d,prediction,3.6685,8192.0,deepjeb_3d_2d_modal,Medium,50.0,mode_shapes,mode_shape_1,y,1968.3351,0.3251,170.1861,247.3855,80.8551,0.8002,0.447,0.8298,0.6465,0.8589
pointnet,dimension_3d,prediction,3.6685,8192.0,deepjeb_3d_2d_modal,Medium,50.0,mode_shapes,mode_shape_1,z,1968.3351,0.3251,181.9568,269.2068,43.2726,0.8838,0.339,0.9444,0.8026,0.8589
pointnet,dimension_3d,prediction,3.6685,8192.0,deepjeb_3d_2d_modal,Medium,50.0,mode_shapes,mode_shape_2,x,1968.3351,0.3251,218.6499,290.5366,132.5071,0.2369,0.8735,0.6412,0.3179,0.7177
pointnet,dimension_3d,prediction,3.6685,8192.0,deepjeb_3d_2d_modal,Medium,50.0,mode_shapes,mode_shape_2,y,1968.3351,0.3251,173.011,295.0565,94.5483,0.5743,0.6511,0.7978,0.5452,0.7177
pointnet,dimension_3d,prediction,3.6685,8192.0,deepjeb_3d_2d_modal,Medium,50.0,mode_shapes,mode_shape_2,z,1968.3351,0.3251,303.5997,400.4675,79.0477,0.8036,0.4432,0.8346,0.6655,0.7177
pointnet,dimension_3d,prediction,3.6685,8192.0,deepjeb_3d_2d_modal,Large,100.0,mode_shapes,mode_shape_1,x,3650.7432,0.3422,107.0889,163.481,67.4218,0.7842,0.4638,0.8807,0.5301,0.8662
pointnet,dimension_3d,prediction,3.6685,8192.0,deepjeb_3d_2d_modal,Large,100.0,mode_shapes,mode_shape_1,y,3650.7432,0.3422,165.3498,239.4132,78.8367,0.8129,0.4326,0.8343,0.6494,0.8662
pointnet,dimension_3d,prediction,3.6685,8192.0,deepjeb_3d_2d_modal,Large,100.0,mode_shapes,mode_shape_1,z,3650.7432,0.3422,172.7129,262.0938,41.5608,0.8898,0.33,0.9449,0.8147,0.8662
pointnet,dimension_3d,prediction,3.6685,8192.0,deepjeb_3d_2d_modal,Large,100.0,mode_shapes,mode_shape_2,x,3650.7432,0.3422,211.6813,281.8248,126.6651,0.282,0.8473,0.6632,0.3413,0.7185
pointnet,dimension_3d,prediction,3.6685,8192.0,deepjeb_3d_2d_modal,Large,100.0,mode_shapes,mode_shape_2,y,3650.7432,0.3422,168.3371,284.3746,91.7302,0.6046,0.6275,0.8064,0.5504,0.7185
pointnet,dimension_3d,prediction,3.6685,8192.0,deepjeb_3d_2d_modal,Large,100.0,mode_shapes,mode_shape_2,z,3650.7432,0.3422,309.3348,404.3289,79.9171,0.7998,0.4474,0.8326,0.6564,0.7185
pointnet,dimension_3d,prediction,3.6685,8192.0,deepjeb_3d_2d_modal,Extra Large,200.0,mode_shapes,mode_shape_1,x,9206.9954,0.344,87.652,137.7693,58.572,0.8467,0.3908,0.9023,0.6457,0.9054
pointnet,dimension_3d,prediction,3.6685,8192.0,deepjeb_3d_2d_modal,Extra Large,200.0,mode_shapes,mode_shape_1,y,9206.9954,0.344,117.0098,188.1836,57.9537,0.8844,0.34,0.9053,0.7628,0.9054
pointnet,dimension_3d,prediction,3.6685,8192.0,deepjeb_3d_2d_modal,Extra Large,200.0,mode_shapes,mode_shape_1,z,9206.9954,0.344,150.7666,241.5656,36.9907,0.9064,0.3042,0.9496,0.8187,0.9054
pointnet,dimension_3d,prediction,3.6685,8192.0,deepjeb_3d_2d_modal,Extra Large,200.0,mode_shapes,mode_shape_2,x,9206.9954,0.344,109.2676,173.8243,69.6432,0.7269,0.5226,0.8634,0.6227,0.8708
pointnet,dimension_3d,prediction,3.6685,8192.0,deepjeb_3d_2d_modal,Extra Large,200.0,mode_shapes,mode_shape_2,y,9206.9954,0.344,121.393,251.4233,72.3457,0.6909,0.5548,0.8547,0.6885,0.8708
pointnet,dimension_3d,prediction,3.6685,8192.0,deepjeb_3d_2d_modal,Extra Large,200.0,mode_shapes,mode_shape_2,z,9206.9954,0.344,172.3464,262.3266,51.99,0.9157,0.2903,0.9068,0.8058,0.8708
pointnet,dimension_3d,prediction,3.6682,8192.0,deepjeb_3d_2d_torsion,Small,20.0,displacement+stress,displacement,x,599.5226,0.2118,0.0077,0.0157,146.6551,0.2109,0.8882,0.610823,0.527077,0.4304
pointnet,dimension_3d,prediction,3.6682,8192.0,deepjeb_3d_2d_torsion,Small,20.0,displacement+stress,displacement,y,599.5226,0.2118,0.0036,0.0068,129.9158,0.709,0.5378,0.666798,0.51612,0.4304
pointnet,dimension_3d,prediction,3.6682,8192.0,deepjeb_3d_2d_torsion,Small,20.0,displacement+stress,displacement,z,599.5226,0.2118,0.0055,0.0102,133.1521,0.2105,0.8881,0.667457,0.424535,0.4304
pointnet,dimension_3d,prediction,3.6682,8192.0,deepjeb_3d_2d_torsion,Small,20.0,displacement+stress,stress,,599.5226,0.2118,22.4752,37.3981,157.0654,0.0176,0.9911,0.582629,0.309946,
pointnet,dimension_3d,prediction,3.6682,8192.0,deepjeb_3d_2d_torsion,Medium,50.0,displacement+stress,displacement,x,1382.7487,0.212,0.0044,0.0086,78.7641,0.7644,0.4854,0.889682,0.742154,0.8715
pointnet,dimension_3d,prediction,3.6682,8192.0,deepjeb_3d_2d_torsion,Medium,50.0,displacement+stress,displacement,y,1382.7487,0.212,0.0024,0.0044,108.7927,0.8793,0.3463,0.725632,0.686252,0.8715
pointnet,dimension_3d,prediction,3.6682,8192.0,deepjeb_3d_2d_torsion,Medium,50.0,displacement+stress,displacement,z,1382.7487,0.212,0.0032,0.0056,90.032,0.7629,0.4866,0.819791,0.745619,0.8715
pointnet,dimension_3d,prediction,3.6682,8192.0,deepjeb_3d_2d_torsion,Medium,50.0,displacement+stress,stress,,1382.7487,0.212,17.9049,29.9406,126.0409,0.3703,0.7935,0.677159,0.538899,
pointnet,dimension_3d,prediction,3.6682,8192.0,deepjeb_3d_2d_torsion,Large,100.0,displacement+stress,displacement,x,2670.3884,0.216,0.0041,0.0082,73.5507,0.7839,0.4648,0.911619,0.747592,0.8807
pointnet,dimension_3d,prediction,3.6682,8192.0,deepjeb_3d_2d_torsion,Large,100.0,displacement+stress,displacement,y,2670.3884,0.216,0.0022,0.0042,105.2495,0.889,0.3322,0.757572,0.694813,0.8807
pointnet,dimension_3d,prediction,3.6682,8192.0,deepjeb_3d_2d_torsion,Large,100.0,displacement+stress,displacement,z,2670.3884,0.216,0.003,0.0053,86.3857,0.7903,0.4577,0.838958,0.770405,0.8807
pointnet,dimension_3d,prediction,3.6682,8192.0,deepjeb_3d_2d_torsion,Large,100.0,displacement+stress,stress,,2670.3884,0.216,17.2249,29.0865,123.0577,0.4058,0.7708,0.686141,0.549035,
pointnet,dimension_3d,prediction,3.6682,8192.0,deepjeb_3d_2d_torsion,Extra Large,200.0,displacement+stress,displacement,x,5202.6952,0.2165,0.0021,0.0041,56.5367,0.9473,0.2296,0.907615,0.946381,0.9623
pointnet,dimension_3d,prediction,3.6682,8192.0,deepjeb_3d_2d_torsion,Extra Large,200.0,displacement+stress,displacement,y,5202.6952,0.2165,0.0017,0.0034,91.6149,0.9287,0.2662,0.782281,0.773778,0.9623
pointnet,dimension_3d,prediction,3.6682,8192.0,deepjeb_3d_2d_torsion,Extra Large,200.0,displacement+stress,displacement,z,5202.6952,0.2165,0.0021,0.0037,75.3206,0.8961,0.3221,0.860306,0.831099,0.9623
pointnet,dimension_3d,prediction,3.6682,8192.0,deepjeb_3d_2d_torsion,Extra Large,200.0,displacement+stress,stress,,5202.6952,0.2165,12.0818,20.601,100.1504,0.7019,0.546,0.753459,0.747145,
pointnet,dimension_3d,prediction,3.6682,8192.0,deepjeb_3d_2d_vertical,Small,20.0,displacement+stress,displacement,x,605.19,0.2047,0.0269,0.045,120.6302,0.5278,0.6242,0.676678,0.715485,0.8242
pointnet,dimension_3d,prediction,3.6682,8192.0,deepjeb_3d_2d_vertical,Small,20.0,displacement+stress,displacement,y,605.19,0.2047,0.012,0.0212,166.1578,0.005,0.9961,0.53041,0.65063,0.8242
pointnet,dimension_3d,prediction,3.6682,8192.0,deepjeb_3d_2d_vertical,Small,20.0,displacement+stress,displacement,z,605.19,0.2047,0.0444,0.0701,85.7474,0.6245,0.4923,0.852665,0.604317,0.8242
pointnet,dimension_3d,prediction,3.6682,8192.0,deepjeb_3d_2d_vertical,Small,20.0,displacement+stress,stress,,605.19,0.2047,60.0262,82.2099,131.638,0.0334,0.9452,0.607219,0.200642,
pointnet,dimension_3d,prediction,3.6682,8192.0,deepjeb_3d_2d_vertical,Medium,50.0,displacement+stress,displacement,x,1437.0634,0.2108,0.0218,0.0371,102.9589,0.6788,0.5149,0.754829,0.790405,0.8393
pointnet,dimension_3d,prediction,3.6682,8192.0,deepjeb_3d_2d_vertical,Medium,50.0,displacement+stress,displacement,y,1437.0634,0.2108,0.0086,0.0136,113.7608,0.5913,0.6386,0.700483,0.647377,0.8393
pointnet,dimension_3d,prediction,3.6682,8192.0,deepjeb_3d_2d_vertical,Medium,50.0,displacement+stress,displacement,z,1437.0634,0.2108,0.0427,0.0652,90.9368,0.675,0.4581,0.788596,0.614591,0.8393
pointnet,dimension_3d,prediction,3.6682,8192.0,deepjeb_3d_2d_vertical,Medium,50.0,displacement+stress,stress,,1437.0634,0.2108,55.0407,77.6656,122.9368,0.1374,0.8931,0.646037,0.217475,
pointnet,dimension_3d,prediction,3.6682,8192.0,deepjeb_3d_2d_vertical,Large,100.0,displacement+stress,displacement,x,2779.3699,0.2064,0.0101,0.0173,65.279,0.9305,0.2396,0.873001,0.913394,0.979
pointnet,dimension_3d,prediction,3.6682,8192.0,deepjeb_3d_2d_vertical,Large,100.0,displacement+stress,displacement,y,2779.3699,0.2064,0.0055,0.0098,82.2306,0.7904,0.4573,0.827737,0.749841,0.979
pointnet,dimension_3d,prediction,3.6682,8192.0,deepjeb_3d_2d_vertical,Large,100.0,displacement+stress,displacement,z,2779.3699,0.2064,0.0181,0.0292,60.3309,0.9348,0.2052,0.876412,0.933399,0.979
pointnet,dimension_3d,prediction,3.6682,8192.0,deepjeb_3d_2d_vertical,Large,100.0,displacement+stress,stress,,2779.3699,0.2064,41.787,62.8889,95.1539,0.4344,0.7232,0.764518,0.434774,
pointnet,dimension_3d,prediction,3.6682,8192.0,deepjeb_3d_2d_vertical,Extra Large,200.0,displacement+stress,displacement,x,5563.5775,0.2346,0.0082,0.0146,56.2705,0.9501,0.203,0.89428,0.94398,0.989
pointnet,dimension_3d,prediction,3.6682,8192.0,deepjeb_3d_2d_vertical,Extra Large,200.0,displacement+stress,displacement,y,5563.5775,0.2346,0.0045,0.0086,70.8006,0.837,0.4032,0.864216,0.815118,0.989
pointnet,dimension_3d,prediction,3.6682,8192.0,deepjeb_3d_2d_vertical,Extra Large,200.0,displacement+stress,displacement,z,5563.5775,0.2346,0.0143,0.0246,49.7881,0.9538,0.1727,0.904092,0.954212,0.989
pointnet,dimension_3d,prediction,3.6682,8192.0,deepjeb_3d_2d_vertical,Extra Large,200.0,displacement+stress,stress,,5563.5775,0.2346,34.3419,52.1704,83.7185,0.6108,0.5999,0.806786,0.550571,
pointnet,dimension_3d,prediction,3.6681,8192.0,drivaerml_3d_2d_surface,Small,20.0,pressure+wall_shear_stress,pressure,,210.0634,0.0201,177.6618,260.6398,69.4548,0.0626,0.7365,0.8935,0.1762,
pointnet,dimension_3d,prediction,3.6681,8192.0,drivaerml_3d_2d_surface,Small,20.0,pressure+wall_shear_stress,wall_shear_stress,x,210.0634,0.0201,1.305,1.9288,123.9981,0.1389,0.8034,0.7005,0.2314,0.2353
pointnet,dimension_3d,prediction,3.6681,8192.0,drivaerml_3d_2d_surface,Small,20.0,pressure+wall_shear_stress,wall_shear_stress,y,210.0634,0.0201,0.5868,1.3542,180.9638,-0.0001,1.0,0.5,0.1103,0.2353
pointnet,dimension_3d,prediction,3.6681,8192.0,drivaerml_3d_2d_surface,Small,20.0,pressure+wall_shear_stress,wall_shear_stress,z,210.0634,0.0201,0.5809,1.0961,153.7519,0.0255,0.9852,0.5515,0.2319,0.2353
pointnet,dimension_3d,prediction,3.6681,8192.0,drivaerml_3d_2d_surface,Medium,50.0,pressure+wall_shear_stress,pressure,,266.7395,0.0198,158.8896,236.3133,65.8427,0.2295,0.6677,0.8981,0.4071,
pointnet,dimension_3d,prediction,3.6681,8192.0,drivaerml_3d_2d_surface,Medium,50.0,pressure+wall_shear_stress,wall_shear_stress,x,266.7395,0.0198,1.1571,1.7653,119.0253,0.2788,0.7352,0.7034,0.3979,0.3208
pointnet,dimension_3d,prediction,3.6681,8192.0,drivaerml_3d_2d_surface,Medium,50.0,pressure+wall_shear_stress,wall_shear_stress,y,266.7395,0.0198,0.5871,1.3542,178.0704,-0.0001,1.0,0.5003,0.2264,0.3208
pointnet,dimension_3d,prediction,3.6681,8192.0,drivaerml_3d_2d_surface,Medium,50.0,pressure+wall_shear_stress,wall_shear_stress,z,266.7395,0.0198,0.5628,1.0256,143.0985,0.1468,0.9218,0.5853,0.2871,0.3208
pointnet,dimension_3d,prediction,3.6681,8192.0,drivaerml_3d_2d_surface,Large,100.0,pressure+wall_shear_stress,pressure,,316.1338,0.0145,156.9218,236.0757,65.9104,0.231,0.6671,0.8953,0.4128,
pointnet,dimension_3d,prediction,3.6681,8192.0,drivaerml_3d_2d_surface,Large,100.0,pressure+wall_shear_stress,wall_shear_stress,x,316.1338,0.0145,1.1238,1.7259,118.3291,0.3105,0.7188,0.7047,0.4169,0.3375
pointnet,dimension_3d,prediction,3.6681,8192.0,drivaerml_3d_2d_surface,Large,100.0,pressure+wall_shear_stress,wall_shear_stress,y,316.1338,0.0145,0.5868,1.3542,179.6277,-0.0001,1.0001,0.5024,0.223,0.3375
pointnet,dimension_3d,prediction,3.6681,8192.0,drivaerml_3d_2d_surface,Large,100.0,pressure+wall_shear_stress,wall_shear_stress,z,316.1338,0.0145,0.5557,1.021,142.1362,0.1544,0.9177,0.5951,0.2932,0.3375
pointnet,dimension_3d,prediction,3.6681,8192.0,drivaerml_3d_2d_surface,Extra Large,200.0,pressure+wall_shear_stress,pressure,,434.429,0.0173,155.0018,235.1679,65.0767,0.2369,0.6645,0.8958,0.4147,
pointnet,dimension_3d,prediction,3.6681,8192.0,drivaerml_3d_2d_surface,Extra Large,200.0,pressure+wall_shear_stress,wall_shear_stress,x,434.429,0.0173,1.0895,1.6976,117.935,0.3329,0.7071,0.7029,0.436,0.347
pointnet,dimension_3d,prediction,3.6681,8192.0,drivaerml_3d_2d_surface,Extra Large,200.0,pressure+wall_shear_stress,wall_shear_stress,y,434.429,0.0173,0.5867,1.3541,181.0098,0.0,1.0,0.5012,0.2254,0.347
pointnet,dimension_3d,prediction,3.6681,8192.0,drivaerml_3d_2d_surface,Extra Large,200.0,pressure+wall_shear_stress,wall_shear_stress,z,434.429,0.0173,0.5514,1.0273,140.2441,0.144,0.9233,0.6019,0.2985,0.347
pointnet,dimension_3d,prediction,3.6682,8192.0,drivaerml_3d_3d_volume,Small,20.0,pressure_coeff+velocity+vorticity,totalpcoeff,,8.2143,0.0173,0.4272,0.5004,145.1919,0.0,0.946,0.5381,0.1044,
pointnet,dimension_3d,prediction,3.6682,8192.0,drivaerml_3d_3d_volume,Small,20.0,pressure_coeff+velocity+vorticity,velocity,x,8.2143,0.0173,14.4717,16.4114,99.6214,0.0,0.699,0.8012,0.0922,0.4212
pointnet,dimension_3d,prediction,3.6682,8192.0,drivaerml_3d_3d_volume,Small,20.0,pressure_coeff+velocity+vorticity,velocity,y,8.2143,0.0173,4.9738,8.6228,191.4222,0.0,1.0,0.5014,0.0994,0.4212
pointnet,dimension_3d,prediction,3.6682,8192.0,drivaerml_3d_3d_volume,Small,20.0,pressure_coeff+velocity+vorticity,velocity,z,8.2143,0.0173,3.9482,6.6356,161.6679,0.0,0.998,0.5171,0.0875,0.4212
pointnet,dimension_3d,prediction,3.6682,8192.0,drivaerml_3d_3d_volume,Small,20.0,pressure_coeff+velocity+vorticity,vorticity,x,8.2143,0.0173,4.8904,5.4551,197.9722,0.0,1.0,0.5012,0.1045,
pointnet,dimension_3d,prediction,3.6682,8192.0,drivaerml_3d_3d_volume,Small,20.0,pressure_coeff+velocity+vorticity,vorticity,y,8.2143,0.0173,5.2373,5.7705,165.7202,0.0,0.9908,0.5762,0.0916,
pointnet,dimension_3d,prediction,3.6682,8192.0,drivaerml_3d_3d_volume,Small,20.0,pressure_coeff+velocity+vorticity,vorticity,z,8.2143,0.0173,4.9688,5.4589,198.7932,0.0,1.0,0.5007,0.1102,
pointnet,dimension_3d,prediction,3.6682,8192.0,drivaerml_3d_3d_volume,Medium,50.0,pressure_coeff+velocity+vorticity,totalpcoeff,,76.5837,0.0193,0.4272,0.5004,145.0738,0.0,0.946,0.5381,0.1001,
pointnet,dimension_3d,prediction,3.6682,8192.0,drivaerml_3d_3d_volume,Medium,50.0,pressure_coeff+velocity+vorticity,velocity,x,76.5837,0.0193,14.4731,16.4115,99.5763,0.0,0.699,0.8012,0.0997,0.4212
pointnet,dimension_3d,prediction,3.6682,8192.0,drivaerml_3d_3d_volume,Medium,50.0,pressure_coeff+velocity+vorticity,velocity,y,76.5837,0.0193,4.974,8.6229,189.8849,0.0,1.0,0.5014,0.0827,0.4212
pointnet,dimension_3d,prediction,3.6682,8192.0,drivaerml_3d_3d_volume,Medium,50.0,pressure_coeff+velocity+vorticity,velocity,z,76.5837,0.0193,3.947,6.6356,161.8582,0.0,0.998,0.5171,0.1046,0.4212
pointnet,dimension_3d,prediction,3.6682,8192.0,drivaerml_3d_3d_volume,Medium,50.0,pressure_coeff+velocity+vorticity,vorticity,x,76.5837,0.0193,4.8904,5.4551,197.9589,0.0,1.0,0.5012,0.098,
pointnet,dimension_3d,prediction,3.6682,8192.0,drivaerml_3d_3d_volume,Medium,50.0,pressure_coeff+velocity+vorticity,vorticity,y,76.5837,0.0193,5.2358,5.7705,165.2669,0.0,0.9908,0.5762,0.1004,
pointnet,dimension_3d,prediction,3.6682,8192.0,drivaerml_3d_3d_volume,Medium,50.0,pressure_coeff+velocity+vorticity,vorticity,z,76.5837,0.0193,4.9688,5.4589,199.5757,0.0,1.0,0.5007,0.0943,
pointnet,dimension_3d,prediction,3.6682,8192.0,drivaerml_3d_3d_volume,Large,100.0,pressure_coeff+velocity+vorticity,totalpcoeff,,89.5038,0.0197,0.4272,0.5004,145.1809,0.0,0.946,0.5381,0.1002,
pointnet,dimension_3d,prediction,3.6682,8192.0,drivaerml_3d_3d_volume,Large,100.0,pressure_coeff+velocity+vorticity,velocity,x,89.5038,0.0197,14.4725,16.4114,99.595,0.0,0.699,0.8012,0.0997,0.4212
pointnet,dimension_3d,prediction,3.6682,8192.0,drivaerml_3d_3d_volume,Large,100.0,pressure_coeff+velocity+vorticity,velocity,y,89.5038,0.0197,4.9739,8.6229,190.0322,0.0,1.0,0.5014,0.0896,0.4212
pointnet,dimension_3d,prediction,3.6682,8192.0,drivaerml_3d_3d_volume,Large,100.0,pressure_coeff+velocity+vorticity,velocity,z,89.5038,0.0197,3.9457,6.6356,162.0908,0.0,0.998,0.5171,0.101,0.4212
pointnet,dimension_3d,prediction,3.6682,8192.0,drivaerml_3d_3d_volume,Large,100.0,pressure_coeff+velocity+vorticity,vorticity,x,89.5038,0.0197,4.8904,5.4551,197.6701,0.0,1.0,0.5012,0.0819,
pointnet,dimension_3d,prediction,3.6682,8192.0,drivaerml_3d_3d_volume,Large,100.0,pressure_coeff+velocity+vorticity,vorticity,y,89.5038,0.0197,5.2364,5.7705,165.4587,0.0,0.9908,0.5762,0.1006,
pointnet,dimension_3d,prediction,3.6682,8192.0,drivaerml_3d_3d_volume,Large,100.0,pressure_coeff+velocity+vorticity,vorticity,z,89.5038,0.0197,4.9688,5.4589,198.5771,0.0,1.0,0.5007,0.0919,
pointnet,dimension_3d,prediction,3.6682,8192.0,drivaerml_3d_3d_volume,Extra Large,200.0,pressure_coeff+velocity+vorticity,totalpcoeff,,331.0667,0.0166,0.4199,0.4917,145.2509,0.0342,0.9297,0.5381,0.2475,
pointnet,dimension_3d,prediction,3.6682,8192.0,drivaerml_3d_3d_volume,Extra Large,200.0,pressure_coeff+velocity+vorticity,velocity,x,331.0667,0.0166,14.3164,16.267,99.2531,0.0175,0.6929,0.8012,0.1186,0.4285
pointnet,dimension_3d,prediction,3.6682,8192.0,drivaerml_3d_3d_volume,Extra Large,200.0,pressure_coeff+velocity+vorticity,velocity,y,331.0667,0.0166,4.9739,8.6216,188.424,0.0003,0.9998,0.5111,0.0039,0.4285
pointnet,dimension_3d,prediction,3.6682,8192.0,drivaerml_3d_3d_volume,Extra Large,200.0,pressure_coeff+velocity+vorticity,velocity,z,331.0667,0.0166,3.9408,6.6235,165.2011,0.0036,0.9962,0.5319,0.1778,0.4285
pointnet,dimension_3d,prediction,3.6682,8192.0,drivaerml_3d_3d_volume,Extra Large,200.0,pressure_coeff+velocity+vorticity,vorticity,x,331.0667,0.0166,4.8905,5.4552,196.5121,0.0,1.0,0.5012,0.0,
pointnet,dimension_3d,prediction,3.6682,8192.0,drivaerml_3d_3d_volume,Extra Large,200.0,pressure_coeff+velocity+vorticity,vorticity,y,331.0667,0.0166,5.1882,5.727,164.7909,0.015,0.9833,0.5762,0.0002,
pointnet,dimension_3d,prediction,3.6682,8192.0,drivaerml_3d_3d_volume,Extra Large,200.0,pressure_coeff+velocity+vorticity,vorticity,z,331.0667,0.0166,4.9664,5.4548,192.8052,0.0015,0.9993,0.509,0.0596,
pointnet,dimension_3d,prediction,3.6682,8192.0,drivaernet_3d_2d_centerplane,Small,20.0,pressure+velocity,pressure,,109.8087,0.7212,55.3378,87.2153,77.3622,0.523,0.6665,0.855545,0.293961,
pointnet,dimension_3d,prediction,3.6682,8192.0,drivaernet_3d_2d_centerplane,Small,20.0,pressure+velocity,velocity,x,109.8087,0.7212,9.8514,11.8872,71.5307,0.2262,0.5119,0.854396,0.441927,0.7223
pointnet,dimension_3d,prediction,3.6682,8192.0,drivaernet_3d_2d_centerplane,Small,20.0,pressure+velocity,velocity,y,109.8087,0.7212,0.9928,1.7387,127.276,0.0591,0.9642,0.679096,0.1982,0.7223
pointnet,dimension_3d,prediction,3.6682,8192.0,drivaernet_3d_2d_centerplane,Small,20.0,pressure+velocity,velocity,z,109.8087,0.7212,2.7897,3.6385,125.7377,0.416,0.748,0.675376,0.460615,0.7223
pointnet,dimension_3d,prediction,3.6682,8192.0,drivaernet_3d_2d_centerplane,Medium,50.0,pressure+velocity,pressure,,138.1616,0.7408,54.6357,86.6376,75.999,0.5292,0.6621,0.85689,0.338911,
pointnet,dimension_3d,prediction,3.6682,8192.0,drivaernet_3d_2d_centerplane,Medium,50.0,pressure+velocity,velocity,x,138.1616,0.7408,9.7961,11.8337,71.5471,0.2332,0.5095,0.854396,0.462056,0.7247
pointnet,dimension_3d,prediction,3.6682,8192.0,drivaernet_3d_2d_centerplane,Medium,50.0,pressure+velocity,velocity,y,138.1616,0.7408,0.9945,1.7348,124.5219,0.0632,0.9621,0.685934,0.224698,0.7247
pointnet,dimension_3d,prediction,3.6682,8192.0,drivaernet_3d_2d_centerplane,Medium,50.0,pressure+velocity,velocity,z,138.1616,0.7408,2.7852,3.6345,124.9742,0.4173,0.7472,0.672654,0.462703,0.7247
pointnet,dimension_3d,prediction,3.6682,8192.0,drivaernet_3d_2d_centerplane,Large,100.0,pressure+velocity,pressure,,190.6118,0.7414,28.2368,49.4357,55.8399,0.8467,0.3778,0.898202,0.693407,
pointnet,dimension_3d,prediction,3.6682,8192.0,drivaernet_3d_2d_centerplane,Large,100.0,pressure+velocity,velocity,x,190.6118,0.7414,3.7877,5.4578,40.8073,0.8369,0.235,0.921563,0.663289,0.9369
pointnet,dimension_3d,prediction,3.6682,8192.0,drivaernet_3d_2d_centerplane,Large,100.0,pressure+velocity,velocity,y,190.6118,0.7414,0.8686,1.5403,115.5256,0.2616,0.8542,0.696073,0.393043,0.9369
pointnet,dimension_3d,prediction,3.6682,8192.0,drivaernet_3d_2d_centerplane,Large,100.0,pressure+velocity,velocity,z,190.6118,0.7414,1.3854,2.1209,74.7048,0.8016,0.436,0.831627,0.770332,0.9369
pointnet,dimension_3d,prediction,3.6682,8192.0,drivaernet_3d_2d_centerplane,Extra Large,200.0,pressure+velocity,pressure,,294.7499,0.7472,24.7887,45.8859,50.8548,0.868,0.3506,0.91461,0.730015,
pointnet,dimension_3d,prediction,3.6682,8192.0,drivaernet_3d_2d_centerplane,Extra Large,200.0,pressure+velocity,velocity,x,294.7499,0.7472,3.3633,5.0811,38.8814,0.8586,0.2188,0.921487,0.673363,0.9448
pointnet,dimension_3d,prediction,3.6682,8192.0,drivaernet_3d_2d_centerplane,Extra Large,200.0,pressure+velocity,velocity,y,294.7499,0.7472,0.84,1.5039,111.431,0.2961,0.834,0.703711,0.418322,0.9448
pointnet,dimension_3d,prediction,3.6682,8192.0,drivaernet_3d_2d_centerplane,Extra Large,200.0,pressure+velocity,velocity,z,294.7499,0.7472,1.2582,1.9882,69.9164,0.8256,0.4088,0.844358,0.790071,0.9448
pointnet,dimension_3d,prediction,3.6677,8192.0,drivaernet_3d_2d_surface,Small,20.0,pressure,pressure,,356.3184,0.1154,55.2397,92.0516,53.9408,0.3593,0.6199,0.9294,0.4407,
pointnet,dimension_3d,prediction,3.6677,8192.0,drivaernet_3d_2d_surface,Medium,50.0,pressure,pressure,,557.8178,0.1066,49.1277,83.414,48.4889,0.4739,0.5618,0.9427,0.4583,
pointnet,dimension_3d,prediction,3.6677,8192.0,drivaernet_3d_2d_surface,Large,100.0,pressure,pressure,,856.7717,0.109,38.5001,67.8698,40.6369,0.6517,0.4571,0.96,0.6238,
pointnet,dimension_3d,prediction,3.6677,8192.0,drivaernet_3d_2d_surface,Extra Large,200.0,pressure,pressure,,1595.6733,0.1088,31.0222,56.1229,34.2204,0.7619,0.378,0.9694,0.7306,
regdgcnn,dimension_3d,prediction,1.4418,8192.0,deepjeb_3d_2d_diagonal,Small,20.0,displacement+stress,displacement,x,779.5511,0.2102,0.0049,0.009,58.5747,0.7273,0.4172,0.885021,0.808063,0.9731
regdgcnn,dimension_3d,prediction,1.4418,8192.0,deepjeb_3d_2d_diagonal,Small,20.0,displacement+stress,displacement,y,779.5511,0.2102,0.004,0.0076,67.2089,0.8074,0.4388,0.890798,0.799343,0.9731
regdgcnn,dimension_3d,prediction,1.4418,8192.0,deepjeb_3d_2d_diagonal,Small,20.0,displacement+stress,displacement,z,779.5511,0.2102,0.0099,0.0168,41.7256,0.8999,0.2254,0.938381,0.894996,0.9731
regdgcnn,dimension_3d,prediction,1.4418,8192.0,deepjeb_3d_2d_diagonal,Small,20.0,displacement+stress,stress,,779.5511,0.2102,19.0642,29.5971,68.6505,0.6143,0.5366,0.863511,0.610894,
regdgcnn,dimension_3d,prediction,1.4418,8192.0,deepjeb_3d_2d_diagonal,Medium,50.0,displacement+stress,displacement,x,1877.8838,0.2385,0.004,0.0075,53.2516,0.8113,0.347,0.902996,0.838935,0.982
regdgcnn,dimension_3d,prediction,1.4418,8192.0,deepjeb_3d_2d_diagonal,Medium,50.0,displacement+stress,displacement,y,1877.8838,0.2385,0.0032,0.0058,60.7888,0.8901,0.3315,0.899838,0.845031,0.982
regdgcnn,dimension_3d,prediction,1.4418,8192.0,deepjeb_3d_2d_diagonal,Medium,50.0,displacement+stress,displacement,z,1877.8838,0.2385,0.008,0.0134,38.9031,0.9366,0.1794,0.936773,0.900266,0.982
regdgcnn,dimension_3d,prediction,1.4418,8192.0,deepjeb_3d_2d_diagonal,Medium,50.0,displacement+stress,stress,,1877.8838,0.2385,17.2344,27.3695,63.3333,0.6702,0.4962,0.874311,0.645692,
regdgcnn,dimension_3d,prediction,1.4418,8192.0,deepjeb_3d_2d_diagonal,Large,100.0,displacement+stress,displacement,x,3731.4653,0.2087,0.0036,0.007,49.5769,0.8374,0.3221,0.909417,0.856452,0.9865
regdgcnn,dimension_3d,prediction,1.4418,8192.0,deepjeb_3d_2d_diagonal,Large,100.0,displacement+stress,displacement,y,3731.4653,0.2087,0.0028,0.005,55.6381,0.9168,0.2885,0.909678,0.860962,0.9865
regdgcnn,dimension_3d,prediction,1.4418,8192.0,deepjeb_3d_2d_diagonal,Large,100.0,displacement+stress,displacement,z,3731.4653,0.2087,0.0069,0.0117,36.1207,0.9513,0.1571,0.942564,0.912073,0.9865
regdgcnn,dimension_3d,prediction,1.4418,8192.0,deepjeb_3d_2d_diagonal,Large,100.0,displacement+stress,stress,,3731.4653,0.2087,15.6348,25.5395,57.8131,0.7128,0.463,0.887603,0.684452,
regdgcnn,dimension_3d,prediction,1.4418,8192.0,deepjeb_3d_2d_diagonal,Extra Large,200.0,displacement+stress,displacement,x,7297.144,0.2082,0.003,0.006,45.4526,0.8789,0.278,0.921963,0.870349,0.9894
regdgcnn,dimension_3d,prediction,1.4418,8192.0,deepjeb_3d_2d_diagonal,Extra Large,200.0,displacement+stress,displacement,y,7297.144,0.2082,0.0024,0.0042,51.5575,0.9411,0.2427,0.916765,0.883223,0.9894
regdgcnn,dimension_3d,prediction,1.4418,8192.0,deepjeb_3d_2d_diagonal,Extra Large,200.0,displacement+stress,displacement,z,7297.144,0.2082,0.0062,0.0104,33.7536,0.9618,0.1393,0.944635,0.914347,0.9894
regdgcnn,dimension_3d,prediction,1.4418,8192.0,deepjeb_3d_2d_diagonal,Extra Large,200.0,displacement+stress,stress,,7297.144,0.2082,14.3113,23.9013,52.9262,0.7485,0.4333,0.898534,0.710037,
regdgcnn,dimension_3d,prediction,1.4418,8192.0,deepjeb_3d_2d_horizontal,Small,20.0,displacement+stress,displacement,x,772.3909,0.2188,0.0107,0.0217,49.5989,0.9177,0.235,0.914881,0.95746,0.9816
regdgcnn,dimension_3d,prediction,1.4418,8192.0,deepjeb_3d_2d_horizontal,Small,20.0,displacement+stress,displacement,y,772.3909,0.2188,0.0026,0.0041,80.1222,0.7206,0.5253,0.836312,0.677902,0.9816
regdgcnn,dimension_3d,prediction,1.4418,8192.0,deepjeb_3d_2d_horizontal,Small,20.0,displacement+stress,displacement,z,772.3909,0.2188,0.011,0.0209,57.7081,0.9266,0.2523,0.883561,0.939934,0.9816
regdgcnn,dimension_3d,prediction,1.4418,8192.0,deepjeb_3d_2d_horizontal,Small,20.0,displacement+stress,stress,,772.3909,0.2188,29.4711,47.0767,78.3834,0.5864,0.6335,0.818824,0.520129,
regdgcnn,dimension_3d,prediction,1.4418,8192.0,deepjeb_3d_2d_horizontal,Medium,50.0,displacement+stress,displacement,x,1848.6567,0.2079,0.0082,0.0165,43.7511,0.9527,0.1782,0.926086,0.95642,0.9867
regdgcnn,dimension_3d,prediction,1.4418,8192.0,deepjeb_3d_2d_horizontal,Medium,50.0,displacement+stress,displacement,y,1848.6567,0.2079,0.0021,0.0034,69.8803,0.8039,0.44,0.866806,0.73788,0.9867
regdgcnn,dimension_3d,prediction,1.4418,8192.0,deepjeb_3d_2d_horizontal,Medium,50.0,displacement+stress,displacement,z,1848.6567,0.2079,0.0082,0.0149,50.5184,0.963,0.1792,0.898748,0.939595,0.9867
regdgcnn,dimension_3d,prediction,1.4418,8192.0,deepjeb_3d_2d_horizontal,Medium,50.0,displacement+stress,stress,,1848.6567,0.2079,25.6554,42.7655,71.9416,0.6587,0.5755,0.840661,0.590667,
regdgcnn,dimension_3d,prediction,1.4418,8192.0,deepjeb_3d_2d_horizontal,Large,100.0,displacement+stress,displacement,x,3715.4519,0.2096,0.0069,0.0138,38.8343,0.9668,0.1493,0.935548,0.966789,0.9905
regdgcnn,dimension_3d,prediction,1.4418,8192.0,deepjeb_3d_2d_horizontal,Large,100.0,displacement+stress,displacement,y,3715.4519,0.2096,0.0019,0.0032,64.2196,0.8351,0.4035,0.881514,0.762144,0.9905
regdgcnn,dimension_3d,prediction,1.4418,8192.0,deepjeb_3d_2d_horizontal,Large,100.0,displacement+stress,displacement,z,3715.4519,0.2096,0.0072,0.0128,44.5636,0.9724,0.1547,0.918384,0.95389,0.9905
regdgcnn,dimension_3d,prediction,1.4418,8192.0,deepjeb_3d_2d_horizontal,Large,100.0,displacement+stress,stress,,3715.4519,0.2096,23.4904,40.3775,65.9293,0.6957,0.5433,0.854357,0.632886,
regdgcnn,dimension_3d,prediction,1.4418,8192.0,deepjeb_3d_2d_horizontal,Extra Large,200.0,displacement+stress,displacement,x,7299.464,0.2084,0.0059,0.0118,38.2213,0.9757,0.1277,0.93093,0.968574,0.992
regdgcnn,dimension_3d,prediction,1.4418,8192.0,deepjeb_3d_2d_horizontal,Extra Large,200.0,displacement+stress,displacement,y,7299.464,0.2084,0.0017,0.0029,60.8926,0.8648,0.3653,0.889578,0.783844,0.992
regdgcnn,dimension_3d,prediction,1.4418,8192.0,deepjeb_3d_2d_horizontal,Extra Large,200.0,displacement+stress,displacement,z,7299.464,0.2084,0.0063,0.0114,42.3234,0.9782,0.1376,0.921856,0.95641,0.992
regdgcnn,dimension_3d,prediction,1.4418,8192.0,deepjeb_3d_2d_horizontal,Extra Large,200.0,displacement+stress,stress,,7299.464,0.2084,21.8729,38.2492,62.3963,0.727,0.5147,0.864809,0.665512,
regdgcnn,dimension_3d,prediction,1.4421,8192.0,deepjeb_3d_2d_modal,Small,20.0,mode_shapes,mode_shape_1,x,1188.5961,0.3405,104.6242,173.0027,64.0583,0.7583,0.4908,0.8829,0.5641,0.8827
regdgcnn,dimension_3d,prediction,1.4421,8192.0,deepjeb_3d_2d_modal,Small,20.0,mode_shapes,mode_shape_1,y,1188.5961,0.3405,125.4438,205.9507,62.8745,0.8615,0.3721,0.8847,0.7387,0.8827
regdgcnn,dimension_3d,prediction,1.4421,8192.0,deepjeb_3d_2d_modal,Small,20.0,mode_shapes,mode_shape_1,z,1188.5961,0.3405,163.4424,254.8882,40.1269,0.8958,0.3209,0.9443,0.7859,0.8827
regdgcnn,dimension_3d,prediction,1.4421,8192.0,deepjeb_3d_2d_modal,Small,20.0,mode_shapes,mode_shape_2,x,1188.5961,0.3405,123.6338,188.6929,77.2381,0.6781,0.5673,0.8452,0.5624,0.8504
regdgcnn,dimension_3d,prediction,1.4421,8192.0,deepjeb_3d_2d_modal,Small,20.0,mode_shapes,mode_shape_2,y,1188.5961,0.3405,132.5224,260.8985,79.5404,0.6672,0.5757,0.8348,0.6214,0.8504
regdgcnn,dimension_3d,prediction,1.4421,8192.0,deepjeb_3d_2d_modal,Small,20.0,mode_shapes,mode_shape_2,z,1188.5961,0.3405,194.7172,282.387,58.1379,0.9023,0.3125,0.8928,0.775,0.8504
regdgcnn,dimension_3d,prediction,1.4421,8192.0,deepjeb_3d_2d_modal,Medium,50.0,mode_shapes,mode_shape_1,x,2560.5668,0.3407,82.7325,138.7453,57.2334,0.8445,0.3936,0.9018,0.6423,0.9117
regdgcnn,dimension_3d,prediction,1.4421,8192.0,deepjeb_3d_2d_modal,Medium,50.0,mode_shapes,mode_shape_1,y,2560.5668,0.3407,103.5811,172.3342,55.0048,0.903,0.3114,0.9114,0.7828,0.9117
regdgcnn,dimension_3d,prediction,1.4421,8192.0,deepjeb_3d_2d_modal,Medium,50.0,mode_shapes,mode_shape_1,z,2560.5668,0.3407,146.9639,239.7785,36.4897,0.9078,0.3019,0.9489,0.8016,0.9117
regdgcnn,dimension_3d,prediction,1.4421,8192.0,deepjeb_3d_2d_modal,Medium,50.0,mode_shapes,mode_shape_2,x,2560.5668,0.3407,107.7409,172.5157,70.0808,0.731,0.5187,0.8634,0.6242,0.8733
regdgcnn,dimension_3d,prediction,1.4421,8192.0,deepjeb_3d_2d_modal,Medium,50.0,mode_shapes,mode_shape_2,y,2560.5668,0.3407,116.4046,240.262,71.3339,0.7177,0.5302,0.8566,0.6905,0.8733
regdgcnn,dimension_3d,prediction,1.4421,8192.0,deepjeb_3d_2d_modal,Medium,50.0,mode_shapes,mode_shape_2,z,2560.5668,0.3407,179.6926,269.3519,54.1736,0.9112,0.2981,0.9025,0.7865,0.8733
regdgcnn,dimension_3d,prediction,1.4421,8192.0,deepjeb_3d_2d_modal,Large,100.0,mode_shapes,mode_shape_1,x,4966.7438,0.3417,70.5072,123.3386,51.1582,0.8771,0.3499,0.9148,0.6987,0.9257
regdgcnn,dimension_3d,prediction,1.4421,8192.0,deepjeb_3d_2d_modal,Large,100.0,mode_shapes,mode_shape_1,y,4966.7438,0.3417,89.9377,156.6525,48.6934,0.9199,0.283,0.9242,0.8161,0.9257
regdgcnn,dimension_3d,prediction,1.4421,8192.0,deepjeb_3d_2d_modal,Large,100.0,mode_shapes,mode_shape_1,z,4966.7438,0.3417,132.7981,222.5035,33.683,0.9206,0.2802,0.9534,0.827,0.9257
regdgcnn,dimension_3d,prediction,1.4421,8192.0,deepjeb_3d_2d_modal,Large,100.0,mode_shapes,mode_shape_2,x,4966.7438,0.3417,94.8448,161.2343,62.6409,0.765,0.4848,0.8816,0.6672,0.8928
regdgcnn,dimension_3d,prediction,1.4421,8192.0,deepjeb_3d_2d_modal,Large,100.0,mode_shapes,mode_shape_2,y,4966.7438,0.3417,103.8142,221.096,65.9066,0.761,0.4879,0.8718,0.7302,0.8928
regdgcnn,dimension_3d,prediction,1.4421,8192.0,deepjeb_3d_2d_modal,Large,100.0,mode_shapes,mode_shape_2,z,4966.7438,0.3417,160.448,247.8874,49.6559,0.9248,0.2743,0.9125,0.8056,0.8928
regdgcnn,dimension_3d,prediction,1.4421,8192.0,deepjeb_3d_2d_modal,Extra Large,200.0,mode_shapes,mode_shape_1,x,9804.4237,0.3413,64.7081,115.9501,48.4577,0.8914,0.3289,0.9198,0.7238,0.9329
regdgcnn,dimension_3d,prediction,1.4421,8192.0,deepjeb_3d_2d_modal,Extra Large,200.0,mode_shapes,mode_shape_1,y,9804.4237,0.3413,81.3897,142.2039,46.1659,0.934,0.2569,0.9274,0.8344,0.9329
regdgcnn,dimension_3d,prediction,1.4421,8192.0,deepjeb_3d_2d_modal,Extra Large,200.0,mode_shapes,mode_shape_1,z,9804.4237,0.3413,126.209,217.7611,32.3636,0.9239,0.2742,0.9548,0.8338,0.9329
regdgcnn,dimension_3d,prediction,1.4421,8192.0,deepjeb_3d_2d_modal,Extra Large,200.0,mode_shapes,mode_shape_2,x,9804.4237,0.3413,87.3095,153.3682,59.0215,0.7874,0.4611,0.8937,0.697,0.9038
regdgcnn,dimension_3d,prediction,1.4421,8192.0,deepjeb_3d_2d_modal,Extra Large,200.0,mode_shapes,mode_shape_2,y,9804.4237,0.3413,97.9974,208.8828,63.3511,0.7866,0.4609,0.879,0.737,0.9038
regdgcnn,dimension_3d,prediction,1.4421,8192.0,deepjeb_3d_2d_modal,Extra Large,200.0,mode_shapes,mode_shape_2,z,9804.4237,0.3413,149.6859,235.7184,47.3719,0.932,0.2608,0.9169,0.8151,0.9038
regdgcnn,dimension_3d,prediction,1.4418,8192.0,deepjeb_3d_2d_torsion,Small,20.0,displacement+stress,displacement,x,720.3761,0.2032,0.0018,0.0037,52.6514,0.9562,0.2092,0.920419,0.945284,0.9663
regdgcnn,dimension_3d,prediction,1.4418,8192.0,deepjeb_3d_2d_torsion,Small,20.0,displacement+stress,displacement,y,720.3761,0.2032,0.0017,0.0034,89.0102,0.9257,0.2717,0.804594,0.779712,0.9663
regdgcnn,dimension_3d,prediction,1.4418,8192.0,deepjeb_3d_2d_torsion,Small,20.0,displacement+stress,displacement,z,720.3761,0.2032,0.0018,0.0032,66.6519,0.9243,0.275,0.880894,0.853179,0.9663
regdgcnn,dimension_3d,prediction,1.4418,8192.0,deepjeb_3d_2d_torsion,Small,20.0,displacement+stress,stress,,720.3761,0.2032,11.0013,19.5217,91.2197,0.7323,0.5174,0.777335,0.784051,
regdgcnn,dimension_3d,prediction,1.4418,8192.0,deepjeb_3d_2d_torsion,Medium,50.0,displacement+stress,displacement,x,1775.2088,0.2031,0.0015,0.0033,46.6074,0.9655,0.1858,0.928775,0.951411,0.977
regdgcnn,dimension_3d,prediction,1.4418,8192.0,deepjeb_3d_2d_torsion,Medium,50.0,displacement+stress,displacement,y,1775.2088,0.2031,0.0013,0.0028,77.2301,0.9488,0.2257,0.835965,0.834274,0.977
regdgcnn,dimension_3d,prediction,1.4418,8192.0,deepjeb_3d_2d_torsion,Medium,50.0,displacement+stress,displacement,z,1775.2088,0.2031,0.0015,0.0028,60.8732,0.9395,0.2459,0.893529,0.870879,0.977
regdgcnn,dimension_3d,prediction,1.4418,8192.0,deepjeb_3d_2d_torsion,Medium,50.0,displacement+stress,stress,,1775.2088,0.2031,9.9089,17.9429,84.3131,0.7739,0.4755,0.805259,0.806227,
regdgcnn,dimension_3d,prediction,1.4418,8192.0,deepjeb_3d_2d_torsion,Large,100.0,displacement+stress,displacement,x,3539.7906,0.2039,0.0014,0.0028,46.4219,0.9742,0.1607,0.927121,0.956501,0.9823
regdgcnn,dimension_3d,prediction,1.4418,8192.0,deepjeb_3d_2d_torsion,Large,100.0,displacement+stress,displacement,y,3539.7906,0.2039,0.0012,0.0025,74.4766,0.959,0.2019,0.843494,0.852816,0.9823
regdgcnn,dimension_3d,prediction,1.4418,8192.0,deepjeb_3d_2d_torsion,Large,100.0,displacement+stress,displacement,z,3539.7906,0.2039,0.0013,0.0024,58.1614,0.9552,0.2116,0.894548,0.886085,0.9823
regdgcnn,dimension_3d,prediction,1.4418,8192.0,deepjeb_3d_2d_torsion,Large,100.0,displacement+stress,stress,,3539.7906,0.2039,9.1444,17.0195,78.278,0.7965,0.451,0.822415,0.821153,
regdgcnn,dimension_3d,prediction,1.4418,8192.0,deepjeb_3d_2d_torsion,Extra Large,200.0,displacement+stress,displacement,x,7097.435,0.2017,0.0012,0.0025,42.6344,0.9804,0.1401,0.932542,0.960947,0.9859
regdgcnn,dimension_3d,prediction,1.4418,8192.0,deepjeb_3d_2d_torsion,Extra Large,200.0,displacement+stress,displacement,y,7097.435,0.2017,0.001,0.0022,69.8428,0.9686,0.1767,0.857606,0.866171,0.9859
regdgcnn,dimension_3d,prediction,1.4418,8192.0,deepjeb_3d_2d_torsion,Extra Large,200.0,displacement+stress,displacement,z,7097.435,0.2017,0.0012,0.0021,54.5316,0.9668,0.1821,0.902983,0.896803,0.9859
regdgcnn,dimension_3d,prediction,1.4418,8192.0,deepjeb_3d_2d_torsion,Extra Large,200.0,displacement+stress,stress,,7097.435,0.2017,8.4476,16.0415,73.4884,0.8193,0.4251,0.835236,0.835233,
regdgcnn,dimension_3d,prediction,1.4418,8192.0,deepjeb_3d_2d_vertical,Small,20.0,displacement+stress,displacement,x,756.5512,0.2108,0.0093,0.0175,62.3082,0.9289,0.2424,0.877565,0.93317,0.9846
regdgcnn,dimension_3d,prediction,1.4418,8192.0,deepjeb_3d_2d_vertical,Small,20.0,displacement+stress,displacement,y,756.5512,0.2108,0.0044,0.0083,76.9098,0.8484,0.3889,0.846709,0.803961,0.9846
regdgcnn,dimension_3d,prediction,1.4418,8192.0,deepjeb_3d_2d_vertical,Small,20.0,displacement+stress,displacement,z,756.5512,0.2108,0.016,0.0281,59.31,0.9399,0.197,0.86393,0.948965,0.9846
regdgcnn,dimension_3d,prediction,1.4418,8192.0,deepjeb_3d_2d_vertical,Small,20.0,displacement+stress,stress,,756.5512,0.2108,32.0051,49.8345,78.4911,0.6448,0.573,0.819512,0.60819,
regdgcnn,dimension_3d,prediction,1.4418,8192.0,deepjeb_3d_2d_vertical,Medium,50.0,displacement+stress,displacement,x,1860.8585,0.2126,0.0071,0.0131,55.1418,0.9602,0.1812,0.893837,0.941873,0.9885
regdgcnn,dimension_3d,prediction,1.4418,8192.0,deepjeb_3d_2d_vertical,Medium,50.0,displacement+stress,displacement,y,1860.8585,0.2126,0.0036,0.0065,69.2083,0.9057,0.3067,0.861114,0.851516,0.9885
regdgcnn,dimension_3d,prediction,1.4418,8192.0,deepjeb_3d_2d_vertical,Medium,50.0,displacement+stress,displacement,z,1860.8585,0.2126,0.0122,0.0202,52.7706,0.9689,0.1416,0.886103,0.950527,0.9885
regdgcnn,dimension_3d,prediction,1.4418,8192.0,deepjeb_3d_2d_vertical,Medium,50.0,displacement+stress,stress,,1860.8585,0.2126,28.7323,45.8368,72.5063,0.6995,0.5271,0.838337,0.645101,
regdgcnn,dimension_3d,prediction,1.4418,8192.0,deepjeb_3d_2d_vertical,Large,100.0,displacement+stress,displacement,x,3675.6553,0.2097,0.006,0.0116,50.2947,0.9686,0.161,0.904082,0.951949,0.9923
regdgcnn,dimension_3d,prediction,1.4418,8192.0,deepjeb_3d_2d_vertical,Large,100.0,displacement+stress,displacement,y,3675.6553,0.2097,0.0031,0.0054,63.7179,0.9352,0.2542,0.877912,0.871819,0.9923
regdgcnn,dimension_3d,prediction,1.4418,8192.0,deepjeb_3d_2d_vertical,Large,100.0,displacement+stress,displacement,z,3675.6553,0.2097,0.0105,0.0183,45.2425,0.9745,0.1284,0.91374,0.957194,0.9923
regdgcnn,dimension_3d,prediction,1.4418,8192.0,deepjeb_3d_2d_vertical,Large,100.0,displacement+stress,stress,,3675.6553,0.2097,26.1612,43.0186,65.8314,0.7353,0.4947,0.858497,0.680628,
regdgcnn,dimension_3d,prediction,1.4418,8192.0,deepjeb_3d_2d_vertical,Extra Large,200.0,displacement+stress,displacement,x,7317.9966,0.2122,0.0053,0.0096,46.1826,0.9784,0.1335,0.915931,0.958567,0.994
regdgcnn,dimension_3d,prediction,1.4418,8192.0,deepjeb_3d_2d_vertical,Extra Large,200.0,displacement+stress,displacement,y,7317.9966,0.2122,0.0028,0.005,60.096,0.9447,0.235,0.88687,0.890889,0.994
regdgcnn,dimension_3d,prediction,1.4418,8192.0,deepjeb_3d_2d_vertical,Extra Large,200.0,displacement+stress,displacement,z,7317.9966,0.2122,0.0095,0.016,41.7116,0.9805,0.1121,0.924559,0.963082,0.994
regdgcnn,dimension_3d,prediction,1.4418,8192.0,deepjeb_3d_2d_vertical,Extra Large,200.0,displacement+stress,stress,,7317.9966,0.2122,24.5217,40.8208,62.4771,0.7617,0.4694,0.867586,0.70568,
regdgcnn,dimension_3d,prediction,1.4418,8192.0,drivaerml_3d_2d_surface,Small,20.0,pressure+wall_shear_stress,pressure,,122.1567,0.0332,179.2098,269.2901,69.8141,-0.0006,0.7609,0.8935,0.2654,
regdgcnn,dimension_3d,prediction,1.4418,8192.0,drivaerml_3d_2d_surface,Small,20.0,pressure+wall_shear_stress,wall_shear_stress,x,122.1567,0.0332,1.5217,2.0787,129.1432,-0.0002,0.8658,0.6969,0.2037,0.164
regdgcnn,dimension_3d,prediction,1.4418,8192.0,drivaerml_3d_2d_surface,Small,20.0,pressure+wall_shear_stress,wall_shear_stress,y,122.1567,0.0332,0.5925,1.3551,159.5521,-0.0015,1.0007,0.5021,0.1462,0.164
regdgcnn,dimension_3d,prediction,1.4418,8192.0,drivaerml_3d_2d_surface,Small,20.0,pressure+wall_shear_stress,wall_shear_stress,z,122.1567,0.0332,0.5709,1.1107,161.4196,-0.0006,0.9982,0.5146,0.0708,0.164
regdgcnn,dimension_3d,prediction,1.4418,8192.0,drivaerml_3d_2d_surface,Medium,50.0,pressure+wall_shear_stress,pressure,,198.4984,0.2243,177.7416,267.513,68.9095,0.0126,0.7559,0.8935,0.3415,
regdgcnn,dimension_3d,prediction,1.4418,8192.0,drivaerml_3d_2d_surface,Medium,50.0,pressure+wall_shear_stress,wall_shear_stress,x,198.4984,0.2243,1.497,2.075,129.7824,0.0035,0.8642,0.6969,0.3034,0.1662
regdgcnn,dimension_3d,prediction,1.4418,8192.0,drivaerml_3d_2d_surface,Medium,50.0,pressure+wall_shear_stress,wall_shear_stress,y,198.4984,0.2243,0.5871,1.3543,177.992,-0.0002,1.0001,0.4992,0.1216,0.1662
regdgcnn,dimension_3d,prediction,1.4418,8192.0,drivaerml_3d_2d_surface,Medium,50.0,pressure+wall_shear_stress,wall_shear_stress,z,198.4984,0.2243,0.5754,1.1103,157.1948,0.0001,0.9979,0.5146,0.2043,0.1662
regdgcnn,dimension_3d,prediction,1.4418,8192.0,drivaerml_3d_2d_surface,Large,100.0,pressure+wall_shear_stress,pressure,,510.5902,0.2925,178.6098,271.3765,70.83,-0.0162,0.7668,0.8935,0.3061,
regdgcnn,dimension_3d,prediction,1.4418,8192.0,drivaerml_3d_2d_surface,Large,100.0,pressure+wall_shear_stress,wall_shear_stress,x,510.5902,0.2925,1.4162,2.1066,132.9714,-0.0272,0.8774,0.6969,0.2391,0.163
regdgcnn,dimension_3d,prediction,1.4418,8192.0,drivaerml_3d_2d_surface,Large,100.0,pressure+wall_shear_stress,wall_shear_stress,y,510.5902,0.2925,0.5914,1.3549,163.9418,-0.0012,1.0006,0.502,0.0382,0.163
regdgcnn,dimension_3d,prediction,1.4418,8192.0,drivaerml_3d_2d_surface,Large,100.0,pressure+wall_shear_stress,wall_shear_stress,z,510.5902,0.2925,0.5898,1.1115,152.6737,-0.002,0.999,0.5146,0.2269,0.163
regdgcnn,dimension_3d,prediction,1.4418,8192.0,drivaerml_3d_2d_surface,Extra Large,200.0,pressure+wall_shear_stress,pressure,,510.425,0.0316,168.4218,262.1571,78.939,0.0517,0.7408,0.8324,0.4866,
regdgcnn,dimension_3d,prediction,1.4418,8192.0,drivaerml_3d_2d_surface,Extra Large,200.0,pressure+wall_shear_stress,wall_shear_stress,x,510.425,0.0316,1.455,1.9827,131.6331,0.0902,0.8258,0.6868,0.4785,0.2068
regdgcnn,dimension_3d,prediction,1.4418,8192.0,drivaerml_3d_2d_surface,Extra Large,200.0,pressure+wall_shear_stress,wall_shear_stress,y,510.425,0.0316,0.5964,1.3559,161.2245,-0.0026,1.0013,0.5017,0.1415,0.2068
regdgcnn,dimension_3d,prediction,1.4418,8192.0,drivaerml_3d_2d_surface,Extra Large,200.0,pressure+wall_shear_stress,wall_shear_stress,z,510.425,0.0316,0.581,1.119,156.8928,-0.0156,1.0057,0.4855,0.1458,0.2068
regdgcnn,dimension_3d,prediction,1.4422,8192.0,drivaerml_3d_3d_volume,Small,20.0,pressure_coeff+velocity+vorticity,totalpcoeff,,427.6293,0.0432,0.3604,0.4356,135.7298,0.2423,0.8235,0.5525,0.5215,
regdgcnn,dimension_3d,prediction,1.4422,8192.0,drivaerml_3d_3d_volume,Small,20.0,pressure_coeff+velocity+vorticity,velocity,x,427.6293,0.0432,12.8643,15.1838,91.225,0.144,0.6467,0.8012,0.3449,0.4998
regdgcnn,dimension_3d,prediction,1.4422,8192.0,drivaerml_3d_3d_volume,Small,20.0,pressure_coeff+velocity+vorticity,velocity,y,427.6293,0.0432,5.0908,8.5145,146.1636,0.025,0.9874,0.5761,0.2307,0.4998
regdgcnn,dimension_3d,prediction,1.4422,8192.0,drivaerml_3d_3d_volume,Small,20.0,pressure_coeff+velocity+vorticity,velocity,z,427.6293,0.0432,4.162,6.5506,149.1347,0.0255,0.9852,0.5298,0.2118,0.4998
regdgcnn,dimension_3d,prediction,1.4422,8192.0,drivaerml_3d_3d_volume,Small,20.0,pressure_coeff+velocity+vorticity,vorticity,x,427.6293,0.0432,4.8914,5.4546,186.8221,0.0002,0.9999,0.5109,0.0741,
regdgcnn,dimension_3d,prediction,1.4422,8192.0,drivaerml_3d_3d_volume,Small,20.0,pressure_coeff+velocity+vorticity,vorticity,y,427.6293,0.0432,4.9343,5.6094,147.8325,0.055,0.9631,0.5909,0.016,
regdgcnn,dimension_3d,prediction,1.4422,8192.0,drivaerml_3d_3d_volume,Small,20.0,pressure_coeff+velocity+vorticity,vorticity,z,427.6293,0.0432,4.7774,5.31,164.0042,0.0538,0.9727,0.6032,0.0275,
regdgcnn,dimension_3d,prediction,1.4422,8192.0,drivaerml_3d_3d_volume,Medium,50.0,pressure_coeff+velocity+vorticity,totalpcoeff,,538.1162,0.0339,0.3184,0.4343,110.3036,0.2467,0.8211,0.6894,0.4983,
regdgcnn,dimension_3d,prediction,1.4422,8192.0,drivaerml_3d_3d_volume,Medium,50.0,pressure_coeff+velocity+vorticity,velocity,x,538.1162,0.0339,11.8427,14.5354,93.9195,0.2156,0.6191,0.801,0.3377,0.5078
regdgcnn,dimension_3d,prediction,1.4422,8192.0,drivaerml_3d_3d_volume,Medium,50.0,pressure_coeff+velocity+vorticity,velocity,y,538.1162,0.0339,5.3811,8.9765,147.9215,-0.0837,1.041,0.5599,0.3071,0.5078
regdgcnn,dimension_3d,prediction,1.4422,8192.0,drivaerml_3d_3d_volume,Medium,50.0,pressure_coeff+velocity+vorticity,velocity,z,538.1162,0.0339,3.938,6.3794,150.02,0.0757,0.9595,0.555,0.2008,0.5078
regdgcnn,dimension_3d,prediction,1.4422,8192.0,drivaerml_3d_3d_volume,Medium,50.0,pressure_coeff+velocity+vorticity,vorticity,x,538.1162,0.0339,4.8789,5.5036,175.0105,-0.0179,1.0089,0.5192,0.2895,
regdgcnn,dimension_3d,prediction,1.4422,8192.0,drivaerml_3d_3d_volume,Medium,50.0,pressure_coeff+velocity+vorticity,vorticity,y,538.1162,0.0339,5.0229,5.782,147.6105,-0.004,0.9928,0.5839,0.1233,
regdgcnn,dimension_3d,prediction,1.4422,8192.0,drivaerml_3d_3d_volume,Medium,50.0,pressure_coeff+velocity+vorticity,vorticity,z,538.1162,0.0339,4.6165,5.2342,152.2198,0.0806,0.9588,0.6017,0.0431,
regdgcnn,dimension_3d,prediction,1.4422,8192.0,drivaerml_3d_3d_volume,Large,100.0,pressure_coeff+velocity+vorticity,totalpcoeff,,1249.1735,0.0366,0.2927,0.4074,99.596,0.3372,0.7702,0.7101,0.6137,
regdgcnn,dimension_3d,prediction,1.4422,8192.0,drivaerml_3d_3d_volume,Large,100.0,pressure_coeff+velocity+vorticity,velocity,x,1249.1735,0.0366,11.0384,14.3093,88.7092,0.2398,0.6095,0.802,0.4552,0.5494
regdgcnn,dimension_3d,prediction,1.4422,8192.0,drivaerml_3d_3d_volume,Large,100.0,pressure_coeff+velocity+vorticity,velocity,y,1249.1735,0.0366,5.2478,8.7036,135.0145,-0.0188,1.0094,0.6137,0.3782,0.5494
regdgcnn,dimension_3d,prediction,1.4422,8192.0,drivaerml_3d_3d_volume,Large,100.0,pressure_coeff+velocity+vorticity,velocity,z,1249.1735,0.0366,3.7457,6.2219,142.0335,0.1208,0.9358,0.5936,0.3561,0.5494
regdgcnn,dimension_3d,prediction,1.4422,8192.0,drivaerml_3d_3d_volume,Large,100.0,pressure_coeff+velocity+vorticity,vorticity,x,1249.1735,0.0366,4.8726,5.7504,161.4616,-0.1112,1.0541,0.5304,0.3677,
regdgcnn,dimension_3d,prediction,1.4422,8192.0,drivaerml_3d_3d_volume,Large,100.0,pressure_coeff+velocity+vorticity,vorticity,y,1249.1735,0.0366,4.7837,6.1964,125.3928,-0.1531,1.0639,0.6222,0.4105,
regdgcnn,dimension_3d,prediction,1.4422,8192.0,drivaerml_3d_3d_volume,Large,100.0,pressure_coeff+velocity+vorticity,vorticity,z,1249.1735,0.0366,4.3611,5.0808,138.5648,0.1337,0.9307,0.6351,0.1151,
regdgcnn,dimension_3d,prediction,1.4422,8192.0,drivaerml_3d_3d_volume,Extra Large,200.0,pressure_coeff+velocity+vorticity,totalpcoeff,,3025.7068,0.0338,0.22,0.376,68.6904,0.4352,0.711,0.8195,0.726,
regdgcnn,dimension_3d,prediction,1.4422,8192.0,drivaerml_3d_3d_volume,Extra Large,200.0,pressure_coeff+velocity+vorticity,velocity,x,3025.7068,0.0338,6.9275,10.5493,78.3568,0.5868,0.4493,0.8482,0.6034,0.7282
regdgcnn,dimension_3d,prediction,1.4422,8192.0,drivaerml_3d_3d_volume,Extra Large,200.0,pressure_coeff+velocity+vorticity,velocity,y,3025.7068,0.0338,3.9724,7.0919,115.9283,0.3236,0.8225,0.6923,0.4927,0.7282
regdgcnn,dimension_3d,prediction,1.4422,8192.0,drivaerml_3d_3d_volume,Extra Large,200.0,pressure_coeff+velocity+vorticity,velocity,z,3025.7068,0.0338,2.8383,4.5329,118.0963,0.5334,0.6818,0.683,0.5749,0.7282
regdgcnn,dimension_3d,prediction,1.4422,8192.0,drivaerml_3d_3d_volume,Extra Large,200.0,pressure_coeff+velocity+vorticity,vorticity,x,3025.7068,0.0338,4.6058,5.82,142.0159,-0.1382,1.0669,0.5943,0.3823,
regdgcnn,dimension_3d,prediction,1.4422,8192.0,drivaerml_3d_3d_volume,Extra Large,200.0,pressure_coeff+velocity+vorticity,vorticity,y,3025.7068,0.0338,4.4301,6.3716,110.324,-0.2192,1.094,0.6718,0.4559,
regdgcnn,dimension_3d,prediction,1.4422,8192.0,drivaerml_3d_3d_volume,Extra Large,200.0,pressure_coeff+velocity+vorticity,vorticity,z,3025.7068,0.0338,3.7989,4.7249,121.019,0.2508,0.8656,0.6782,0.2429,
regdgcnn,dimension_3d,prediction,1.4418,8192.0,drivaernet_3d_2d_centerplane,Small,20.0,pressure+velocity,pressure,,293.7707,0.7819,22.3564,36.1086,49.6158,0.9182,0.2759,0.9234,0.774728,
regdgcnn,dimension_3d,prediction,1.4418,8192.0,drivaernet_3d_2d_centerplane,Small,20.0,pressure+velocity,velocity,x,293.7707,0.7819,2.7866,4.3573,37.1631,0.896,0.1876,0.925257,0.818442,0.957
regdgcnn,dimension_3d,prediction,1.4418,8192.0,drivaernet_3d_2d_centerplane,Small,20.0,pressure+velocity,velocity,y,293.7707,0.7819,0.8775,1.5959,106.776,0.2073,0.885,0.71681,0.399004,0.957
regdgcnn,dimension_3d,prediction,1.4418,8192.0,drivaernet_3d_2d_centerplane,Small,20.0,pressure+velocity,velocity,z,293.7707,0.7819,1.1734,1.8778,67.8114,0.8445,0.386,0.846867,0.788486,0.957
regdgcnn,dimension_3d,prediction,1.4418,8192.0,drivaernet_3d_2d_centerplane,Medium,50.0,pressure+velocity,pressure,,654.1431,0.6965,18.2961,29.1377,43.4104,0.9468,0.2227,0.936051,0.834349,
regdgcnn,dimension_3d,prediction,1.4418,8192.0,drivaernet_3d_2d_centerplane,Medium,50.0,pressure+velocity,velocity,x,654.1431,0.6965,2.2816,3.6557,33.8292,0.9268,0.1574,0.93096,0.858166,0.9683
regdgcnn,dimension_3d,prediction,1.4418,8192.0,drivaernet_3d_2d_centerplane,Medium,50.0,pressure+velocity,velocity,y,654.1431,0.6965,0.8242,1.5206,101.5972,0.2803,0.8433,0.733786,0.432972,0.9683
regdgcnn,dimension_3d,prediction,1.4418,8192.0,drivaernet_3d_2d_centerplane,Medium,50.0,pressure+velocity,velocity,z,654.1431,0.6965,1.0092,1.6485,63.9284,0.8801,0.3389,0.859101,0.823238,0.9683
regdgcnn,dimension_3d,prediction,1.4418,8192.0,drivaernet_3d_2d_centerplane,Large,100.0,pressure+velocity,pressure,,1258.2914,0.6961,15.3989,24.723,39.444,0.9617,0.1889,0.942256,0.867746,
regdgcnn,dimension_3d,prediction,1.4418,8192.0,drivaernet_3d_2d_centerplane,Large,100.0,pressure+velocity,velocity,x,1258.2914,0.6961,2.0318,3.3244,31.7029,0.9395,0.1431,0.935378,0.869553,0.9728
regdgcnn,dimension_3d,prediction,1.4418,8192.0,drivaernet_3d_2d_centerplane,Large,100.0,pressure+velocity,velocity,y,1258.2914,0.6961,0.8126,1.5015,99.2085,0.2983,0.8327,0.734146,0.444786,0.9728
regdgcnn,dimension_3d,prediction,1.4418,8192.0,drivaernet_3d_2d_centerplane,Large,100.0,pressure+velocity,velocity,z,1258.2914,0.6961,0.9227,1.5515,60.9927,0.8938,0.319,0.863575,0.840891,0.9728
regdgcnn,dimension_3d,prediction,1.4418,8192.0,drivaernet_3d_2d_centerplane,Extra Large,200.0,pressure+velocity,pressure,,2476.4348,0.699,14.2968,22.836,37.6535,0.9673,0.1745,0.944933,0.881343,
regdgcnn,dimension_3d,prediction,1.4418,8192.0,drivaernet_3d_2d_centerplane,Extra Large,200.0,pressure+velocity,velocity,x,2476.4348,0.699,1.8966,3.1072,30.3583,0.9471,0.1338,0.938516,0.875993,0.9757
regdgcnn,dimension_3d,prediction,1.4418,8192.0,drivaernet_3d_2d_centerplane,Extra Large,200.0,pressure+velocity,velocity,y,2476.4348,0.699,0.8048,1.4891,96.5937,0.3098,0.8258,0.76003,0.454237,0.9757
regdgcnn,dimension_3d,prediction,1.4418,8192.0,drivaernet_3d_2d_centerplane,Extra Large,200.0,pressure+velocity,velocity,z,2476.4348,0.699,0.8704,1.4599,59.3338,0.906,0.3001,0.86934,0.848293,0.9757
regdgcnn,dimension_3d,prediction,1.4414,8192.0,drivaernet_3d_2d_surface,Small,20.0,pressure,pressure,,512.6954,0.1175,33.566,59.8237,36.385,0.7294,0.4029,0.9637,0.7215,
regdgcnn,dimension_3d,prediction,1.4414,8192.0,drivaernet_3d_2d_surface,Medium,50.0,pressure,pressure,,954.2954,0.118,27.7737,50.1448,31.6571,0.8099,0.3377,0.9702,0.7763,
regdgcnn,dimension_3d,prediction,1.4414,8192.0,drivaernet_3d_2d_surface,Large,100.0,pressure,pressure,,1707.7734,0.1177,24.4767,44.495,28.7926,0.8503,0.2997,0.9739,0.8078,
regdgcnn,dimension_3d,prediction,1.4414,8192.0,drivaernet_3d_2d_surface,Extra Large,200.0,pressure,pressure,,2969.2833,0.1174,22.301,40.5107,27.1316,0.8759,0.2728,0.9761,0.8232,
transolver,dimension_3d,prediction,3.7788,8192.0,deepjeb_3d_2d_diagonal,Small,20.0,displacement+stress,displacement,x,652.1013,0.216,0.005,0.0091,57.9885,0.7222,0.421,0.897685,0.805646,0.9703
transolver,dimension_3d,prediction,3.7788,8192.0,deepjeb_3d_2d_diagonal,Small,20.0,displacement+stress,displacement,y,652.1013,0.216,0.0043,0.008,68.9483,0.7846,0.4641,0.887671,0.78358,0.9703
transolver,dimension_3d,prediction,3.7788,8192.0,deepjeb_3d_2d_diagonal,Small,20.0,displacement+stress,displacement,z,652.1013,0.216,0.0101,0.0172,41.9414,0.8944,0.2315,0.937084,0.903062,0.9703
transolver,dimension_3d,prediction,3.7788,8192.0,deepjeb_3d_2d_diagonal,Small,20.0,displacement+stress,stress,,652.1013,0.216,21.7125,33.6238,72.5178,0.5022,0.6096,0.845844,0.544593,
transolver,dimension_3d,prediction,3.7788,8192.0,deepjeb_3d_2d_diagonal,Medium,50.0,displacement+stress,displacement,x,1452.2166,0.2242,0.0041,0.0076,51.5336,0.8047,0.3531,0.912368,0.836955,0.9813
transolver,dimension_3d,prediction,3.7788,8192.0,deepjeb_3d_2d_diagonal,Medium,50.0,displacement+stress,displacement,y,1452.2166,0.2242,0.0032,0.0065,58.4834,0.8596,0.3746,0.90182,0.831314,0.9813
transolver,dimension_3d,prediction,3.7788,8192.0,deepjeb_3d_2d_diagonal,Medium,50.0,displacement+stress,displacement,z,1452.2166,0.2242,0.0084,0.0142,36.4979,0.9282,0.1909,0.947146,0.91086,0.9813
transolver,dimension_3d,prediction,3.7788,8192.0,deepjeb_3d_2d_diagonal,Medium,50.0,displacement+stress,stress,,1452.2166,0.2242,18.2708,29.4004,61.8716,0.6194,0.533,0.874291,0.622847,
transolver,dimension_3d,prediction,3.7788,8192.0,deepjeb_3d_2d_diagonal,Large,100.0,displacement+stress,displacement,x,2779.4536,0.2551,0.0033,0.0066,42.4485,0.8527,0.3066,0.933272,0.873001,0.989
transolver,dimension_3d,prediction,3.7788,8192.0,deepjeb_3d_2d_diagonal,Large,100.0,displacement+stress,displacement,y,2779.4536,0.2551,0.0026,0.0051,50.7064,0.9146,0.2921,0.916107,0.873802,0.989
transolver,dimension_3d,prediction,3.7788,8192.0,deepjeb_3d_2d_diagonal,Large,100.0,displacement+stress,displacement,z,2779.4536,0.2551,0.0067,0.012,30.6311,0.9492,0.1605,0.953567,0.933346,0.989
transolver,dimension_3d,prediction,3.7788,8192.0,deepjeb_3d_2d_diagonal,Large,100.0,displacement+stress,stress,,2779.4536,0.2551,15.339,25.8652,53.038,0.7054,0.4689,0.897917,0.69167,
transolver,dimension_3d,prediction,3.7788,8192.0,deepjeb_3d_2d_diagonal,Extra Large,200.0,displacement+stress,displacement,x,4968.2435,0.3055,0.003,0.006,40.8412,0.8775,0.2796,0.935134,0.880791,0.9918
transolver,dimension_3d,prediction,3.7788,8192.0,deepjeb_3d_2d_diagonal,Extra Large,200.0,displacement+stress,displacement,y,4968.2435,0.3055,0.0021,0.0041,45.5037,0.9453,0.2339,0.925319,0.897477,0.9918
transolver,dimension_3d,prediction,3.7788,8192.0,deepjeb_3d_2d_diagonal,Extra Large,200.0,displacement+stress,displacement,z,4968.2435,0.3055,0.0052,0.0098,27.7593,0.9662,0.131,0.956133,0.935746,0.9918
transolver,dimension_3d,prediction,3.7788,8192.0,deepjeb_3d_2d_diagonal,Extra Large,200.0,displacement+stress,stress,,4968.2435,0.3055,13.5462,23.6921,47.8161,0.7528,0.4295,0.907069,0.729897,
transolver,dimension_3d,prediction,3.7788,8192.0,deepjeb_3d_2d_horizontal,Small,20.0,displacement+stress,displacement,x,652.8664,0.2429,0.0122,0.0223,51.0249,0.9131,0.2415,0.90726,0.960208,0.9845
transolver,dimension_3d,prediction,3.7788,8192.0,deepjeb_3d_2d_horizontal,Small,20.0,displacement+stress,displacement,y,652.8664,0.2429,0.0032,0.0051,86.5438,0.575,0.6478,0.808844,0.658896,0.9845
transolver,dimension_3d,prediction,3.7788,8192.0,deepjeb_3d_2d_horizontal,Small,20.0,displacement+stress,displacement,z,652.8664,0.2429,0.013,0.0229,56.3499,0.9124,0.2756,0.907111,0.949665,0.9845
transolver,dimension_3d,prediction,3.7788,8192.0,deepjeb_3d_2d_horizontal,Small,20.0,displacement+stress,stress,,652.8664,0.2429,33.1846,52.5652,85.0464,0.4843,0.7073,0.790592,0.481563,
transolver,dimension_3d,prediction,3.7788,8192.0,deepjeb_3d_2d_horizontal,Medium,50.0,displacement+stress,displacement,x,1458.171,0.2584,0.009,0.0175,39.8315,0.9466,0.1892,0.937505,0.972593,0.9906
transolver,dimension_3d,prediction,3.7788,8192.0,deepjeb_3d_2d_horizontal,Medium,50.0,displacement+stress,displacement,y,1458.171,0.2584,0.0021,0.0035,67.9155,0.7985,0.446,0.87147,0.74347,0.9906
transolver,dimension_3d,prediction,3.7788,8192.0,deepjeb_3d_2d_horizontal,Medium,50.0,displacement+stress,displacement,z,1458.171,0.2584,0.0089,0.0165,44.7946,0.9545,0.1987,0.923949,0.960115,0.9906
transolver,dimension_3d,prediction,3.7788,8192.0,deepjeb_3d_2d_horizontal,Medium,50.0,displacement+stress,stress,,1458.171,0.2584,25.3556,43.4635,69.8204,0.6474,0.5849,0.841276,0.612107,
transolver,dimension_3d,prediction,3.7788,8192.0,deepjeb_3d_2d_horizontal,Large,100.0,displacement+stress,displacement,x,2788.6327,0.2589,0.0063,0.0138,32.5713,0.9667,0.1494,0.947559,0.976943,0.9938
transolver,dimension_3d,prediction,3.7788,8192.0,deepjeb_3d_2d_horizontal,Large,100.0,displacement+stress,displacement,y,2788.6327,0.2589,0.0018,0.0032,61.9362,0.8282,0.4119,0.885719,0.771661,0.9938
transolver,dimension_3d,prediction,3.7788,8192.0,deepjeb_3d_2d_horizontal,Large,100.0,displacement+stress,displacement,z,2788.6327,0.2589,0.0065,0.0129,36.9475,0.972,0.1558,0.938405,0.966154,0.9938
transolver,dimension_3d,prediction,3.7788,8192.0,deepjeb_3d_2d_horizontal,Large,100.0,displacement+stress,stress,,2788.6327,0.2589,21.001,39.8897,56.2869,0.703,0.5368,0.87119,0.685035,
transolver,dimension_3d,prediction,3.7788,8192.0,deepjeb_3d_2d_horizontal,Extra Large,200.0,displacement+stress,displacement,x,5417.5414,0.3307,0.005,0.0114,27.9396,0.9774,0.1233,0.957334,0.979201,0.9951
transolver,dimension_3d,prediction,3.7788,8192.0,deepjeb_3d_2d_horizontal,Extra Large,200.0,displacement+stress,displacement,y,5417.5414,0.3307,0.0015,0.0028,55.1997,0.8705,0.3576,0.901186,0.807043,0.9951
transolver,dimension_3d,prediction,3.7788,8192.0,deepjeb_3d_2d_horizontal,Extra Large,200.0,displacement+stress,displacement,z,5417.5414,0.3307,0.0054,0.0111,34.0709,0.9795,0.1333,0.941148,0.970205,0.9951
transolver,dimension_3d,prediction,3.7788,8192.0,deepjeb_3d_2d_horizontal,Extra Large,200.0,displacement+stress,stress,,5417.5414,0.3307,18.3239,36.0717,50.6623,0.7572,0.4854,0.891417,0.722889,
transolver,dimension_3d,prediction,3.7793,8192.0,deepjeb_3d_2d_modal,Small,20.0,mode_shapes,mode_shape_1,x,678.2,0.3658,97.4871,155.2359,60.603,0.8054,0.4404,0.8996,0.5899,0.8927
transolver,dimension_3d,prediction,3.7793,8192.0,deepjeb_3d_2d_modal,Small,20.0,mode_shapes,mode_shape_1,y,678.2,0.3658,121.6133,198.2745,58.4893,0.8717,0.3582,0.9079,0.7552,0.8927
transolver,dimension_3d,prediction,3.7793,8192.0,deepjeb_3d_2d_modal,Small,20.0,mode_shapes,mode_shape_1,z,678.2,0.3658,163.5926,257.0678,39.9096,0.894,0.3237,0.9442,0.7967,0.8927
transolver,dimension_3d,prediction,3.7793,8192.0,deepjeb_3d_2d_modal,Small,20.0,mode_shapes,mode_shape_2,x,678.2,0.3658,120.4052,203.75,72.7998,0.6247,0.6126,0.8543,0.6073,0.8555
transolver,dimension_3d,prediction,3.7793,8192.0,deepjeb_3d_2d_modal,Small,20.0,mode_shapes,mode_shape_2,y,678.2,0.3658,127.0732,257.037,75.5589,0.6769,0.5672,0.8408,0.6747,0.8555
transolver,dimension_3d,prediction,3.7793,8192.0,deepjeb_3d_2d_modal,Small,20.0,mode_shapes,mode_shape_2,z,678.2,0.3658,189.9545,282.3769,55.0793,0.9024,0.3125,0.8983,0.7873,0.8555
transolver,dimension_3d,prediction,3.7793,8192.0,deepjeb_3d_2d_modal,Medium,50.0,mode_shapes,mode_shape_1,x,1232.4568,0.3512,79.1814,127.7,54.103,0.8683,0.3623,0.9102,0.6688,0.9081
transolver,dimension_3d,prediction,3.7793,8192.0,deepjeb_3d_2d_modal,Medium,50.0,mode_shapes,mode_shape_1,y,1232.4568,0.3512,110.5468,184.6337,57.8732,0.8887,0.3336,0.9008,0.7691,0.9081
transolver,dimension_3d,prediction,3.7793,8192.0,deepjeb_3d_2d_modal,Medium,50.0,mode_shapes,mode_shape_1,z,1232.4568,0.3512,148.995,251.4802,36.9653,0.8986,0.3166,0.9468,0.81,0.9081
transolver,dimension_3d,prediction,3.7793,8192.0,deepjeb_3d_2d_modal,Medium,50.0,mode_shapes,mode_shape_2,x,1232.4568,0.3512,107.969,188.8971,66.8349,0.6774,0.5679,0.8659,0.6408,0.8675
transolver,dimension_3d,prediction,3.7793,8192.0,deepjeb_3d_2d_modal,Medium,50.0,mode_shapes,mode_shape_2,y,1232.4568,0.3512,119.7164,259.5746,70.6088,0.6705,0.5728,0.8587,0.6976,0.8675
transolver,dimension_3d,prediction,3.7793,8192.0,deepjeb_3d_2d_modal,Medium,50.0,mode_shapes,mode_shape_2,z,1232.4568,0.3512,176.7577,271.844,53.1229,0.9095,0.3008,0.9004,0.7929,0.8675
transolver,dimension_3d,prediction,3.7793,8192.0,deepjeb_3d_2d_modal,Large,100.0,mode_shapes,mode_shape_1,x,2238.1275,0.3419,63.4247,105.4687,47.3934,0.9102,0.2992,0.9225,0.7435,0.9355
transolver,dimension_3d,prediction,3.7793,8192.0,deepjeb_3d_2d_modal,Large,100.0,mode_shapes,mode_shape_1,y,2238.1275,0.3419,85.5852,145.418,46.8277,0.931,0.2627,0.93,0.818,0.9355
transolver,dimension_3d,prediction,3.7793,8192.0,deepjeb_3d_2d_modal,Large,100.0,mode_shapes,mode_shape_1,z,2238.1275,0.3419,122.0628,211.5469,32.0559,0.9282,0.2664,0.9551,0.8509,0.9355
transolver,dimension_3d,prediction,3.7793,8192.0,deepjeb_3d_2d_modal,Large,100.0,mode_shapes,mode_shape_2,x,2238.1275,0.3419,89.0421,165.0484,58.7666,0.7537,0.4962,0.8889,0.704,0.9017
transolver,dimension_3d,prediction,3.7793,8192.0,deepjeb_3d_2d_modal,Large,100.0,mode_shapes,mode_shape_2,y,2238.1275,0.3419,100.4555,219.1432,61.9583,0.7652,0.4836,0.8815,0.7459,0.9017
transolver,dimension_3d,prediction,3.7793,8192.0,deepjeb_3d_2d_modal,Large,100.0,mode_shapes,mode_shape_2,z,2238.1275,0.3419,148.5339,239.5763,46.1698,0.9297,0.2651,0.9187,0.8227,0.9017
transolver,dimension_3d,prediction,3.7793,8192.0,deepjeb_3d_2d_modal,Extra Large,200.0,mode_shapes,mode_shape_1,x,7416.8542,0.3409,58.0089,100.5925,44.8423,0.9183,0.2854,0.9285,0.7587,0.9424
transolver,dimension_3d,prediction,3.7793,8192.0,deepjeb_3d_2d_modal,Extra Large,200.0,mode_shapes,mode_shape_1,y,7416.8542,0.3409,77.3066,135.9185,43.325,0.9397,0.2456,0.9352,0.8351,0.9424
transolver,dimension_3d,prediction,3.7793,8192.0,deepjeb_3d_2d_modal,Extra Large,200.0,mode_shapes,mode_shape_1,z,7416.8542,0.3409,110.4939,204.5448,29.0216,0.9329,0.2575,0.9597,0.8626,0.9424
transolver,dimension_3d,prediction,3.7793,8192.0,deepjeb_3d_2d_modal,Extra Large,200.0,mode_shapes,mode_shape_2,x,7416.8542,0.3409,79.1935,152.7151,54.3125,0.7892,0.4592,0.9002,0.7381,0.9094
transolver,dimension_3d,prediction,3.7793,8192.0,deepjeb_3d_2d_modal,Extra Large,200.0,mode_shapes,mode_shape_2,y,7416.8542,0.3409,90.9214,221.3529,57.6633,0.7604,0.4884,0.8934,0.7657,0.9094
transolver,dimension_3d,prediction,3.7793,8192.0,deepjeb_3d_2d_modal,Extra Large,200.0,mode_shapes,mode_shape_2,z,7416.8542,0.3409,132.2594,220.0897,43.7637,0.9407,0.2436,0.9212,0.8384,0.9094
transolver,dimension_3d,prediction,3.7788,8192.0,deepjeb_3d_2d_torsion,Small,20.0,displacement+stress,displacement,x,622.2652,0.2087,0.0019,0.0038,55.0165,0.9543,0.2137,0.899979,0.94873,0.9653
transolver,dimension_3d,prediction,3.7788,8192.0,deepjeb_3d_2d_torsion,Small,20.0,displacement+stress,displacement,y,622.2652,0.2087,0.0016,0.0033,86.3137,0.9316,0.2608,0.810941,0.787834,0.9653
transolver,dimension_3d,prediction,3.7788,8192.0,deepjeb_3d_2d_torsion,Small,20.0,displacement+stress,displacement,z,622.2652,0.2087,0.002,0.0035,69.2616,0.9056,0.3071,0.880091,0.844962,0.9653
transolver,dimension_3d,prediction,3.7788,8192.0,deepjeb_3d_2d_torsion,Small,20.0,displacement+stress,stress,,622.2652,0.2087,11.8736,21.1664,97.5386,0.6853,0.5609,0.762443,0.778708,
transolver,dimension_3d,prediction,3.7788,8192.0,deepjeb_3d_2d_torsion,Medium,50.0,displacement+stress,displacement,x,1376.9374,0.2279,0.0015,0.0031,46.6542,0.9702,0.1726,0.92863,0.950686,0.9778
transolver,dimension_3d,prediction,3.7788,8192.0,deepjeb_3d_2d_torsion,Medium,50.0,displacement+stress,displacement,y,1376.9374,0.2279,0.0013,0.0027,78.5705,0.954,0.2138,0.830931,0.829651,0.9778
transolver,dimension_3d,prediction,3.7788,8192.0,deepjeb_3d_2d_torsion,Medium,50.0,displacement+stress,displacement,z,1376.9374,0.2279,0.0015,0.0027,60.5101,0.9457,0.2328,0.896468,0.879646,0.9778
transolver,dimension_3d,prediction,3.7788,8192.0,deepjeb_3d_2d_torsion,Medium,50.0,displacement+stress,stress,,1376.9374,0.2279,10.1363,18.4372,85.5885,0.7612,0.4886,0.789617,0.813629,
transolver,dimension_3d,prediction,3.7788,8192.0,deepjeb_3d_2d_torsion,Large,100.0,displacement+stress,displacement,x,2674.32,0.2491,0.0012,0.0025,43.7147,0.9797,0.1423,0.92461,0.962068,0.986
transolver,dimension_3d,prediction,3.7788,8192.0,deepjeb_3d_2d_torsion,Large,100.0,displacement+stress,displacement,y,2674.32,0.2491,0.001,0.0023,65.6604,0.9678,0.1788,0.868357,0.873118,0.986
transolver,dimension_3d,prediction,3.7788,8192.0,deepjeb_3d_2d_torsion,Large,100.0,displacement+stress,displacement,z,2674.32,0.2491,0.0011,0.0021,49.8754,0.967,0.1817,0.915874,0.904974,0.986
transolver,dimension_3d,prediction,3.7788,8192.0,deepjeb_3d_2d_torsion,Large,100.0,displacement+stress,stress,,2674.32,0.2491,8.3925,16.9017,71.4068,0.7993,0.4479,0.829632,0.858164,
transolver,dimension_3d,prediction,3.7788,8192.0,deepjeb_3d_2d_torsion,Extra Large,200.0,displacement+stress,displacement,x,5214.3823,0.3108,0.001,0.0022,35.1759,0.984,0.1266,0.946793,0.968066,0.9897
transolver,dimension_3d,prediction,3.7788,8192.0,deepjeb_3d_2d_torsion,Extra Large,200.0,displacement+stress,displacement,y,5214.3823,0.3108,0.0009,0.002,57.9934,0.9744,0.1596,0.891409,0.886144,0.9897
transolver,dimension_3d,prediction,3.7788,8192.0,deepjeb_3d_2d_torsion,Extra Large,200.0,displacement+stress,displacement,z,5214.3823,0.3108,0.0009,0.0018,43.8946,0.976,0.155,0.92866,0.919734,0.9897
transolver,dimension_3d,prediction,3.7788,8192.0,deepjeb_3d_2d_torsion,Extra Large,200.0,displacement+stress,stress,,5214.3823,0.3108,7.3141,15.6076,61.6247,0.8289,0.4136,0.865013,0.87337,
transolver,dimension_3d,prediction,3.7788,8192.0,deepjeb_3d_2d_vertical,Small,20.0,displacement+stress,displacement,x,657.209,0.2703,0.0102,0.0184,61.5281,0.9213,0.2549,0.886821,0.937299,0.9845
transolver,dimension_3d,prediction,3.7788,8192.0,deepjeb_3d_2d_vertical,Small,20.0,displacement+stress,displacement,y,657.209,0.2703,0.005,0.0093,76.1875,0.808,0.4377,0.850697,0.786024,0.9845
transolver,dimension_3d,prediction,3.7788,8192.0,deepjeb_3d_2d_vertical,Small,20.0,displacement+stress,displacement,z,657.209,0.2703,0.0176,0.0317,52.7843,0.9233,0.2225,0.905526,0.956657,0.9845
transolver,dimension_3d,prediction,3.7788,8192.0,deepjeb_3d_2d_vertical,Small,20.0,displacement+stress,stress,,657.209,0.2703,35.4191,54.6291,85.0048,0.5732,0.6282,0.797019,0.527326,
transolver,dimension_3d,prediction,3.7788,8192.0,deepjeb_3d_2d_vertical,Medium,50.0,displacement+stress,displacement,x,1445.0374,0.2656,0.0072,0.0131,50.2881,0.9599,0.1819,0.913919,0.954571,0.991
transolver,dimension_3d,prediction,3.7788,8192.0,deepjeb_3d_2d_vertical,Medium,50.0,displacement+stress,displacement,y,1445.0374,0.2656,0.0038,0.0074,64.7642,0.878,0.3489,0.876,0.838137,0.991
transolver,dimension_3d,prediction,3.7788,8192.0,deepjeb_3d_2d_vertical,Medium,50.0,displacement+stress,displacement,z,1445.0374,0.2656,0.0126,0.0216,49.0425,0.9645,0.1515,0.901067,0.963045,0.991
transolver,dimension_3d,prediction,3.7788,8192.0,deepjeb_3d_2d_vertical,Medium,50.0,displacement+stress,stress,,1445.0374,0.2656,29.9839,48.0082,72.8089,0.6704,0.552,0.833349,0.635807,
transolver,dimension_3d,prediction,3.7788,8192.0,deepjeb_3d_2d_vertical,Large,100.0,displacement+stress,displacement,x,2628.3527,0.278,0.0053,0.011,41.9531,0.9718,0.1527,0.929261,0.962513,0.9941
transolver,dimension_3d,prediction,3.7788,8192.0,deepjeb_3d_2d_vertical,Large,100.0,displacement+stress,displacement,y,2628.3527,0.278,0.0032,0.0063,58.8405,0.9128,0.295,0.892549,0.866432,0.9941
transolver,dimension_3d,prediction,3.7788,8192.0,deepjeb_3d_2d_vertical,Large,100.0,displacement+stress,displacement,z,2628.3527,0.278,0.0104,0.0194,38.1486,0.9712,0.1363,0.93642,0.970374,0.9941
transolver,dimension_3d,prediction,3.7788,8192.0,deepjeb_3d_2d_vertical,Large,100.0,displacement+stress,stress,,2628.3527,0.278,25.4868,43.1604,63.2375,0.7336,0.4963,0.859295,0.692928,
transolver,dimension_3d,prediction,3.7788,8192.0,deepjeb_3d_2d_vertical,Extra Large,200.0,displacement+stress,displacement,x,5452.8753,0.4178,0.0045,0.0098,36.6134,0.9775,0.1363,0.938447,0.970664,0.9966
transolver,dimension_3d,prediction,3.7788,8192.0,deepjeb_3d_2d_vertical,Extra Large,200.0,displacement+stress,displacement,y,5452.8753,0.4178,0.0024,0.0047,48.9629,0.9507,0.2218,0.914094,0.906806,0.9966
transolver,dimension_3d,prediction,3.7788,8192.0,deepjeb_3d_2d_vertical,Extra Large,200.0,displacement+stress,displacement,z,5452.8753,0.4178,0.008,0.0161,32.8496,0.9802,0.1131,0.941686,0.975949,0.9966
transolver,dimension_3d,prediction,3.7788,8192.0,deepjeb_3d_2d_vertical,Extra Large,200.0,displacement+stress,stress,,5452.8753,0.4178,20.687,38.7051,49.5123,0.7858,0.4451,0.890827,0.7578,
transolver,dimension_3d,prediction,3.7783,8192.0,drivaerml_3d_2d_surface,Small,20.0,pressure+wall_shear_stress,pressure,,268.5012,0.0608,110.1153,176.9625,48.225,0.5679,0.5,0.938,0.6025,
transolver,dimension_3d,prediction,3.7783,8192.0,drivaerml_3d_2d_surface,Small,20.0,pressure+wall_shear_stress,wall_shear_stress,x,268.5012,0.0608,0.9393,1.4866,112.3116,0.4885,0.6192,0.7157,0.567,0.5103
transolver,dimension_3d,prediction,3.7783,8192.0,drivaerml_3d_2d_surface,Small,20.0,pressure+wall_shear_stress,wall_shear_stress,y,268.5012,0.0608,0.5239,1.1564,148.327,0.2707,0.854,0.5658,0.4834,0.5103
transolver,dimension_3d,prediction,3.7783,8192.0,drivaerml_3d_2d_surface,Small,20.0,pressure+wall_shear_stress,wall_shear_stress,z,268.5012,0.0608,0.4903,0.8851,131.1492,0.3645,0.7955,0.6343,0.4705,0.5103
transolver,dimension_3d,prediction,3.7783,8192.0,drivaerml_3d_2d_surface,Medium,50.0,pressure+wall_shear_stress,pressure,,385.2293,0.0223,96.6561,162.7111,42.7982,0.6347,0.4598,0.9428,0.6424,
transolver,dimension_3d,prediction,3.7783,8192.0,drivaerml_3d_2d_surface,Medium,50.0,pressure+wall_shear_stress,wall_shear_stress,x,385.2293,0.0223,0.8463,1.3814,107.8181,0.5583,0.5754,0.7292,0.6104,0.561
transolver,dimension_3d,prediction,3.7783,8192.0,drivaerml_3d_2d_surface,Medium,50.0,pressure+wall_shear_stress,wall_shear_stress,y,385.2293,0.0223,0.5082,1.1376,143.8087,0.2942,0.8401,0.5831,0.5069,0.561
transolver,dimension_3d,prediction,3.7783,8192.0,drivaerml_3d_2d_surface,Medium,50.0,pressure+wall_shear_stress,wall_shear_stress,z,385.2293,0.0223,0.4532,0.8249,122.1554,0.4481,0.7414,0.6693,0.5057,0.561
transolver,dimension_3d,prediction,3.7783,8192.0,drivaerml_3d_2d_surface,Large,100.0,pressure+wall_shear_stress,pressure,,472.7258,0.0156,89.203,154.2844,39.704,0.6716,0.436,0.9476,0.6641,
transolver,dimension_3d,prediction,3.7783,8192.0,drivaerml_3d_2d_surface,Large,100.0,pressure+wall_shear_stress,wall_shear_stress,x,472.7258,0.0156,0.8,1.3209,104.6738,0.5962,0.5501,0.7371,0.6365,0.5885
transolver,dimension_3d,prediction,3.7783,8192.0,drivaerml_3d_2d_surface,Large,100.0,pressure+wall_shear_stress,wall_shear_stress,y,472.7258,0.0156,0.5046,1.1317,137.5735,0.3015,0.8357,0.5999,0.5293,0.5885
transolver,dimension_3d,prediction,3.7783,8192.0,drivaerml_3d_2d_surface,Large,100.0,pressure+wall_shear_stress,wall_shear_stress,z,472.7258,0.0156,0.43,0.7887,118.4266,0.4955,0.7089,0.6851,0.5384,0.5885
transolver,dimension_3d,prediction,3.7783,8192.0,drivaerml_3d_2d_surface,Extra Large,200.0,pressure+wall_shear_stress,pressure,,919.3915,0.0157,57.9049,105.2293,30.0512,0.8472,0.2973,0.9647,0.8003,
transolver,dimension_3d,prediction,3.7783,8192.0,drivaerml_3d_2d_surface,Extra Large,200.0,pressure+wall_shear_stress,wall_shear_stress,x,919.3915,0.0157,0.541,0.9225,89.9551,0.803,0.3842,0.7813,0.7711,0.7897
transolver,dimension_3d,prediction,3.7783,8192.0,drivaerml_3d_2d_surface,Extra Large,200.0,pressure+wall_shear_stress,wall_shear_stress,y,919.3915,0.0157,0.392,0.795,118.7031,0.6553,0.5871,0.673,0.6728,0.7897
transolver,dimension_3d,prediction,3.7783,8192.0,drivaerml_3d_2d_surface,Extra Large,200.0,pressure+wall_shear_stress,wall_shear_stress,z,919.3915,0.0157,0.3307,0.6144,102.7202,0.6938,0.5522,0.7416,0.6817,0.7897
transolver,dimension_3d,prediction,3.778,8192.0,drivaerml_3d_3d_volume,Small,20.0,pressure_coeff+velocity+vorticity,totalpcoeff,,274.3223,0.0622,0.3215,0.4087,123.82,0.3328,0.7727,0.7046,0.5453,
transolver,dimension_3d,prediction,3.778,8192.0,drivaerml_3d_3d_volume,Small,20.0,pressure_coeff+velocity+vorticity,velocity,x,274.3223,0.0622,10.4968,13.1053,89.6034,0.3623,0.5582,0.8012,0.4654,0.5731
transolver,dimension_3d,prediction,3.778,8192.0,drivaerml_3d_3d_volume,Small,20.0,pressure_coeff+velocity+vorticity,velocity,y,274.3223,0.0622,4.9737,8.6092,175.8255,0.0032,0.9984,0.5095,0.1442,0.5731
transolver,dimension_3d,prediction,3.778,8192.0,drivaerml_3d_3d_volume,Small,20.0,pressure_coeff+velocity+vorticity,velocity,z,274.3223,0.0622,3.9915,6.34,152.836,0.0871,0.9536,0.5443,0.2769,0.5731
transolver,dimension_3d,prediction,3.778,8192.0,drivaerml_3d_3d_volume,Small,20.0,pressure_coeff+velocity+vorticity,vorticity,x,274.3223,0.0622,4.89,5.456,194.9983,-0.0003,1.0002,0.501,0.0848,
transolver,dimension_3d,prediction,3.778,8192.0,drivaerml_3d_3d_volume,Small,20.0,pressure_coeff+velocity+vorticity,vorticity,y,274.3223,0.0622,4.7616,5.4436,139.865,0.1101,0.9347,0.6591,0.0361,
transolver,dimension_3d,prediction,3.778,8192.0,drivaerml_3d_3d_volume,Small,20.0,pressure_coeff+velocity+vorticity,vorticity,z,274.3223,0.0622,4.9639,5.4521,188.5997,0.0025,0.9988,0.5179,0.0389,
transolver,dimension_3d,prediction,3.778,8192.0,drivaerml_3d_3d_volume,Medium,50.0,pressure_coeff+velocity+vorticity,totalpcoeff,,394.4049,0.0224,0.1856,0.2767,71.8466,0.6942,0.5232,0.8468,0.6666,
transolver,dimension_3d,prediction,3.778,8192.0,drivaerml_3d_3d_volume,Medium,50.0,pressure_coeff+velocity+vorticity,velocity,x,394.4049,0.0224,6.6632,9.3198,73.4467,0.6775,0.397,0.8356,0.5852,0.7927
transolver,dimension_3d,prediction,3.778,8192.0,drivaerml_3d_3d_volume,Medium,50.0,pressure_coeff+velocity+vorticity,velocity,y,394.4049,0.0224,3.6831,5.9284,113.4458,0.5273,0.6875,0.7053,0.6438,0.7927
transolver,dimension_3d,prediction,3.778,8192.0,drivaerml_3d_3d_volume,Medium,50.0,pressure_coeff+velocity+vorticity,velocity,z,394.4049,0.0224,2.6808,4.125,116.3673,0.6136,0.6204,0.7026,0.6298,0.7927
transolver,dimension_3d,prediction,3.778,8192.0,drivaerml_3d_3d_volume,Medium,50.0,pressure_coeff+velocity+vorticity,vorticity,x,394.4049,0.0224,4.3591,5.0723,148.1057,0.1354,0.9298,0.6157,0.2678,
transolver,dimension_3d,prediction,3.778,8192.0,drivaerml_3d_3d_volume,Medium,50.0,pressure_coeff+velocity+vorticity,vorticity,y,394.4049,0.0224,4.0067,4.9205,117.5252,0.2729,0.8448,0.7043,0.2405,
transolver,dimension_3d,prediction,3.778,8192.0,drivaerml_3d_3d_volume,Medium,50.0,pressure_coeff+velocity+vorticity,vorticity,z,394.4049,0.0224,3.8438,4.6738,124.3536,0.267,0.8562,0.6781,0.2756,
transolver,dimension_3d,prediction,3.778,8192.0,drivaerml_3d_3d_volume,Large,100.0,pressure_coeff+velocity+vorticity,totalpcoeff,,562.0972,0.0215,0.1269,0.208,51.3272,0.8272,0.3933,0.9012,0.74,
transolver,dimension_3d,prediction,3.778,8192.0,drivaerml_3d_3d_volume,Large,100.0,pressure_coeff+velocity+vorticity,velocity,x,562.0972,0.0215,4.286,6.5697,57.6582,0.8397,0.2798,0.8834,0.7097,0.8959
transolver,dimension_3d,prediction,3.778,8192.0,drivaerml_3d_3d_volume,Large,100.0,pressure_coeff+velocity+vorticity,velocity,y,562.0972,0.0215,2.5383,4.1657,91.9007,0.7666,0.4831,0.7794,0.7599,0.8959
transolver,dimension_3d,prediction,3.778,8192.0,drivaerml_3d_3d_volume,Large,100.0,pressure_coeff+velocity+vorticity,velocity,z,562.0972,0.0215,1.9506,3.0445,94.7991,0.7895,0.4579,0.778,0.7396,0.8959
transolver,dimension_3d,prediction,3.778,8192.0,drivaerml_3d_3d_volume,Large,100.0,pressure_coeff+velocity+vorticity,vorticity,x,562.0972,0.0215,3.4909,4.4461,114.0731,0.3357,0.815,0.7034,0.3868,
transolver,dimension_3d,prediction,3.778,8192.0,drivaerml_3d_3d_volume,Large,100.0,pressure_coeff+velocity+vorticity,vorticity,y,562.0972,0.0215,3.3548,4.4195,97.8339,0.4134,0.7588,0.7554,0.3643,
transolver,dimension_3d,prediction,3.778,8192.0,drivaerml_3d_3d_volume,Large,100.0,pressure_coeff+velocity+vorticity,vorticity,z,562.0972,0.0215,2.8415,3.8456,91.3029,0.5037,0.7045,0.7728,0.4455,
transolver,dimension_3d,prediction,3.778,8192.0,drivaerml_3d_3d_volume,Extra Large,200.0,pressure_coeff+velocity+vorticity,totalpcoeff,,911.5375,0.0202,0.0746,0.1262,34.9421,0.9364,0.2386,0.9451,0.8633,
transolver,dimension_3d,prediction,3.778,8192.0,drivaerml_3d_3d_volume,Extra Large,200.0,pressure_coeff+velocity+vorticity,velocity,x,911.5375,0.0202,2.4814,3.7944,44.4327,0.9465,0.1616,0.9164,0.8727,0.9601
transolver,dimension_3d,prediction,3.778,8192.0,drivaerml_3d_3d_volume,Extra Large,200.0,pressure_coeff+velocity+vorticity,velocity,y,911.5375,0.0202,1.7096,2.7474,73.7641,0.8985,0.3186,0.841,0.8489,0.9601
transolver,dimension_3d,prediction,3.778,8192.0,drivaerml_3d_3d_volume,Extra Large,200.0,pressure_coeff+velocity+vorticity,velocity,z,911.5375,0.0202,1.356,2.1898,77.7975,0.8911,0.3294,0.8286,0.8196,0.9601
transolver,dimension_3d,prediction,3.778,8192.0,drivaerml_3d_3d_volume,Extra Large,200.0,pressure_coeff+velocity+vorticity,vorticity,x,911.5375,0.0202,2.7038,3.7195,90.1686,0.5351,0.6818,0.7767,0.5263,
transolver,dimension_3d,prediction,3.778,8192.0,drivaerml_3d_3d_volume,Extra Large,200.0,pressure_coeff+velocity+vorticity,vorticity,y,911.5375,0.0202,2.4305,3.5443,74.1209,0.6227,0.6085,0.8225,0.5965,
transolver,dimension_3d,prediction,3.778,8192.0,drivaerml_3d_3d_volume,Extra Large,200.0,pressure_coeff+velocity+vorticity,vorticity,z,911.5375,0.0202,2.3433,3.3836,76.846,0.6158,0.6198,0.8155,0.5003,
transolver,dimension_3d,prediction,3.7788,8192.0,drivaernet_3d_2d_centerplane,Small,20.0,pressure+velocity,pressure,,111.2667,0.7105,20.8744,34.4148,46.8952,0.9257,0.263,0.92751,0.810281,
transolver,dimension_3d,prediction,3.7788,8192.0,drivaernet_3d_2d_centerplane,Small,20.0,pressure+velocity,velocity,x,111.2667,0.7105,2.6245,4.1224,35.612,0.9069,0.1775,0.926538,0.844757,0.9606
transolver,dimension_3d,prediction,3.7788,8192.0,drivaernet_3d_2d_centerplane,Small,20.0,pressure+velocity,velocity,y,111.2667,0.7105,0.8612,1.5288,125.8289,0.2725,0.8478,0.614445,0.419372,0.9606
transolver,dimension_3d,prediction,3.7788,8192.0,drivaernet_3d_2d_centerplane,Small,20.0,pressure+velocity,velocity,z,111.2667,0.7105,1.1681,1.8317,68.3347,0.852,0.3766,0.848243,0.795619,0.9606
transolver,dimension_3d,prediction,3.7788,8192.0,drivaernet_3d_2d_centerplane,Medium,50.0,pressure+velocity,pressure,,172.7022,0.7115,17.6958,28.0939,41.6041,0.9505,0.2147,0.938365,0.855595,
transolver,dimension_3d,prediction,3.7788,8192.0,drivaernet_3d_2d_centerplane,Medium,50.0,pressure+velocity,velocity,x,172.7022,0.7115,2.5122,3.8364,34.7061,0.9194,0.1652,0.930623,0.856125,0.9658
transolver,dimension_3d,prediction,3.7788,8192.0,drivaernet_3d_2d_centerplane,Medium,50.0,pressure+velocity,velocity,y,172.7022,0.7115,0.8154,1.4892,105.3063,0.3097,0.8259,0.729794,0.436225,0.9658
transolver,dimension_3d,prediction,3.7788,8192.0,drivaernet_3d_2d_centerplane,Medium,50.0,pressure+velocity,velocity,z,172.7022,0.7115,1.0211,1.6723,64.6437,0.8766,0.3438,0.847831,0.827705,0.9658
transolver,dimension_3d,prediction,3.7788,8192.0,drivaernet_3d_2d_centerplane,Large,100.0,pressure+velocity,pressure,,267.9986,0.7088,15.2796,25.0009,40.1135,0.9608,0.191,0.942412,0.879231,
transolver,dimension_3d,prediction,3.7788,8192.0,drivaernet_3d_2d_centerplane,Large,100.0,pressure+velocity,velocity,x,267.9986,0.7088,2.0725,3.4799,31.9585,0.9337,0.1498,0.93397,0.88432,0.9709
transolver,dimension_3d,prediction,3.7788,8192.0,drivaernet_3d_2d_centerplane,Large,100.0,pressure+velocity,velocity,y,267.9986,0.7088,0.7986,1.4626,97.5523,0.3342,0.8111,0.753871,0.454642,0.9709
transolver,dimension_3d,prediction,3.7788,8192.0,drivaernet_3d_2d_centerplane,Large,100.0,pressure+velocity,velocity,z,267.9986,0.7088,0.9426,1.5788,62.3568,0.8901,0.3246,0.849055,0.849941,0.9709
transolver,dimension_3d,prediction,3.7788,8192.0,drivaernet_3d_2d_centerplane,Extra Large,200.0,pressure+velocity,pressure,,446.3336,0.7105,13.8043,22.455,36.9689,0.9684,0.1716,0.946864,0.889702,
transolver,dimension_3d,prediction,3.7788,8192.0,drivaernet_3d_2d_centerplane,Extra Large,200.0,pressure+velocity,velocity,x,446.3336,0.7105,2.051,3.3684,31.2189,0.9379,0.145,0.936202,0.891565,0.973
transolver,dimension_3d,prediction,3.7788,8192.0,drivaernet_3d_2d_centerplane,Extra Large,200.0,pressure+velocity,velocity,y,446.3336,0.7105,0.8133,1.434,106.1317,0.3599,0.7953,0.774926,0.461802,0.973
transolver,dimension_3d,prediction,3.7788,8192.0,drivaernet_3d_2d_centerplane,Extra Large,200.0,pressure+velocity,velocity,z,446.3336,0.7105,0.8576,1.4706,58.5006,0.9046,0.3023,0.865627,0.851284,0.973
transolver,dimension_3d,prediction,3.7775,8192.0,drivaernet_3d_2d_surface,Small,20.0,pressure,pressure,,401.5168,0.1119,20.8123,36.2491,26.4214,0.9007,0.2441,0.9783,0.8379,
transolver,dimension_3d,prediction,3.7775,8192.0,drivaernet_3d_2d_surface,Medium,50.0,pressure,pressure,,493.0482,0.1105,17.5088,30.781,23.1441,0.9284,0.2073,0.9825,0.8649,
transolver,dimension_3d,prediction,3.7775,8192.0,drivaernet_3d_2d_surface,Large,100.0,pressure,pressure,,649.8573,0.1121,15.8698,28.4669,21.2995,0.9387,0.1917,0.9844,0.8765,
transolver,dimension_3d,prediction,3.7775,8192.0,drivaernet_3d_2d_surface,Extra Large,200.0,pressure,pressure,,731.1771,0.111,15.3001,26.8734,20.6742,0.9454,0.181,0.9851,0.8799,
transolver_pp,dimension_3d,prediction,1.7412,8192.0,deepjeb_3d_2d_diagonal,Small,20.0,displacement+stress,displacement,x,583.258,0.2359,0.0055,0.0099,61.1783,0.6733,0.4566,0.8901,0.783753,0.9658
transolver_pp,dimension_3d,prediction,1.7412,8192.0,deepjeb_3d_2d_diagonal,Small,20.0,displacement+stress,displacement,y,583.258,0.2359,0.0045,0.0085,70.6871,0.7615,0.4883,0.881152,0.762833,0.9658
transolver_pp,dimension_3d,prediction,1.7412,8192.0,deepjeb_3d_2d_diagonal,Small,20.0,displacement+stress,displacement,z,583.258,0.2359,0.0109,0.0191,43.6318,0.8703,0.2566,0.928954,0.890759,0.9658
transolver_pp,dimension_3d,prediction,1.7412,8192.0,deepjeb_3d_2d_diagonal,Small,20.0,displacement+stress,stress,,583.258,0.2359,21.995,33.7931,74.7954,0.4972,0.6127,0.841913,0.519543,
transolver_pp,dimension_3d,prediction,1.7412,8192.0,deepjeb_3d_2d_diagonal,Medium,50.0,displacement+stress,displacement,x,1387.8267,0.2518,0.0043,0.0078,52.0047,0.7944,0.3622,0.911705,0.831675,0.9807
transolver_pp,dimension_3d,prediction,1.7412,8192.0,deepjeb_3d_2d_diagonal,Medium,50.0,displacement+stress,displacement,y,1387.8267,0.2518,0.0034,0.0065,58.9281,0.8605,0.3734,0.902213,0.824676,0.9807
transolver_pp,dimension_3d,prediction,1.7412,8192.0,deepjeb_3d_2d_diagonal,Medium,50.0,displacement+stress,displacement,z,1387.8267,0.2518,0.0082,0.014,36.7795,0.9307,0.1875,0.942901,0.911937,0.9807
transolver_pp,dimension_3d,prediction,1.7412,8192.0,deepjeb_3d_2d_diagonal,Medium,50.0,displacement+stress,stress,,1387.8267,0.2518,18.399,29.2007,62.987,0.6245,0.5294,0.87319,0.617045,
transolver_pp,dimension_3d,prediction,1.7412,8192.0,deepjeb_3d_2d_diagonal,Large,100.0,displacement+stress,displacement,x,2682.03,0.2573,0.0034,0.0067,44.1307,0.8475,0.312,0.926925,0.857326,0.9872
transolver_pp,dimension_3d,prediction,1.7412,8192.0,deepjeb_3d_2d_diagonal,Large,100.0,displacement+stress,displacement,y,2682.03,0.2573,0.0027,0.0053,53.01,0.9078,0.3036,0.909665,0.867136,0.9872
transolver_pp,dimension_3d,prediction,1.7412,8192.0,deepjeb_3d_2d_diagonal,Large,100.0,displacement+stress,displacement,z,2682.03,0.2573,0.0068,0.0124,31.9399,0.9453,0.1665,0.950792,0.92811,0.9872
transolver_pp,dimension_3d,prediction,1.7412,8192.0,deepjeb_3d_2d_diagonal,Large,100.0,displacement+stress,stress,,2682.03,0.2573,15.633,26.0759,54.0775,0.7006,0.4727,0.895171,0.681089,
transolver_pp,dimension_3d,prediction,1.7412,8192.0,deepjeb_3d_2d_diagonal,Extra Large,200.0,displacement+stress,displacement,x,5233.0234,0.207,0.0028,0.0057,37.7707,0.8904,0.2645,0.940447,0.8823,0.992
transolver_pp,dimension_3d,prediction,1.7412,8192.0,deepjeb_3d_2d_diagonal,Extra Large,200.0,displacement+stress,displacement,y,5233.0234,0.207,0.0021,0.0041,44.7802,0.9437,0.2373,0.926147,0.896784,0.992
transolver_pp,dimension_3d,prediction,1.7412,8192.0,deepjeb_3d_2d_diagonal,Extra Large,200.0,displacement+stress,displacement,z,5233.0234,0.207,0.0052,0.0098,26.7726,0.9656,0.1322,0.957576,0.936295,0.992
transolver_pp,dimension_3d,prediction,1.7412,8192.0,deepjeb_3d_2d_diagonal,Extra Large,200.0,displacement+stress,stress,,5233.0234,0.207,13.5126,23.5366,47.8205,0.7561,0.4267,0.909849,0.732901,
transolver_pp,dimension_3d,prediction,1.7412,8192.0,deepjeb_3d_2d_horizontal,Small,20.0,displacement+stress,displacement,x,565.7198,0.2198,0.0124,0.023,53.6404,0.908,0.2485,0.899174,0.956332,0.9825
transolver_pp,dimension_3d,prediction,1.7412,8192.0,deepjeb_3d_2d_horizontal,Small,20.0,displacement+stress,displacement,y,565.7198,0.2198,0.0028,0.0045,82.8409,0.6644,0.5756,0.826952,0.661724,0.9825
transolver_pp,dimension_3d,prediction,1.7412,8192.0,deepjeb_3d_2d_horizontal,Small,20.0,displacement+stress,displacement,z,565.7198,0.2198,0.0124,0.0224,55.2418,0.916,0.2699,0.905192,0.943556,0.9825
transolver_pp,dimension_3d,prediction,1.7412,8192.0,deepjeb_3d_2d_horizontal,Small,20.0,displacement+stress,stress,,565.7198,0.2198,32.2163,50.4415,85.3678,0.5251,0.6788,0.798091,0.471236,
transolver_pp,dimension_3d,prediction,1.7412,8192.0,deepjeb_3d_2d_horizontal,Medium,50.0,displacement+stress,displacement,x,1343.0296,0.202,0.0083,0.0156,42.9101,0.9576,0.1687,0.924659,0.966733,0.9895
transolver_pp,dimension_3d,prediction,1.7412,8192.0,deepjeb_3d_2d_horizontal,Medium,50.0,displacement+stress,displacement,y,1343.0296,0.202,0.0022,0.0037,69.8213,0.7779,0.4683,0.861198,0.731624,0.9895
transolver_pp,dimension_3d,prediction,1.7412,8192.0,deepjeb_3d_2d_horizontal,Medium,50.0,displacement+stress,displacement,z,1343.0296,0.202,0.008,0.0145,44.3358,0.9646,0.1751,0.921324,0.959492,0.9895
transolver_pp,dimension_3d,prediction,1.7412,8192.0,deepjeb_3d_2d_horizontal,Medium,50.0,displacement+stress,stress,,1343.0296,0.202,26.4659,44.1311,72.3046,0.6365,0.5939,0.83803,0.583304,
transolver_pp,dimension_3d,prediction,1.7412,8192.0,deepjeb_3d_2d_horizontal,Large,100.0,displacement+stress,displacement,x,2643.8621,0.2034,0.0059,0.0122,33.4171,0.9742,0.1315,0.944762,0.973219,0.9936
transolver_pp,dimension_3d,prediction,1.7412,8192.0,deepjeb_3d_2d_horizontal,Large,100.0,displacement+stress,displacement,y,2643.8621,0.2034,0.0018,0.0031,61.287,0.8378,0.4001,0.885746,0.774063,0.9936
transolver_pp,dimension_3d,prediction,1.7412,8192.0,deepjeb_3d_2d_horizontal,Large,100.0,displacement+stress,displacement,z,2643.8621,0.2034,0.0064,0.012,38.4091,0.9759,0.1446,0.932682,0.963932,0.9936
transolver_pp,dimension_3d,prediction,1.7412,8192.0,deepjeb_3d_2d_horizontal,Large,100.0,displacement+stress,stress,,2643.8621,0.2034,21.9357,39.6929,60.4494,0.706,0.5341,0.869803,0.666088,
transolver_pp,dimension_3d,prediction,1.7412,8192.0,deepjeb_3d_2d_horizontal,Extra Large,200.0,displacement+stress,displacement,x,5218.3161,0.197,0.0049,0.0111,29.3792,0.9787,0.1196,0.951444,0.977402,0.9953
transolver_pp,dimension_3d,prediction,1.7412,8192.0,deepjeb_3d_2d_horizontal,Extra Large,200.0,displacement+stress,displacement,y,5218.3161,0.197,0.0015,0.0028,55.0622,0.8708,0.3572,0.900492,0.809021,0.9953
transolver_pp,dimension_3d,prediction,1.7412,8192.0,deepjeb_3d_2d_horizontal,Extra Large,200.0,displacement+stress,displacement,z,5218.3161,0.197,0.005,0.0103,33.0966,0.9823,0.1238,0.944286,0.968442,0.9953
transolver_pp,dimension_3d,prediction,1.7412,8192.0,deepjeb_3d_2d_horizontal,Extra Large,200.0,displacement+stress,stress,,5218.3161,0.197,19.0559,35.7967,53.3293,0.7608,0.4817,0.889631,0.706708,
transolver_pp,dimension_3d,prediction,1.7417,8192.0,deepjeb_3d_2d_modal,Small,20.0,mode_shapes,mode_shape_1,x,443.6313,0.3283,98.9195,150.745,65.0722,0.8165,0.4277,0.8856,0.5975,0.8829
transolver_pp,dimension_3d,prediction,1.7417,8192.0,deepjeb_3d_2d_modal,Small,20.0,mode_shapes,mode_shape_1,y,443.6313,0.3283,137.2209,212.1984,65.8372,0.853,0.3834,0.884,0.7365,0.8829
transolver_pp,dimension_3d,prediction,1.7417,8192.0,deepjeb_3d_2d_modal,Small,20.0,mode_shapes,mode_shape_1,z,443.6313,0.3283,176.2347,263.2928,42.3674,0.8888,0.3315,0.9421,0.7646,0.8829
transolver_pp,dimension_3d,prediction,1.7417,8192.0,deepjeb_3d_2d_modal,Small,20.0,mode_shapes,mode_shape_2,x,443.6313,0.3283,125.241,204.3874,76.9636,0.6224,0.6145,0.8412,0.5662,0.8479
transolver_pp,dimension_3d,prediction,1.7417,8192.0,deepjeb_3d_2d_modal,Small,20.0,mode_shapes,mode_shape_2,y,443.6313,0.3283,144.4978,270.7438,87.6722,0.6416,0.5974,0.809,0.6113,0.8479
transolver_pp,dimension_3d,prediction,1.7417,8192.0,deepjeb_3d_2d_modal,Small,20.0,mode_shapes,mode_shape_2,z,443.6313,0.3283,189.0787,278.8386,54.9678,0.9048,0.3086,0.8999,0.7778,0.8479
transolver_pp,dimension_3d,prediction,1.7417,8192.0,deepjeb_3d_2d_modal,Medium,50.0,mode_shapes,mode_shape_1,x,1179.171,0.3237,75.7923,127.9772,51.8879,0.8677,0.3631,0.9166,0.7019,0.9153
transolver_pp,dimension_3d,prediction,1.7417,8192.0,deepjeb_3d_2d_modal,Medium,50.0,mode_shapes,mode_shape_1,y,1179.171,0.3237,101.8364,174.5705,52.1535,0.9005,0.3154,0.9155,0.7929,0.9153
transolver_pp,dimension_3d,prediction,1.7417,8192.0,deepjeb_3d_2d_modal,Medium,50.0,mode_shapes,mode_shape_1,z,1179.171,0.3237,141.8112,244.5914,35.0951,0.904,0.308,0.9505,0.8067,0.9153
transolver_pp,dimension_3d,prediction,1.7417,8192.0,deepjeb_3d_2d_modal,Medium,50.0,mode_shapes,mode_shape_2,x,1179.171,0.3237,101.0316,182.9717,64.3352,0.6974,0.5501,0.8713,0.6612,0.8785
transolver_pp,dimension_3d,prediction,1.7417,8192.0,deepjeb_3d_2d_modal,Medium,50.0,mode_shapes,mode_shape_2,y,1179.171,0.3237,114.4848,246.8447,68.6035,0.702,0.5447,0.8648,0.6943,0.8785
transolver_pp,dimension_3d,prediction,1.7417,8192.0,deepjeb_3d_2d_modal,Medium,50.0,mode_shapes,mode_shape_2,z,1179.171,0.3237,168.8712,266.2028,50.7485,0.9132,0.2946,0.9037,0.7977,0.8785
transolver_pp,dimension_3d,prediction,1.7417,8192.0,deepjeb_3d_2d_modal,Large,100.0,mode_shapes,mode_shape_1,x,2298.9869,0.3262,60.3112,100.5582,46.0304,0.9183,0.2853,0.9253,0.7382,0.9364
transolver_pp,dimension_3d,prediction,1.7417,8192.0,deepjeb_3d_2d_modal,Large,100.0,mode_shapes,mode_shape_1,y,2298.9869,0.3262,83.6757,149.0861,45.2149,0.9274,0.2694,0.9319,0.8167,0.9364
transolver_pp,dimension_3d,prediction,1.7417,8192.0,deepjeb_3d_2d_modal,Large,100.0,mode_shapes,mode_shape_1,z,2298.9869,0.3262,116.1584,210.2809,30.3043,0.9291,0.2648,0.9574,0.8473,0.9364
transolver_pp,dimension_3d,prediction,1.7417,8192.0,deepjeb_3d_2d_modal,Large,100.0,mode_shapes,mode_shape_2,x,2298.9869,0.3262,84.1633,166.306,55.6214,0.75,0.5,0.8965,0.7192,0.8982
transolver_pp,dimension_3d,prediction,1.7417,8192.0,deepjeb_3d_2d_modal,Large,100.0,mode_shapes,mode_shape_2,y,2298.9869,0.3262,98.3479,232.576,59.8753,0.7355,0.5132,0.8857,0.7438,0.8982
transolver_pp,dimension_3d,prediction,1.7417,8192.0,deepjeb_3d_2d_modal,Large,100.0,mode_shapes,mode_shape_2,z,2298.9869,0.3262,143.0154,234.9328,45.6682,0.9324,0.26,0.9168,0.822,0.8982
transolver_pp,dimension_3d,prediction,1.7417,8192.0,deepjeb_3d_2d_modal,Extra Large,200.0,mode_shapes,mode_shape_1,x,6098.2586,0.3285,50.8851,92.3066,41.9812,0.9312,0.2619,0.9325,0.7684,0.9499
transolver_pp,dimension_3d,prediction,1.7417,8192.0,deepjeb_3d_2d_modal,Extra Large,200.0,mode_shapes,mode_shape_1,y,6098.2586,0.3285,65.3802,120.3518,39.2316,0.9527,0.2174,0.9404,0.8619,0.9499
transolver_pp,dimension_3d,prediction,1.7417,8192.0,deepjeb_3d_2d_modal,Extra Large,200.0,mode_shapes,mode_shape_1,z,6098.2586,0.3285,100.1143,190.8252,27.0049,0.9416,0.2403,0.9619,0.8726,0.9499
transolver_pp,dimension_3d,prediction,1.7417,8192.0,deepjeb_3d_2d_modal,Extra Large,200.0,mode_shapes,mode_shape_2,x,6098.2586,0.3285,73.2843,147.6247,50.9343,0.803,0.4438,0.9095,0.7556,0.911
transolver_pp,dimension_3d,prediction,1.7417,8192.0,deepjeb_3d_2d_modal,Extra Large,200.0,mode_shapes,mode_shape_2,y,6098.2586,0.3285,86.7781,218.5301,55.8354,0.7665,0.4822,0.8966,0.7774,0.911
transolver_pp,dimension_3d,prediction,1.7417,8192.0,deepjeb_3d_2d_modal,Extra Large,200.0,mode_shapes,mode_shape_2,z,6098.2586,0.3285,130.6196,215.769,43.3742,0.943,0.2388,0.9222,0.8364,0.911
transolver_pp,dimension_3d,prediction,1.7412,8192.0,deepjeb_3d_2d_torsion,Small,20.0,displacement+stress,displacement,x,545.1804,0.1945,0.0021,0.0044,57.7692,0.9386,0.2478,0.891322,0.943084,0.9606
transolver_pp,dimension_3d,prediction,1.7412,8192.0,deepjeb_3d_2d_torsion,Small,20.0,displacement+stress,displacement,y,545.1804,0.1945,0.0017,0.0036,88.1641,0.9194,0.283,0.808555,0.767724,0.9606
transolver_pp,dimension_3d,prediction,1.7412,8192.0,deepjeb_3d_2d_torsion,Small,20.0,displacement+stress,displacement,z,545.1804,0.1945,0.002,0.0037,69.7421,0.8966,0.3214,0.876667,0.842359,0.9606
transolver_pp,dimension_3d,prediction,1.7412,8192.0,deepjeb_3d_2d_torsion,Small,20.0,displacement+stress,stress,,545.1804,0.1945,12.6657,22.3206,101.8131,0.6501,0.5915,0.749595,0.746686,
transolver_pp,dimension_3d,prediction,1.7412,8192.0,deepjeb_3d_2d_torsion,Medium,50.0,displacement+stress,displacement,x,1293.0761,0.1968,0.0016,0.0031,48.9909,0.9701,0.1729,0.921293,0.952376,0.9743
transolver_pp,dimension_3d,prediction,1.7412,8192.0,deepjeb_3d_2d_torsion,Medium,50.0,displacement+stress,displacement,y,1293.0761,0.1968,0.0014,0.003,76.5125,0.9414,0.2414,0.843441,0.818093,0.9743
transolver_pp,dimension_3d,prediction,1.7412,8192.0,deepjeb_3d_2d_torsion,Medium,50.0,displacement+stress,displacement,z,1293.0761,0.1968,0.0016,0.0028,62.9717,0.9416,0.2415,0.888308,0.87075,0.9743
transolver_pp,dimension_3d,prediction,1.7412,8192.0,deepjeb_3d_2d_torsion,Medium,50.0,displacement+stress,stress,,1293.0761,0.1968,10.512,19.2328,86.3885,0.7402,0.5097,0.790818,0.800054,
transolver_pp,dimension_3d,prediction,1.7412,8192.0,deepjeb_3d_2d_torsion,Large,100.0,displacement+stress,displacement,x,2538.3008,0.1877,0.0013,0.0027,44.2744,0.9763,0.1539,0.928555,0.958408,0.984
transolver_pp,dimension_3d,prediction,1.7412,8192.0,deepjeb_3d_2d_torsion,Large,100.0,displacement+stress,displacement,y,2538.3008,0.1877,0.0011,0.0024,71.082,0.9649,0.1868,0.853575,0.856242,0.984
transolver_pp,dimension_3d,prediction,1.7412,8192.0,deepjeb_3d_2d_torsion,Large,100.0,displacement+stress,displacement,z,2538.3008,0.1877,0.0012,0.0023,54.2839,0.9609,0.1976,0.905123,0.895118,0.984
transolver_pp,dimension_3d,prediction,1.7412,8192.0,deepjeb_3d_2d_torsion,Large,100.0,displacement+stress,stress,,2538.3008,0.1877,9.0948,17.3936,76.6406,0.7875,0.461,0.818385,0.82935,
transolver_pp,dimension_3d,prediction,1.7412,8192.0,deepjeb_3d_2d_torsion,Extra Large,200.0,displacement+stress,displacement,x,5013.0968,0.1975,0.0011,0.0023,37.7405,0.9827,0.1316,0.940809,0.964122,0.9887
transolver_pp,dimension_3d,prediction,1.7412,8192.0,deepjeb_3d_2d_torsion,Extra Large,200.0,displacement+stress,displacement,y,5013.0968,0.1975,0.0009,0.002,60.6512,0.9749,0.158,0.884157,0.880252,0.9887
transolver_pp,dimension_3d,prediction,1.7412,8192.0,deepjeb_3d_2d_torsion,Extra Large,200.0,displacement+stress,displacement,z,5013.0968,0.1975,0.001,0.0019,46.3148,0.9719,0.1674,0.922774,0.912979,0.9887
transolver_pp,dimension_3d,prediction,1.7412,8192.0,deepjeb_3d_2d_torsion,Extra Large,200.0,displacement+stress,stress,,5013.0968,0.1975,7.8869,15.9063,66.43,0.8223,0.4215,0.854204,0.84999,
transolver_pp,dimension_3d,prediction,1.7412,8192.0,deepjeb_3d_2d_vertical,Small,20.0,displacement+stress,displacement,x,565.1095,0.2006,0.0105,0.0187,62.9396,0.9184,0.2595,0.886063,0.940574,0.9845
transolver_pp,dimension_3d,prediction,1.7412,8192.0,deepjeb_3d_2d_vertical,Small,20.0,displacement+stress,displacement,y,565.1095,0.2006,0.0054,0.0101,79.6988,0.7731,0.4758,0.842359,0.771448,0.9845
transolver_pp,dimension_3d,prediction,1.7412,8192.0,deepjeb_3d_2d_vertical,Small,20.0,displacement+stress,displacement,z,565.1095,0.2006,0.0183,0.0323,53.4988,0.9202,0.227,0.902124,0.943648,0.9845
transolver_pp,dimension_3d,prediction,1.7412,8192.0,deepjeb_3d_2d_vertical,Small,20.0,displacement+stress,stress,,565.1095,0.2006,37.3504,57.0222,86.8487,0.535,0.6557,0.787897,0.513187,
transolver_pp,dimension_3d,prediction,1.7412,8192.0,deepjeb_3d_2d_vertical,Medium,50.0,displacement+stress,displacement,x,1344.1831,0.1975,0.0068,0.0126,50.7516,0.9632,0.1743,0.906282,0.954313,0.9914
transolver_pp,dimension_3d,prediction,1.7412,8192.0,deepjeb_3d_2d_vertical,Medium,50.0,displacement+stress,displacement,y,1344.1831,0.1975,0.004,0.0078,66.4215,0.8655,0.3663,0.87492,0.822252,0.9914
transolver_pp,dimension_3d,prediction,1.7412,8192.0,deepjeb_3d_2d_vertical,Medium,50.0,displacement+stress,displacement,z,1344.1831,0.1975,0.0118,0.0206,44.2589,0.9675,0.1449,0.919389,0.961585,0.9914
transolver_pp,dimension_3d,prediction,1.7412,8192.0,deepjeb_3d_2d_vertical,Medium,50.0,displacement+stress,stress,,1344.1831,0.1975,29.6785,47.666,71.6177,0.6751,0.5481,0.837068,0.63409,
transolver_pp,dimension_3d,prediction,1.7412,8192.0,deepjeb_3d_2d_vertical,Large,100.0,displacement+stress,displacement,x,2637.771,0.2161,0.0054,0.0103,43.0828,0.9751,0.1434,0.924526,0.961636,0.9945
transolver_pp,dimension_3d,prediction,1.7412,8192.0,deepjeb_3d_2d_vertical,Large,100.0,displacement+stress,displacement,y,2637.771,0.2161,0.0033,0.0064,58.2352,0.911,0.2979,0.893282,0.869358,0.9945
transolver_pp,dimension_3d,prediction,1.7412,8192.0,deepjeb_3d_2d_vertical,Large,100.0,displacement+stress,displacement,z,2637.771,0.2161,0.0104,0.0187,37.7853,0.9734,0.131,0.935277,0.969238,0.9945
transolver_pp,dimension_3d,prediction,1.7412,8192.0,deepjeb_3d_2d_vertical,Large,100.0,displacement+stress,stress,,2637.771,0.2161,25.8944,43.7569,62.7303,0.7262,0.5032,0.860909,0.687849,
transolver_pp,dimension_3d,prediction,1.7412,8192.0,deepjeb_3d_2d_vertical,Extra Large,200.0,displacement+stress,displacement,x,5206.3391,0.2351,0.0043,0.009,37.7233,0.9811,0.1249,0.935982,0.969309,0.9963
transolver_pp,dimension_3d,prediction,1.7412,8192.0,deepjeb_3d_2d_vertical,Extra Large,200.0,displacement+stress,displacement,y,5206.3391,0.2351,0.0026,0.0052,51.4797,0.9395,0.2457,0.908142,0.896559,0.9963
transolver_pp,dimension_3d,prediction,1.7412,8192.0,deepjeb_3d_2d_vertical,Extra Large,200.0,displacement+stress,displacement,z,5206.3391,0.2351,0.008,0.0157,32.9442,0.9812,0.1101,0.944094,0.974061,0.9963
transolver_pp,dimension_3d,prediction,1.7412,8192.0,deepjeb_3d_2d_vertical,Extra Large,200.0,displacement+stress,stress,,5206.3391,0.2351,22.4413,39.6642,54.8612,0.775,0.4561,0.885272,0.732488,
transolver_pp,dimension_3d,prediction,1.7407,8192.0,drivaerml_3d_2d_surface,Small,20.0,pressure+wall_shear_stress,pressure,,205.1157,0.0169,121.9512,192.7522,52.5618,0.4874,0.5446,0.9305,0.5249,
transolver_pp,dimension_3d,prediction,1.7407,8192.0,drivaerml_3d_2d_surface,Small,20.0,pressure+wall_shear_stress,wall_shear_stress,x,205.1157,0.0169,1.0146,1.6056,113.567,0.4033,0.6687,0.716,0.5099,0.4592
transolver_pp,dimension_3d,prediction,1.7407,8192.0,drivaerml_3d_2d_surface,Small,20.0,pressure+wall_shear_stress,wall_shear_stress,y,205.1157,0.0169,0.5309,1.1627,147.7775,0.2627,0.8586,0.5664,0.4713,0.4592
transolver_pp,dimension_3d,prediction,1.7407,8192.0,drivaerml_3d_2d_surface,Small,20.0,pressure+wall_shear_stress,wall_shear_stress,z,205.1157,0.0169,0.5066,0.9228,131.3779,0.3093,0.8294,0.6308,0.4419,0.4592
transolver_pp,dimension_3d,prediction,1.7407,8192.0,drivaerml_3d_2d_surface,Medium,50.0,pressure+wall_shear_stress,pressure,,325.6852,0.0168,102.0565,168.0856,45.1437,0.6102,0.4749,0.9405,0.6261,
transolver_pp,dimension_3d,prediction,1.7407,8192.0,drivaerml_3d_2d_surface,Medium,50.0,pressure+wall_shear_stress,wall_shear_stress,x,325.6852,0.0168,0.8828,1.4208,109.3328,0.5328,0.5918,0.7247,0.5947,0.5431
transolver_pp,dimension_3d,prediction,1.7407,8192.0,drivaerml_3d_2d_surface,Medium,50.0,pressure+wall_shear_stress,wall_shear_stress,y,325.6852,0.0168,0.5149,1.1414,145.475,0.2895,0.8429,0.5796,0.4959,0.5431
transolver_pp,dimension_3d,prediction,1.7407,8192.0,drivaerml_3d_2d_surface,Medium,50.0,pressure+wall_shear_stress,wall_shear_stress,z,325.6852,0.0168,0.4672,0.8475,124.1998,0.4174,0.7617,0.6649,0.4924,0.5431
transolver_pp,dimension_3d,prediction,1.7407,8192.0,drivaerml_3d_2d_surface,Large,100.0,pressure+wall_shear_stress,pressure,,513.0413,0.0175,92.7342,156.6067,41.1491,0.6616,0.4425,0.946,0.6505,
transolver_pp,dimension_3d,prediction,1.7407,8192.0,drivaerml_3d_2d_surface,Large,100.0,pressure+wall_shear_stress,wall_shear_stress,x,513.0413,0.0175,0.8202,1.344,105.7181,0.5819,0.5598,0.7379,0.6274,0.5812
transolver_pp,dimension_3d,prediction,1.7407,8192.0,drivaerml_3d_2d_surface,Large,100.0,pressure+wall_shear_stress,wall_shear_stress,y,513.0413,0.0175,0.5028,1.125,141.1147,0.3098,0.8308,0.5923,0.52,0.5812
transolver_pp,dimension_3d,prediction,1.7407,8192.0,drivaerml_3d_2d_surface,Large,100.0,pressure+wall_shear_stress,wall_shear_stress,z,513.0413,0.0175,0.4357,0.795,120.062,0.4874,0.7145,0.6793,0.5248,0.5812
transolver_pp,dimension_3d,prediction,1.7407,8192.0,drivaerml_3d_2d_surface,Extra Large,200.0,pressure+wall_shear_stress,pressure,,924.5959,0.0167,63.6724,109.2899,32.5541,0.8352,0.3088,0.9625,0.7872,
transolver_pp,dimension_3d,prediction,1.7407,8192.0,drivaerml_3d_2d_surface,Extra Large,200.0,pressure+wall_shear_stress,wall_shear_stress,x,924.5959,0.0167,0.5942,0.9848,93.9108,0.7755,0.4102,0.7689,0.7494,0.7544
transolver_pp,dimension_3d,prediction,1.7407,8192.0,drivaerml_3d_2d_surface,Extra Large,200.0,pressure+wall_shear_stress,wall_shear_stress,y,924.5959,0.0167,0.4214,0.8738,122.5081,0.5836,0.6453,0.6589,0.6496,0.7544
transolver_pp,dimension_3d,prediction,1.7407,8192.0,drivaerml_3d_2d_surface,Extra Large,200.0,pressure+wall_shear_stress,wall_shear_stress,z,924.5959,0.0167,0.3601,0.6623,107.9802,0.6442,0.5953,0.7225,0.6506,0.7544
transolver_pp,dimension_3d,prediction,1.7405,8192.0,drivaerml_3d_3d_volume,Small,20.0,pressure_coeff+velocity+vorticity,totalpcoeff,,203.7928,0.0196,0.2193,0.312,84.5159,0.6111,0.59,0.8027,0.6415,
transolver_pp,dimension_3d,prediction,1.7405,8192.0,drivaerml_3d_3d_volume,Small,20.0,pressure_coeff+velocity+vorticity,velocity,x,203.7928,0.0196,7.8477,10.6115,79.4859,0.5819,0.452,0.8231,0.5083,0.7324
transolver_pp,dimension_3d,prediction,1.7405,8192.0,drivaerml_3d_3d_volume,Small,20.0,pressure_coeff+velocity+vorticity,velocity,y,203.7928,0.0196,4.2756,6.7519,124.1425,0.3869,0.783,0.6607,0.5218,0.7324
transolver_pp,dimension_3d,prediction,1.7405,8192.0,drivaerml_3d_3d_volume,Small,20.0,pressure_coeff+velocity+vorticity,velocity,z,203.7928,0.0196,3.0131,4.6036,123.9129,0.5187,0.6924,0.6691,0.5656,0.7324
transolver_pp,dimension_3d,prediction,1.7405,8192.0,drivaerml_3d_3d_volume,Small,20.0,pressure_coeff+velocity+vorticity,vorticity,x,203.7928,0.0196,4.7006,5.3248,166.0368,0.0472,0.9761,0.5641,0.1256,
transolver_pp,dimension_3d,prediction,1.7405,8192.0,drivaerml_3d_3d_volume,Small,20.0,pressure_coeff+velocity+vorticity,vorticity,y,203.7928,0.0196,4.3474,5.2048,128.5264,0.1864,0.8937,0.6764,0.0895,
transolver_pp,dimension_3d,prediction,1.7405,8192.0,drivaerml_3d_3d_volume,Small,20.0,pressure_coeff+velocity+vorticity,vorticity,z,203.7928,0.0196,4.0532,4.8309,130.071,0.2168,0.885,0.6553,0.2079,
transolver_pp,dimension_3d,prediction,1.7405,8192.0,drivaerml_3d_3d_volume,Medium,50.0,pressure_coeff+velocity+vorticity,totalpcoeff,,322.6259,0.0222,0.1715,0.261,65.1049,0.7279,0.4935,0.8647,0.6928,
transolver_pp,dimension_3d,prediction,1.7405,8192.0,drivaerml_3d_3d_volume,Medium,50.0,pressure_coeff+velocity+vorticity,velocity,x,322.6259,0.0222,5.9684,8.5169,69.5143,0.7307,0.3628,0.8471,0.6234,0.8189
transolver_pp,dimension_3d,prediction,1.7405,8192.0,drivaerml_3d_3d_volume,Medium,50.0,pressure_coeff+velocity+vorticity,velocity,y,322.6259,0.0222,3.5056,5.758,108.0715,0.5541,0.6678,0.7259,0.6608,0.8189
transolver_pp,dimension_3d,prediction,1.7405,8192.0,drivaerml_3d_3d_volume,Medium,50.0,pressure_coeff+velocity+vorticity,velocity,z,322.6259,0.0222,2.5624,3.9666,112.4866,0.6427,0.5966,0.7211,0.6455,0.8189
transolver_pp,dimension_3d,prediction,1.7405,8192.0,drivaerml_3d_3d_volume,Medium,50.0,pressure_coeff+velocity+vorticity,vorticity,x,322.6259,0.0222,4.2089,4.9896,139.9387,0.1634,0.9147,0.633,0.2565,
transolver_pp,dimension_3d,prediction,1.7405,8192.0,drivaerml_3d_3d_volume,Medium,50.0,pressure_coeff+velocity+vorticity,vorticity,y,322.6259,0.0222,3.957,4.8966,115.8795,0.2799,0.8407,0.7109,0.1842,
transolver_pp,dimension_3d,prediction,1.7405,8192.0,drivaerml_3d_3d_volume,Medium,50.0,pressure_coeff+velocity+vorticity,vorticity,z,322.6259,0.0222,3.5915,4.4932,115.2259,0.3225,0.8231,0.7073,0.2977,
transolver_pp,dimension_3d,prediction,1.7405,8192.0,drivaerml_3d_3d_volume,Large,100.0,pressure_coeff+velocity+vorticity,totalpcoeff,,524.9244,0.0256,0.1484,0.2327,57.8632,0.7837,0.44,0.8852,0.7221,
transolver_pp,dimension_3d,prediction,1.7405,8192.0,drivaerml_3d_3d_volume,Large,100.0,pressure_coeff+velocity+vorticity,velocity,x,524.9244,0.0256,5.1194,7.5195,64.5358,0.7901,0.3203,0.8615,0.6721,0.857
transolver_pp,dimension_3d,prediction,1.7405,8192.0,drivaerml_3d_3d_volume,Large,100.0,pressure_coeff+velocity+vorticity,velocity,y,524.9244,0.0256,3.1299,5.1662,101.0218,0.641,0.5991,0.7499,0.7004,0.857
transolver_pp,dimension_3d,prediction,1.7405,8192.0,drivaerml_3d_3d_volume,Large,100.0,pressure_coeff+velocity+vorticity,velocity,z,524.9244,0.0256,2.2948,3.5518,104.924,0.7135,0.5342,0.7491,0.6911,0.857
transolver_pp,dimension_3d,prediction,1.7405,8192.0,drivaerml_3d_3d_volume,Large,100.0,pressure_coeff+velocity+vorticity,vorticity,x,524.9244,0.0256,3.929,4.783,128.5484,0.2312,0.8768,0.6663,0.2803,
transolver_pp,dimension_3d,prediction,1.7405,8192.0,drivaerml_3d_3d_volume,Large,100.0,pressure_coeff+velocity+vorticity,vorticity,y,524.9244,0.0256,3.7515,4.7333,109.4326,0.3272,0.8127,0.7276,0.2403,
transolver_pp,dimension_3d,prediction,1.7405,8192.0,drivaerml_3d_3d_volume,Large,100.0,pressure_coeff+velocity+vorticity,vorticity,z,524.9244,0.0256,3.3536,4.3002,106.9782,0.3795,0.7877,0.7329,0.3228,
transolver_pp,dimension_3d,prediction,1.7405,8192.0,drivaerml_3d_3d_volume,Extra Large,200.0,pressure_coeff+velocity+vorticity,totalpcoeff,,898.3872,0.0173,0.0879,0.1429,39.2227,0.9184,0.2702,0.9365,0.8494,
transolver_pp,dimension_3d,prediction,1.7405,8192.0,drivaerml_3d_3d_volume,Extra Large,200.0,pressure_coeff+velocity+vorticity,velocity,x,898.3872,0.0173,2.9376,4.384,49.6144,0.9286,0.1867,0.9014,0.8455,0.9459
transolver_pp,dimension_3d,prediction,1.7405,8192.0,drivaerml_3d_3d_volume,Extra Large,200.0,pressure_coeff+velocity+vorticity,velocity,y,898.3872,0.0173,2.0379,3.2103,82.003,0.8614,0.3723,0.8143,0.8125,0.9459
transolver_pp,dimension_3d,prediction,1.7405,8192.0,drivaerml_3d_3d_volume,Extra Large,200.0,pressure_coeff+velocity+vorticity,velocity,z,898.3872,0.0173,1.6261,2.5971,86.4998,0.8468,0.3906,0.7986,0.7822,0.9459
transolver_pp,dimension_3d,prediction,1.7405,8192.0,drivaerml_3d_3d_volume,Extra Large,200.0,pressure_coeff+velocity+vorticity,vorticity,x,898.3872,0.0173,3.0253,3.9921,100.6108,0.4645,0.7318,0.7479,0.4984,
transolver_pp,dimension_3d,prediction,1.7405,8192.0,drivaerml_3d_3d_volume,Extra Large,200.0,pressure_coeff+velocity+vorticity,vorticity,y,898.3872,0.0173,2.7261,3.8198,82.1083,0.5618,0.6559,0.8014,0.5624,
transolver_pp,dimension_3d,prediction,1.7405,8192.0,drivaerml_3d_3d_volume,Extra Large,200.0,pressure_coeff+velocity+vorticity,vorticity,z,898.3872,0.0173,2.6336,3.6404,85.7748,0.5553,0.6669,0.7933,0.4529,
transolver_pp,dimension_3d,prediction,1.7412,8192.0,drivaernet_3d_2d_centerplane,Small,20.0,pressure+velocity,pressure,,93.6017,0.7764,24.931,44.3754,51.2884,0.8765,0.3391,0.918137,0.757736,
transolver_pp,dimension_3d,prediction,1.7412,8192.0,drivaernet_3d_2d_centerplane,Small,20.0,pressure+velocity,velocity,x,93.6017,0.7764,3.2762,5.2102,39.0869,0.8514,0.2243,0.922709,0.752205,0.9429
transolver_pp,dimension_3d,prediction,1.7412,8192.0,drivaernet_3d_2d_centerplane,Small,20.0,pressure+velocity,velocity,y,93.6017,0.7764,0.8621,1.5633,107.2066,0.2394,0.8669,0.723651,0.402474,0.9429
transolver_pp,dimension_3d,prediction,1.7412,8192.0,drivaernet_3d_2d_centerplane,Small,20.0,pressure+velocity,velocity,z,93.6017,0.7764,1.2218,1.9704,70.8677,0.8287,0.4051,0.83793,0.795145,0.9429
transolver_pp,dimension_3d,prediction,1.7412,8192.0,drivaernet_3d_2d_centerplane,Medium,50.0,pressure+velocity,pressure,,174.5358,0.7758,16.4837,27.7642,40.7959,0.9517,0.2122,0.938726,0.862291,
transolver_pp,dimension_3d,prediction,1.7412,8192.0,drivaernet_3d_2d_centerplane,Medium,50.0,pressure+velocity,velocity,x,174.5358,0.7758,2.4094,3.9728,33.6935,0.9136,0.1711,0.93,0.857026,0.9642
transolver_pp,dimension_3d,prediction,1.7412,8192.0,drivaernet_3d_2d_centerplane,Medium,50.0,pressure+velocity,velocity,y,174.5358,0.7758,0.8436,1.5227,107.8704,0.2783,0.8444,0.707858,0.424833,0.9642
transolver_pp,dimension_3d,prediction,1.7412,8192.0,drivaernet_3d_2d_centerplane,Medium,50.0,pressure+velocity,velocity,z,174.5358,0.7758,0.9778,1.665,60.9579,0.8777,0.3423,0.858997,0.847653,0.9642
transolver_pp,dimension_3d,prediction,1.7412,8192.0,drivaernet_3d_2d_centerplane,Large,100.0,pressure+velocity,pressure,,272.2569,0.777,16.0591,26.7295,39.5632,0.9552,0.2043,0.944571,0.86338,
transolver_pp,dimension_3d,prediction,1.7412,8192.0,drivaernet_3d_2d_centerplane,Large,100.0,pressure+velocity,velocity,x,272.2569,0.777,2.3323,3.8862,33.4874,0.9173,0.1673,0.92952,0.862623,0.9656
transolver_pp,dimension_3d,prediction,1.7412,8192.0,drivaernet_3d_2d_centerplane,Large,100.0,pressure+velocity,velocity,y,272.2569,0.777,0.8064,1.4629,102.4497,0.3339,0.8113,0.728186,0.446794,0.9656
transolver_pp,dimension_3d,prediction,1.7412,8192.0,drivaernet_3d_2d_centerplane,Large,100.0,pressure+velocity,velocity,z,272.2569,0.777,0.942,1.6232,59.7587,0.8838,0.3337,0.864745,0.843062,0.9656
transolver_pp,dimension_3d,prediction,1.7412,8192.0,drivaernet_3d_2d_centerplane,Extra Large,200.0,pressure+velocity,pressure,,446.462,0.7757,14.7906,23.4345,39.3761,0.9656,0.1791,0.94271,0.883355,
transolver_pp,dimension_3d,prediction,1.7412,8192.0,drivaernet_3d_2d_centerplane,Extra Large,200.0,pressure+velocity,velocity,x,446.462,0.7757,2.1035,3.4937,32.576,0.9332,0.1504,0.930437,0.882989,0.9709
transolver_pp,dimension_3d,prediction,1.7412,8192.0,drivaernet_3d_2d_centerplane,Extra Large,200.0,pressure+velocity,velocity,y,446.462,0.7757,0.7924,1.4396,112.5539,0.355,0.7984,0.685773,0.459062,0.9709
transolver_pp,dimension_3d,prediction,1.7412,8192.0,drivaernet_3d_2d_centerplane,Extra Large,200.0,pressure+velocity,velocity,z,446.462,0.7757,0.8995,1.5409,58.5158,0.8953,0.3168,0.863517,0.834593,0.9709
transolver_pp,dimension_3d,prediction,1.7399,8192.0,drivaernet_3d_2d_surface,Small,20.0,pressure,pressure,,349.2952,0.1067,20.8086,36.2017,26.4583,0.9009,0.2438,0.9786,0.8364,
transolver_pp,dimension_3d,prediction,1.7399,8192.0,drivaernet_3d_2d_surface,Medium,50.0,pressure,pressure,,540.1335,0.107,17.4787,30.8724,22.8941,0.9279,0.2079,0.9829,0.865,
transolver_pp,dimension_3d,prediction,1.7399,8192.0,drivaernet_3d_2d_surface,Large,100.0,pressure,pressure,,683.1657,0.1067,16.2347,29.1799,21.648,0.9356,0.1965,0.984,0.8729,
transolver_pp,dimension_3d,prediction,1.7399,8192.0,drivaernet_3d_2d_surface,Extra Large,200.0,pressure,pressure,,1095.3857,0.1076,15.3453,27.466,20.7618,0.943,0.185,0.9849,0.8812,
