{
    "model_parameters": 1441801,
    "training_time_sec": 9209.83667230606,
    "inference_time_sec": 175.5154528617859,
    "total_generated": 500
}