{
    "model_parameters": 3668099,
    "training_time_sec": 409.3443372249603,
    "inference_time_sec": 95.06927847862244,
    "total_generated": 500
}