{
    "model_parameters": 3667841,
    "training_time_sec": 6850.905607700348,
    "inference_time_sec": 66.43357300758362,
    "total_generated": 500
}