{
    "model_parameters": 3668228,
    "training_time_sec": 1626.17631649971,
    "inference_time_sec": 106.74437975883484,
    "total_generated": 500
}