{
    "model_parameters": 1441673,
    "training_time_sec": 1812.5891180038452,
    "inference_time_sec": 110.6124906539917,
    "total_generated": 500
}