{
    "model_parameters": 23950976,
    "training_time_sec": 2202.4498088359833,
    "inference_time_sec": 15.068199634552002,
    "total_generated": 500
}