{
    "model_parameters": 50717992,
    "training_time_sec": 5081.209114313126,
    "inference_time_sec": 15.131580114364624,
    "total_generated": 500
}