{
    "model_parameters": 3668228,
    "training_time_sec": 2967.95481300354,
    "inference_time_sec": 106.14008808135986,
    "total_generated": 500
}