{
    "model_parameters": 50717992,
    "training_time_sec": 4680.790763616562,
    "inference_time_sec": 13.020687818527222,
    "total_generated": 500
}