{
    "model_parameters": 3777993,
    "training_time_sec": 7967.23516201973,
    "inference_time_sec": 68.72198557853699,
    "total_generated": 500
}