{
    "model_parameters": 1441801,
    "training_time_sec": 2624.033183813095,
    "inference_time_sec": 122.58330965042114,
    "total_generated": 500
}