{
    "model_parameters": 1441673,
    "training_time_sec": 1101.8880014419556,
    "inference_time_sec": 110.78566455841064,
    "total_generated": 500
}