Rank,domain,task,model,dataset,size,Group Key,Unified Score,Graph Density,Parameters (M) (Value),Parameters (M) (Rank),Parameters (M) (Weight),Training Time (s) (Value),Training Time (s) (Rank),Training Time (s) (Weight),Inference Time (s) (Value),Inference Time (s) (Rank),Inference Time (s) (Weight),MAE (Value),MAE (Rank),MAE (Weight),RMSE (Value),RMSE (Rank),RMSE (Weight),MAPE (%) (Value),MAPE (%) (Rank),MAPE (%) (Weight),R² (Value),R² (Rank),R² (Weight),Rel-L2 (Value),Rel-L2 (Rank),Rel-L2 (Weight),MaxAE (Value),MaxAE (Rank),MaxAE (Weight),MAC (Value),MAC (Rank),MAC (Weight)
1,dimension_3d,prediction,transolver_pp,deepjeb_3d_2d,L,diagonal::disp_x,100.0,0.5,1.7412,3,0.1851,3185.1101,3,0.1128,0.3056,5,0.095,0.0034,2,0.0839,0.0067,2,0.087,44.1307,2,0.0839,0.8475,2,0.087,0.312,2,0.087,0.1193,3,0.0914,0.9872,2.0,0.087
1,dimension_3d,prediction,transolver_pp,deepjeb_3d_2d,L,diagonal::disp_y,100.0,0.5,1.7412,3,0.1978,3185.1101,3,0.0907,0.3056,5,0.102,0.0027,2,0.0882,0.0053,3,0.0848,53.01,2,0.0882,0.9078,3,0.0848,0.3036,3,0.0848,0.1202,3,0.0907,0.9872,2.0,0.0882
1,dimension_3d,prediction,transolver_pp,deepjeb_3d_2d,L,diagonal::disp_z,100.0,0.5,1.7412,3,0.1811,3185.1101,3,0.0931,0.3056,5,0.1047,0.0068,2,0.0906,0.0124,3,0.087,31.9399,2,0.0918,0.9453,3,0.087,0.1665,3,0.087,0.1751,3,0.087,0.9872,2.0,0.0906
1,dimension_3d,prediction,transolver_pp,deepjeb_3d_2d,L,diagonal::stress,100.0,0.5,1.7412,3,0.1488,3185.1101,3,0.0992,0.3056,5,0.1145,15.633,2,0.1026,26.0759,3,0.093,54.0775,2,0.0992,0.7006,3,0.093,0.4727,3,0.093,783.2674,2,0.1566,,,0.0
1,dimension_3d,prediction,transolver_pp,deepjeb_3d_2d,L,horizontal::disp_x,100.0,0.5,1.7412,3,0.1766,3139.7829,2,0.1273,0.2415,2,0.1074,0.0059,1,0.0828,0.0122,1,0.0858,33.4171,2,0.0791,0.9742,1,0.0913,0.1315,1,0.0913,0.3473,2,0.0791,0.9936,2.0,0.0791
1,dimension_3d,prediction,transolver_pp,deepjeb_3d_2d,L,horizontal::disp_y,100.0,0.5,1.7412,3,0.1698,3139.7829,2,0.1531,0.2415,2,0.1235,0.0018,1,0.0762,0.0031,1,0.0802,61.287,1,0.0795,0.8378,1,0.0826,0.4001,1,0.0826,0.076,2,0.0768,0.9936,2.0,0.0758
1,dimension_3d,prediction,transolver_pp,deepjeb_3d_2d,L,horizontal::disp_z,100.0,0.5,1.7412,3,0.1516,3139.7829,2,0.1439,0.2415,2,0.1194,0.0064,1,0.085,0.012,1,0.0877,38.4091,2,0.0813,0.9759,1,0.0877,0.1446,1,0.0877,0.2554,2,0.0779,0.9936,2.0,0.0779
1,dimension_3d,prediction,transolver_pp,deepjeb_3d_2d,L,horizontal::stress,100.0,0.5,1.7412,3,0.1479,3139.7829,2,0.1632,0.2415,2,0.1127,21.9357,2,0.0802,39.6929,1,0.0877,60.4494,2,0.0802,0.706,1,0.0877,0.5341,1,0.0877,1148.2207,2,0.1527,,,0.0
1,dimension_3d,prediction,transolver,deepjeb_3d_2d,L,mode_shape_1::mode_x,100.0,0.5,3.7785,5,0.0891,2030.7226,3,0.1393,0.215,3,0.1217,258.7978,2,0.0829,357.3054,2,0.0829,196.2416,4,0.087,0.0,2,0.0829,0.9999,1,0.0827,4674.373,3,0.0884,0.0498,2.0,0.143
1,dimension_3d,prediction,transolver_pp,deepjeb_3d_2d,L,mode_shape_1::mode_y,100.0,0.5,1.741,3,0.0926,2273.2623,4,0.1112,0.2436,5,0.111,374.0604,3,0.0893,552.0063,1,0.0876,190.4202,3,0.0893,0.0004,1,0.0876,0.9998,1,0.0854,7195.4492,2,0.1311,0.0347,3.0,0.1149
1,dimension_3d,prediction,transolver,deepjeb_3d_2d,L,mode_shape_1::mode_z,100.0,0.5,3.7785,5,0.0808,2030.7226,3,0.113,0.215,3,0.1705,641.7646,3,0.0919,793.7324,1,0.0808,196.7598,4,0.0775,0.0,1,0.0808,1.0,1,0.0772,5275.7505,1,0.0808,0.0498,2.0,0.1464
1,dimension_3d,prediction,pointnet,deepjeb_3d_2d,L,mode_shape_2::mode_x,100.0,0.45,3.6681,4,0.0956,1387.7907,2,0.1519,0.1938,2,0.1852,248.431,1,0.079,327.4019,1,0.079,196.6084,5,0.079,0.0,1,0.079,1.0,1,0.079,3799.3276,2,0.0912,0.0008,5.0,0.0812
1,dimension_3d,prediction,transolver,deepjeb_3d_2d,L,mode_shape_2::mode_y,100.0,0.5,3.7785,5,0.098,1656.5735,3,0.1858,0.2101,3,0.1473,263.0572,3,0.0831,455.0807,3,0.0798,176.5147,3,0.0798,-0.001,3,0.0798,1.0005,3,0.0805,10486.9746,3,0.0843,0.0013,4.0,0.0815
1,dimension_3d,prediction,pointnet,deepjeb_3d_2d,L,mode_shape_2::mode_z,100.0,0.45,3.6681,4,0.0838,1387.7907,2,0.1842,0.1938,2,0.1503,673.8675,2,0.0905,904.0624,1,0.0812,196.962,5,0.0849,0.0,1,0.0827,1.0,1,0.0827,5247.3726,2,0.0838,0.0008,5.0,0.0759
1,dimension_3d,prediction,transolver_pp,deepjeb_3d_2d,L,torsion::disp_x,100.0,0.5,1.7412,3,0.1532,3014.421,2,0.2239,0.2229,2,0.1004,0.0013,2,0.0746,0.0027,2,0.0746,44.2744,2,0.0746,0.9763,2,0.0746,0.1539,2,0.0746,0.0734,2,0.0746,0.984,2.0,0.0746
1,dimension_3d,prediction,transolver_pp,deepjeb_3d_2d,L,torsion::disp_y,100.0,0.5,1.7412,3,0.1532,3014.421,2,0.2239,0.2229,2,0.1004,0.0011,2,0.0746,0.0024,2,0.0746,71.082,2,0.0746,0.9649,2,0.0746,0.1868,2,0.0746,0.0818,2,0.0746,0.984,2.0,0.0746
1,dimension_3d,prediction,transolver_pp,deepjeb_3d_2d,L,torsion::disp_z,100.0,0.5,1.7412,3,0.1632,3014.421,2,0.2026,0.2229,2,0.0979,0.0012,2,0.0763,0.0023,2,0.0763,54.2839,2,0.0763,0.9609,2,0.0763,0.1976,2,0.0763,0.043,3,0.0783,0.984,2.0,0.0763
1,dimension_3d,prediction,transolver_pp,deepjeb_3d_2d,L,torsion::stress,100.0,0.5,1.7412,3,0.2037,3014.421,2,0.2037,0.2229,2,0.0965,9.0948,2,0.0833,17.3936,3,0.0821,76.6406,2,0.0833,0.7875,3,0.0821,0.461,3,0.0821,742.3214,4,0.0833,,,0.0
1,dimension_3d,prediction,transolver_pp,deepjeb_3d_2d,L,vertical::disp_x,100.0,0.5,1.7412,3,0.1575,3132.5492,3,0.1982,0.2566,3,0.0903,0.0054,2,0.0788,0.0103,1,0.0778,43.0828,2,0.0788,0.9751,1,0.0778,0.1434,1,0.0778,0.2272,1,0.0853,0.9945,1.0,0.0778
1,dimension_3d,prediction,transolver_pp,deepjeb_3d_2d,L,vertical::disp_y,100.0,0.5,1.7412,3,0.2221,3132.5492,3,0.12,0.2566,3,0.08,0.0033,3,0.0769,0.0064,3,0.0769,58.2352,1,0.0967,0.911,3,0.0769,0.2979,3,0.0769,0.1316,3,0.0769,0.9945,1.0,0.0967
1,dimension_3d,prediction,transolver_pp,deepjeb_3d_2d,L,vertical::disp_z,100.0,0.5,1.7412,3,0.1749,3132.5492,3,0.1328,0.2566,3,0.0968,0.0104,1,0.0883,0.0187,2,0.0824,37.7853,1,0.088,0.9734,2,0.0824,0.131,2,0.0824,0.307,1,0.084,0.9945,1.0,0.088
1,dimension_3d,prediction,transolver_pp,deepjeb_3d_2d,L,vertical::stress,100.0,0.5,1.7412,3,0.2013,3132.5492,3,0.1483,0.2566,3,0.0867,25.8944,2,0.0895,43.7569,3,0.0881,62.7303,1,0.0972,0.7262,3,0.0881,0.5032,3,0.0881,1095.7677,1,0.1127,,,0.0
1,dimension_3d,prediction,transolver_pp,deepjeb_3d_2d,M,diagonal::disp_x,100.0,0.5,1.7412,3,0.2451,1648.1474,3,0.0797,0.299,4,0.0827,0.0043,3,0.0797,0.0078,3,0.0797,52.0047,2,0.0919,0.7944,3,0.0797,0.3622,3,0.0797,0.1083,1,0.1018,0.9807,3.0,0.0797
1,dimension_3d,prediction,transolver_pp,deepjeb_3d_2d,M,diagonal::disp_y,100.0,0.5,1.7412,3,0.1861,1648.1474,3,0.0916,0.299,4,0.0899,0.0034,3,0.0913,0.0065,2,0.0831,58.9281,2,0.1128,0.8605,2,0.0845,0.3734,2,0.0845,0.1091,2,0.0845,0.9807,3.0,0.0916
1,dimension_3d,prediction,transolver_pp,deepjeb_3d_2d,M,diagonal::disp_z,100.0,0.5,1.7412,3,0.2039,1648.1474,3,0.087,0.299,4,0.0839,0.0082,2,0.0839,0.014,2,0.0839,36.7795,2,0.1098,0.9307,2,0.0839,0.1875,2,0.0839,0.1695,3,0.0927,0.9807,3.0,0.087
1,dimension_3d,prediction,transolver_pp,deepjeb_3d_2d,M,diagonal::stress,100.0,0.5,1.7412,3,0.1732,1648.1474,3,0.107,0.299,4,0.1011,18.399,3,0.1011,29.2007,2,0.0957,62.987,2,0.1347,0.6245,2,0.0957,0.5294,2,0.0957,788.9979,2,0.0957,,,0.0
1,dimension_3d,prediction,transolver_pp,deepjeb_3d_2d,M,horizontal::disp_x,100.0,0.5,1.7412,3,0.1445,1594.9475,2,0.1375,0.2399,2,0.1225,0.0083,2,0.0841,0.0156,1,0.0867,42.9101,2,0.0841,0.9576,1,0.0867,0.1687,1,0.0867,0.329,2,0.0829,0.9895,2.0,0.0841
1,dimension_3d,prediction,transolver_pp,deepjeb_3d_2d,M,horizontal::disp_y,100.0,0.5,1.7412,3,0.1932,1594.9475,2,0.1117,0.2399,2,0.1005,0.0022,3,0.0782,0.0037,3,0.0791,69.8213,2,0.0866,0.7779,3,0.0791,0.4683,3,0.0791,0.0737,1,0.1058,0.9895,2.0,0.0866
1,dimension_3d,prediction,transolver_pp,deepjeb_3d_2d,M,horizontal::disp_z,100.0,0.5,1.7412,3,0.1617,1594.9475,2,0.1569,0.2399,2,0.1368,0.008,1,0.0773,0.0145,1,0.0773,44.3358,1,0.0785,0.9646,1,0.0773,0.1751,1,0.0773,0.2805,2,0.0785,0.9895,2.0,0.0785
1,dimension_3d,prediction,transolver_pp,deepjeb_3d_2d,M,horizontal::stress,100.0,0.5,1.7412,3,0.2283,1594.9475,2,0.106,0.2399,2,0.1023,26.4659,3,0.0899,44.1311,3,0.0848,72.3046,3,0.0899,0.6365,3,0.0848,0.5939,3,0.0848,1093.9092,1,0.129,,,0.0
1,dimension_3d,prediction,pointnet,deepjeb_3d_2d,M,mode_shape_1::mode_x,100.0,0.5,3.6681,4,0.1355,695.3828,2,0.1298,0.1946,2,0.1298,258.8091,1,0.082,357.3533,1,0.082,193.6604,4,0.0799,-0.0002,1,0.082,1.0001,1,0.082,4677.4258,2,0.0878,0.0111,5.0,0.1093
1,dimension_3d,prediction,pointnet,deepjeb_3d_2d,M,mode_shape_1::mode_y,100.0,0.5,3.6681,4,0.0876,695.3828,2,0.1752,0.1946,2,0.1752,374.1023,1,0.0766,552.1639,1,0.0766,188.5273,5,0.0766,-0.0002,1,0.0766,1.0001,1,0.0766,7197.9443,1,0.0766,0.0111,5.0,0.1022
1,dimension_3d,prediction,pointnet,deepjeb_3d_2d,M,mode_shape_1::mode_z,100.0,0.5,3.6681,4,0.0875,695.3828,2,0.2207,0.1946,2,0.2207,641.7139,1,0.0668,793.8552,1,0.0668,194.683,5,0.0668,-0.0003,1,0.0668,1.0001,1,0.0668,5283.9614,1,0.0668,0.0111,5.0,0.0705
1,dimension_3d,prediction,pointnet,deepjeb_3d_2d,M,mode_shape_2::mode_x,100.0,0.5,3.6681,4,0.0878,785.0282,2,0.1257,0.1941,2,0.1495,248.431,1,0.0779,327.3988,1,0.0779,196.6669,5,0.0779,0.0,1,0.0779,1.0,1,0.0779,3801.4683,2,0.1537,0.001,5.0,0.0938
1,dimension_3d,prediction,geofno,deepjeb_3d_2d,M,mode_shape_2::mode_y,100.0,0.5,1.5457,2,0.0851,454.4052,1,0.1776,0.1889,1,0.1636,279.2671,4,0.0797,466.0809,4,0.0797,157.8452,2,0.0797,-0.05,4,0.0797,1.0247,4,0.0797,10705.0029,5,0.0851,0.0812,3.0,0.0901
1,dimension_3d,prediction,pointnet,deepjeb_3d_2d,M,mode_shape_2::mode_z,100.0,0.5,3.6681,4,0.0829,785.0282,2,0.1681,0.1941,2,0.1681,673.8407,1,0.0786,904.059,1,0.0786,198.5483,5,0.0917,0.0,1,0.0786,1.0,1,0.0786,5243.9258,2,0.0829,0.001,5.0,0.0917
1,dimension_3d,prediction,transolver_pp,deepjeb_3d_2d,M,torsion::disp_x,100.0,0.5,1.7412,3,0.1871,1535.624,2,0.1571,0.2337,2,0.0903,0.0016,3,0.0789,0.0031,1,0.0813,48.9909,3,0.082,0.9701,2,0.0778,0.1729,2,0.0778,0.0714,1,0.0901,0.9743,3.0,0.0778
1,dimension_3d,prediction,transolver_pp,deepjeb_3d_2d,M,torsion::disp_y,100.0,0.5,1.7412,3,0.205,1535.624,2,0.1232,0.2337,2,0.0793,0.0014,3,0.0793,0.003,3,0.0777,76.5125,1,0.1216,0.9414,3,0.0742,0.2414,3,0.0742,0.1057,4,0.0793,0.9743,3.0,0.086
1,dimension_3d,prediction,transolver_pp,deepjeb_3d_2d,M,torsion::disp_z,100.0,0.5,1.7412,3,0.1777,1535.624,2,0.1804,0.2337,2,0.088,0.0016,3,0.0816,0.0028,2,0.0788,62.9717,3,0.0749,0.9416,2,0.0806,0.2415,2,0.0806,0.0473,2,0.0785,0.9743,3.0,0.0789
1,dimension_3d,prediction,transolver_pp,deepjeb_3d_2d,M,torsion::stress,100.0,0.5,1.7412,3,0.1851,1535.624,2,0.1566,0.2337,2,0.1091,10.512,3,0.0872,19.2328,3,0.0872,86.3885,3,0.0872,0.7402,3,0.0872,0.5097,3,0.0872,734.8015,4,0.1131,,,0.0
1,dimension_3d,prediction,transolver_pp,deepjeb_3d_2d,M,vertical::disp_x,100.0,0.5,1.7412,3,0.1405,1596.3174,2,0.2022,0.2345,2,0.1218,0.0068,1,0.0782,0.0126,1,0.0756,50.7516,2,0.0753,0.9632,1,0.0782,0.1743,1,0.0782,0.2703,2,0.0753,0.9914,1.0,0.0747
1,dimension_3d,prediction,transolver_pp,deepjeb_3d_2d,M,vertical::disp_y,100.0,0.5,1.7412,3,0.1615,1596.3174,2,0.1322,0.2345,2,0.0986,0.004,3,0.0797,0.0078,3,0.0797,66.4215,2,0.0938,0.8655,3,0.0797,0.3663,3,0.0797,0.1397,2,0.0855,0.9914,1.0,0.1097
1,dimension_3d,prediction,transolver_pp,deepjeb_3d_2d,M,vertical::disp_z,100.0,0.5,1.7412,3,0.1343,1596.3174,2,0.1628,0.2345,2,0.1279,0.0118,1,0.0827,0.0206,2,0.0779,44.2589,1,0.0853,0.9675,2,0.0779,0.1449,2,0.0779,0.3636,2,0.0881,0.9914,1.0,0.0853
1,dimension_3d,prediction,transolver_pp,deepjeb_3d_2d,M,vertical::stress,100.0,0.5,1.7412,3,0.1446,1596.3174,2,0.1762,0.2345,2,0.1375,29.6785,2,0.0842,47.666,2,0.0842,71.6177,1,0.1007,0.6751,2,0.0842,0.5481,2,0.0842,1222.9171,3,0.1044,,,0.0
1,dimension_3d,prediction,transolver_pp,deepjeb_3d_2d,S,diagonal::disp_x,100.0,0.5,1.7412,3,0.243,692.6623,2,0.0856,0.2801,5,0.1292,0.0055,3,0.075,0.0099,3,0.075,61.1783,3,0.0779,0.6733,3,0.075,0.4566,3,0.075,0.13,2,0.0893,0.9658,3.0,0.075
1,dimension_3d,prediction,transolver_pp,deepjeb_3d_2d,S,diagonal::disp_y,100.0,0.5,1.7412,3,0.2068,692.6623,2,0.0952,0.2801,5,0.1666,0.0045,3,0.074,0.0085,3,0.074,70.6871,3,0.074,0.7615,3,0.074,0.4883,3,0.074,0.1378,3,0.0845,0.9658,3.0,0.0769
1,dimension_3d,prediction,transolver_pp,deepjeb_3d_2d,S,diagonal::disp_z,100.0,0.5,1.7412,3,0.313,692.6623,2,0.0783,0.2801,5,0.1189,0.0109,3,0.07,0.0191,3,0.07,43.6318,3,0.07,0.8703,3,0.07,0.2566,3,0.07,0.2341,3,0.07,0.9658,3.0,0.07
1,dimension_3d,prediction,transolver_pp,deepjeb_3d_2d,S,diagonal::stress,100.0,0.5,1.7412,3,0.2925,692.6623,2,0.09,0.2801,5,0.1361,21.995,3,0.0791,33.7931,3,0.0791,74.7954,3,0.0791,0.4972,3,0.0791,0.6127,3,0.0791,781.162,3,0.086,,,0.0
1,dimension_3d,prediction,transolver_pp,deepjeb_3d_2d,S,horizontal::disp_x,100.0,0.5,1.7412,3,0.2404,671.8343,2,0.0922,0.261,3,0.0801,0.0124,3,0.0811,0.023,3,0.0811,53.6404,3,0.0811,0.908,3,0.0811,0.2485,3,0.0811,0.3533,2,0.0909,0.9825,2.0,0.0909
1,dimension_3d,prediction,transolver_pp,deepjeb_3d_2d,S,horizontal::disp_y,100.0,0.5,1.7412,3,0.1452,671.8343,2,0.1256,0.261,3,0.0968,0.0028,2,0.0837,0.0045,2,0.0853,82.8409,2,0.0853,0.6644,2,0.0853,0.5756,2,0.0853,0.0763,1,0.1045,0.9825,2.0,0.1029
1,dimension_3d,prediction,transolver_pp,deepjeb_3d_2d,S,horizontal::disp_z,100.0,0.5,1.7412,3,0.1466,671.8343,2,0.1195,0.261,3,0.0909,0.0124,2,0.0884,0.0224,2,0.0884,55.2418,1,0.1024,0.916,2,0.0884,0.2699,2,0.0884,0.3892,3,0.0909,0.9825,2.0,0.0963
1,dimension_3d,prediction,transolver_pp,deepjeb_3d_2d,S,horizontal::stress,100.0,0.5,1.7412,3,0.1731,671.8343,2,0.1436,0.261,3,0.1164,32.2163,2,0.0912,50.4415,2,0.0912,85.3678,3,0.0951,0.5251,2,0.0912,0.6788,2,0.0912,1104.0795,1,0.1071,,,0.0
1,dimension_3d,prediction,pointnet,deepjeb_3d_2d,S,mode_shape_1::mode_x,100.0,0.5,3.6681,4,0.0884,201.3444,2,0.1185,0.1882,2,0.1532,259.285,1,0.0826,357.8604,1,0.0826,174.3186,5,0.0826,-0.0031,1,0.0826,1.0015,1,0.0826,4692.4209,4,0.1185,0.0116,3.0,0.1083
1,dimension_3d,prediction,pointnet,deepjeb_3d_2d,S,mode_shape_1::mode_y,100.0,0.5,3.6681,4,0.0834,201.3444,2,0.151,0.1882,2,0.2044,374.0873,1,0.0759,552.1456,1,0.0759,189.3237,4,0.081,-0.0001,1,0.0759,1.0001,1,0.073,7198.7173,1,0.0867,0.0116,3.0,0.0926
1,dimension_3d,prediction,pointnet,deepjeb_3d_2d,S,mode_shape_1::mode_z,100.0,0.5,3.6681,4,0.0771,201.3444,2,0.1623,0.1882,2,0.199,642.0944,2,0.0771,795.0947,2,0.0771,180.1648,4,0.0771,-0.0035,2,0.0771,1.0017,2,0.0771,5317.604,3,0.0949,0.0116,3.0,0.0812
1,dimension_3d,prediction,geofno,deepjeb_3d_2d,S,mode_shape_2::mode_x,100.0,0.5,1.5457,2,0.0902,197.6788,1,0.1617,0.1869,1,0.1617,264.1469,4,0.0733,346.8928,4,0.0733,154.5308,3,0.0744,-0.1226,4,0.0733,1.0595,4,0.0733,3917.842,3,0.1303,0.1784,4.0,0.0885
1,dimension_3d,prediction,pointnet,deepjeb_3d_2d,S,mode_shape_2::mode_y,100.0,0.5,3.6681,4,0.0886,201.9775,2,0.1642,0.1934,2,0.1642,263.1556,1,0.0682,454.9828,1,0.0682,178.5983,5,0.0682,-0.0006,1,0.0682,1.0003,1,0.0682,10489.2734,1,0.1477,0.0015,5.0,0.0943
1,dimension_3d,prediction,geofno,deepjeb_3d_2d,S,mode_shape_2::mode_z,100.0,0.5,1.5457,2,0.0972,197.6788,1,0.1749,0.1869,1,0.1749,721.3329,4,0.075,959.0608,4,0.075,152.2368,3,0.0761,-0.1254,4,0.075,1.0608,4,0.075,6456.9395,4,0.0761,0.1784,4.0,0.1009
1,dimension_3d,prediction,transolver_pp,deepjeb_3d_2d,S,torsion::disp_x,100.0,0.5,1.7412,3,0.2045,647.4423,2,0.0948,0.231,2,0.1335,0.0021,3,0.0798,0.0044,3,0.0798,57.7692,3,0.0798,0.9386,3,0.0798,0.2478,3,0.0798,0.0911,3,0.0884,0.9606,3.0,0.0798
1,dimension_3d,prediction,transolver_pp,deepjeb_3d_2d,S,torsion::disp_y,100.0,0.5,1.7412,3,0.2239,647.4423,2,0.0941,0.231,2,0.1536,0.0017,2,0.0767,0.0036,3,0.0741,88.1641,2,0.0816,0.9194,3,0.0741,0.283,3,0.0741,0.0952,3,0.0722,0.9606,3.0,0.0756
1,dimension_3d,prediction,transolver_pp,deepjeb_3d_2d,S,torsion::disp_z,100.0,0.5,1.7412,3,0.2063,647.4423,2,0.097,0.231,2,0.1407,0.002,2,0.0794,0.0037,3,0.0775,69.7421,3,0.0775,0.8966,3,0.0775,0.3214,3,0.0775,0.0616,3,0.0889,0.9606,3.0,0.0775
1,dimension_3d,prediction,geofno,deepjeb_3d_2d,S,torsion::stress,100.0,0.5,1.5458,2,0.2139,356.9114,1,0.105,0.2067,1,0.1375,19.8836,4,0.0825,32.0142,4,0.0825,123.5891,4,0.0825,0.2801,4,0.0825,0.8484,4,0.0825,598.0649,2,0.1312,,,0.0
1,dimension_3d,prediction,transolver_pp,deepjeb_3d_2d,S,vertical::disp_x,100.0,0.5,1.7412,3,0.2627,671.1095,2,0.0864,0.2382,2,0.0859,0.0105,3,0.0798,0.0187,3,0.0798,62.9396,3,0.0813,0.9184,3,0.0798,0.2595,3,0.0798,0.3895,3,0.0813,0.9845,2.0,0.0831
1,dimension_3d,prediction,transolver_pp,deepjeb_3d_2d,S,vertical::disp_y,100.0,0.5,1.7412,3,0.2129,671.1095,2,0.1,0.2382,2,0.1023,0.0054,3,0.0815,0.0101,3,0.0815,79.6988,3,0.0896,0.7731,3,0.0815,0.4758,3,0.0815,0.164,3,0.0815,0.9845,2.0,0.0878
1,dimension_3d,prediction,transolver_pp,deepjeb_3d_2d,S,vertical::disp_z,100.0,0.5,1.7412,3,0.2409,671.1095,2,0.0887,0.2382,2,0.087,0.0183,3,0.0807,0.0323,3,0.0807,53.4988,2,0.0956,0.9202,3,0.0807,0.227,3,0.0807,0.5653,3,0.0812,0.9845,2.0,0.0837
1,dimension_3d,prediction,transolver_pp,deepjeb_3d_2d,S,vertical::stress,100.0,0.5,1.7412,3,0.21,671.1095,2,0.1086,0.2382,2,0.1125,37.3504,3,0.0875,57.0222,3,0.0875,86.8487,3,0.0875,0.535,3,0.0875,0.6557,3,0.0875,1388.8883,1,0.1313,,,0.0
1,dimension_3d,prediction,transolver_pp,deepjeb_3d_2d,XL,diagonal::disp_x,100.0,0.5,1.7412,3,0.1362,6214.6045,3,0.1867,0.2458,2,0.148,0.0028,1,0.0762,0.0057,1,0.0762,37.7707,1,0.0706,0.8904,1,0.0759,0.2645,1,0.0759,0.0991,1,0.0836,0.992,1.0,0.0706
1,dimension_3d,prediction,transolver_pp,deepjeb_3d_2d,XL,diagonal::disp_y,100.0,0.5,1.7412,3,0.1559,6214.6045,3,0.1654,0.2458,2,0.1059,0.0021,1,0.0764,0.0041,1,0.0821,44.7802,1,0.0812,0.9437,2,0.08,0.2373,2,0.08,0.1131,3,0.092,0.992,1.0,0.0812
1,dimension_3d,prediction,transolver_pp,deepjeb_3d_2d,XL,diagonal::disp_z,100.0,0.5,1.7412,3,0.1593,6214.6045,3,0.1934,0.2458,2,0.1082,0.0052,1,0.0751,0.0098,1,0.0751,26.7726,1,0.0794,0.9656,2,0.0729,0.1322,2,0.0729,0.1584,3,0.0843,0.992,1.0,0.0794
1,dimension_3d,prediction,regdgcnn,deepjeb_3d_2d,XL,diagonal::stress,100.0,0.5,1.4418,1,0.1428,9206.6253,5,0.1518,0.2627,4,0.1388,14.3113,3,0.0867,23.9013,3,0.0899,52.9262,3,0.0823,0.7485,3,0.0899,0.4333,3,0.0899,747.9848,1,0.1278,,,0.0
1,dimension_3d,prediction,transolver_pp,deepjeb_3d_2d,XL,horizontal::disp_x,100.0,0.5,1.7412,3,0.1777,6197.1384,2,0.172,0.2339,2,0.1185,0.0049,1,0.073,0.0111,1,0.0773,29.3792,2,0.073,0.9787,1,0.0773,0.1196,1,0.0773,0.3195,1,0.0808,0.9953,1.0,0.073
1,dimension_3d,prediction,transolver_pp,deepjeb_3d_2d,XL,horizontal::disp_y,100.0,0.5,1.7412,3,0.1992,6197.1384,2,0.1483,0.2339,2,0.1126,0.0015,1,0.0735,0.0028,1,0.0735,55.0622,1,0.0759,0.8708,1,0.0759,0.3572,1,0.0759,0.0812,3,0.0892,0.9953,1.0,0.076
1,dimension_3d,prediction,transolver_pp,deepjeb_3d_2d,XL,horizontal::disp_z,100.0,0.5,1.7412,3,0.1979,6197.1384,2,0.166,0.2339,2,0.1286,0.005,1,0.0725,0.0103,1,0.0725,33.0966,1,0.0705,0.9823,1,0.0725,0.1238,1,0.0725,0.2389,1,0.0768,0.9953,1.0,0.0705
1,dimension_3d,prediction,transolver_pp,deepjeb_3d_2d,XL,horizontal::stress,100.0,0.5,1.7412,3,0.1885,6197.1384,2,0.1703,0.2339,2,0.1354,19.0559,2,0.0812,35.7967,1,0.0865,53.3293,2,0.0812,0.7608,1,0.0865,0.4817,1,0.0865,1245.1973,4,0.0838,,,0.0
1,dimension_3d,prediction,transolver_pp,deepjeb_3d_2d,XL,mode_shape_1::mode_x,100.0,0.5,1.741,3,0.0932,4351.5649,4,0.0969,0.2369,4,0.1373,258.7933,1,0.1119,357.3192,1,0.0991,193.2754,3,0.0932,-0.0001,1,0.091,1.0,1,0.091,4685.1724,3,0.0932,0.0119,3.0,0.0932
1,dimension_3d,prediction,transolver_pp,deepjeb_3d_2d,XL,mode_shape_1::mode_y,100.0,0.5,1.741,3,0.0885,4351.5649,4,0.1007,0.2369,4,0.1626,374.0583,3,0.0912,552.0609,2,0.1004,192.7825,3,0.0885,0.0002,1,0.1013,0.9999,1,0.0869,7206.0132,3,0.0912,0.0119,3.0,0.0885
1,dimension_3d,prediction,transolver_pp,deepjeb_3d_2d,XL,mode_shape_1::mode_z,100.0,0.5,1.741,3,0.0905,4351.5649,4,0.0978,0.2369,4,0.1378,641.7674,3,0.0905,793.9698,3,0.0905,193.7913,5,0.1123,-0.0006,3,0.0905,1.0003,3,0.0935,5291.1831,3,0.1062,0.0119,3.0,0.0905
1,dimension_3d,prediction,transolver_pp,deepjeb_3d_2d,XL,mode_shape_2::mode_x,100.0,0.5,1.741,3,0.074,3790.9378,3,0.2184,0.2372,4,0.1352,248.4377,3,0.078,327.4124,3,0.078,195.6949,3,0.078,-0.0001,3,0.074,1.0,1,0.0764,3798.3979,1,0.0977,0.0058,2.0,0.0904
1,dimension_3d,prediction,pointnet,deepjeb_3d_2d,XL,mode_shape_2::mode_y,100.0,0.5,3.6681,4,0.0805,2703.265,2,0.1563,0.1904,2,0.1344,262.8331,1,0.081,454.8561,1,0.086,195.2332,5,0.086,0.0,1,0.0813,1.0,1,0.0813,10479.0371,2,0.1181,0.0009,4.0,0.0951
1,dimension_3d,prediction,transolver_pp,deepjeb_3d_2d,XL,mode_shape_2::mode_z,100.0,0.5,1.741,3,0.0769,3790.9378,3,0.2021,0.2372,4,0.1286,673.8523,1,0.0897,904.0693,3,0.0822,196.0451,3,0.0822,0.0,1,0.0767,1.0,1,0.0767,5248.0278,2,0.087,0.0058,2.0,0.0978
1,dimension_3d,prediction,transolver_pp,deepjeb_3d_2d,XL,torsion::disp_x,100.0,0.5,1.7412,3,0.1434,5953.4253,2,0.1782,0.2346,2,0.0929,0.0011,2,0.0814,0.0023,2,0.0814,37.7405,2,0.0814,0.9827,2,0.0814,0.1316,2,0.0814,0.0749,3,0.097,0.9887,2.0,0.0814
1,dimension_3d,prediction,transolver_pp,deepjeb_3d_2d,XL,torsion::disp_y,100.0,0.5,1.7412,3,0.1653,5953.4253,2,0.189,0.2346,2,0.1175,0.0009,1,0.0724,0.002,1,0.0724,60.6512,2,0.0732,0.9749,1,0.0753,0.158,1,0.0753,0.0799,1,0.0864,0.9887,2.0,0.0733
1,dimension_3d,prediction,transolver_pp,deepjeb_3d_2d,XL,torsion::disp_z,100.0,0.5,1.7412,3,0.1571,5953.4253,2,0.199,0.2346,2,0.0963,0.001,2,0.0785,0.0019,2,0.0785,46.3148,2,0.0785,0.9719,2,0.0785,0.1674,2,0.0785,0.0462,3,0.0785,0.9887,2.0,0.0765
1,dimension_3d,prediction,transolver_pp,deepjeb_3d_2d,XL,torsion::stress,100.0,0.5,1.7412,3,0.1553,5953.4253,2,0.199,0.2346,2,0.1011,7.8869,2,0.0884,15.9063,2,0.0884,66.43,2,0.1011,0.8223,2,0.0884,0.4215,2,0.0884,734.4186,3,0.0897,,,0.0
1,dimension_3d,prediction,transolver_pp,deepjeb_3d_2d,XL,vertical::disp_x,100.0,0.5,1.7412,3,0.1533,6182.9149,2,0.182,0.2792,4,0.0925,0.0043,1,0.0787,0.009,1,0.082,37.7233,2,0.0809,0.9811,1,0.082,0.1249,1,0.082,0.2182,2,0.0857,0.9963,2.0,0.0809
1,dimension_3d,prediction,transolver_pp,deepjeb_3d_2d,XL,vertical::disp_y,100.0,0.5,1.7412,3,0.143,6182.9149,2,0.1907,0.2792,4,0.0894,0.0026,2,0.0753,0.0052,3,0.0841,51.4797,2,0.0753,0.9395,3,0.0841,0.2457,3,0.0841,0.1065,2,0.0986,0.9963,2.0,0.0753
1,dimension_3d,prediction,transolver_pp,deepjeb_3d_2d,XL,vertical::disp_z,100.0,0.5,1.7412,3,0.1499,6182.9149,2,0.1859,0.2792,4,0.0866,0.008,1,0.0764,0.0157,1,0.0872,32.9442,2,0.0774,0.9812,1,0.0872,0.1101,1,0.0872,0.3129,3,0.0847,0.9963,2.0,0.0774
1,dimension_3d,prediction,transolver_pp,deepjeb_3d_2d,XL,vertical::stress,100.0,0.5,1.7412,3,0.1292,6182.9149,2,0.2335,0.2792,4,0.092,22.4413,2,0.0843,39.6642,2,0.0843,54.8612,2,0.0843,0.775,2,0.0843,0.4561,2,0.0843,1342.9902,3,0.1239,,,0.0
1,dimension_3d,prediction,transolver_pp,drivaernet_3d_2d,L,pressure::pressure,100.0,0.5,1.7405,3,0.2452,365.1097,3,0.1274,0.9754,6,0.088,11.73,1,0.0916,19.657,1,0.0867,33.5642,1,0.0916,0.9758,1,0.0867,0.1502,1,0.0867,874.1337,1,0.0962,,,0.0
1,dimension_3d,prediction,transolver,drivaernet_3d_2d,L,pv_coupled::pressure,100.0,0.5,3.7788,5,0.2004,308.5218,3,0.0859,0.816,1,0.1835,15.2796,1,0.0894,25.0009,2,0.0826,40.1135,3,0.0789,0.9608,2,0.0826,0.191,2,0.0826,924.0452,3,0.114,,,0.0
1,dimension_3d,prediction,transolver,drivaernet_3d_2d,L,pv_coupled::velocity_x,100.0,0.5,3.7788,5,0.2282,308.5218,3,0.0635,0.816,1,0.1781,2.0725,2,0.0594,3.4799,2,0.0594,31.9585,2,0.0594,0.9337,2,0.0594,0.1498,2,0.0594,40.0319,2,0.1739,0.9709,2.0,0.0594
1,dimension_3d,prediction,transolver,drivaernet_3d_2d,L,pv_coupled::velocity_y,100.0,0.5,3.7788,5,0.1156,308.5218,3,0.0936,0.816,1,0.1892,0.7986,2,0.0743,1.4626,1,0.0757,97.5523,1,0.0764,0.3342,1,0.0757,0.8111,1,0.0757,17.5921,4,0.1388,0.9709,2.0,0.085
1,dimension_3d,prediction,transolver,drivaernet_3d_2d,L,pv_coupled::velocity_z,100.0,0.5,3.7788,5,0.2396,308.5218,3,0.0832,0.816,1,0.1307,0.9426,3,0.0724,1.5788,2,0.0768,62.3568,4,0.0818,0.8901,2,0.0768,0.3246,2,0.0768,29.3838,4,0.0792,0.9709,2.0,0.0825
1,dimension_3d,prediction,regdgcnn,drivaernet_3d_2d,L,velocity::velocity_x,100.0,0.5,1.4417,1,0.3054,1597.0078,6,0.0775,0.9245,6,0.0806,2.165,1,0.072,3.4273,1,0.0715,32.3827,1,0.072,0.9357,1,0.0715,0.1476,1,0.0715,39.121,1,0.1061,0.9714,1.0,0.072
1,dimension_3d,prediction,transolver,drivaernet_3d_2d,L,velocity::velocity_y,100.0,0.5,3.7785,5,0.1466,367.757,4,0.0992,0.832,3,0.0945,0.7988,1,0.0872,1.461,1,0.0887,107.8456,4,0.0954,0.3356,1,0.0887,0.8102,1,0.0887,17.8454,3,0.1265,0.9683,2.0,0.0843
1,dimension_3d,prediction,transolver,drivaernet_3d_2d,L,velocity::velocity_z,100.0,0.5,3.7785,5,0.2684,367.757,4,0.0939,0.832,3,0.0854,1.0212,3,0.0767,1.6378,2,0.0767,64.65,3,0.0854,0.8817,2,0.0767,0.3367,2,0.0767,28.1701,1,0.0835,0.9683,2.0,0.0767
1,dimension_3d,prediction,transolver,drivaernet_3d_2d,M,pressure::pressure,100.0,0.5,3.778,5,0.3317,267.4507,4,0.0926,0.8105,2,0.1177,13.3522,1,0.0751,22.2176,1,0.0751,37.433,1,0.0751,0.969,1,0.0751,0.1698,1,0.0751,893.7401,2,0.0826,,,0.0
1,dimension_3d,prediction,transolver,drivaernet_3d_2d,M,pv_coupled::pressure,100.0,0.5,3.7788,5,0.2424,198.8159,3,0.1051,0.8191,2,0.1327,17.6958,2,0.0808,28.0939,2,0.0808,41.6041,2,0.0808,0.9505,2,0.0808,0.2147,2,0.0808,904.5508,2,0.1158,,,0.0
1,dimension_3d,prediction,transolver,drivaernet_3d_2d,M,pv_coupled::velocity_x,100.0,0.5,3.7788,5,0.1717,198.8159,3,0.0799,0.8191,2,0.1384,2.5122,4,0.0754,3.8364,2,0.0786,34.7061,3,0.082,0.9194,2,0.0786,0.1652,2,0.0786,41.5185,2,0.1384,0.9658,2.0,0.0786
1,dimension_3d,prediction,transolver,drivaernet_3d_2d,M,pv_coupled::velocity_y,100.0,0.5,3.7788,5,0.1478,198.8159,3,0.0873,0.8191,2,0.195,0.8154,1,0.0716,1.4892,1,0.0716,105.3063,3,0.0818,0.3097,1,0.0716,0.8259,1,0.0716,16.9844,2,0.1222,0.9658,2.0,0.0797
1,dimension_3d,prediction,transolver,drivaernet_3d_2d,M,pv_coupled::velocity_z,100.0,0.5,3.7788,5,0.1657,198.8159,3,0.089,0.8191,2,0.1314,1.0211,3,0.0816,1.6723,3,0.0781,64.6437,3,0.0816,0.8766,3,0.0781,0.3438,3,0.0781,27.6528,2,0.1211,0.9658,2.0,0.0953
1,dimension_3d,prediction,regdgcnn,drivaernet_3d_2d,M,velocity::velocity_x,100.0,0.5,1.4417,1,0.2161,820.6919,5,0.0798,0.924,6,0.099,2.4373,2,0.0798,3.8254,2,0.0798,34.7258,2,0.0798,0.9199,2,0.0798,0.1647,2,0.0798,41.9458,1,0.1264,0.9655,2.0,0.0798
1,dimension_3d,prediction,transolver_pp,drivaernet_3d_2d,M,velocity::velocity_y,100.0,0.5,1.741,3,0.1534,204.1287,3,0.089,0.9212,5,0.1083,0.8532,4,0.0874,1.5416,3,0.0867,103.9979,2,0.1083,0.2603,3,0.0867,0.8549,3,0.0867,17.2465,1,0.1045,0.9588,4.0,0.089
1,dimension_3d,prediction,transolver,drivaernet_3d_2d,M,velocity::velocity_z,100.0,0.5,3.7785,5,0.1942,260.9036,4,0.0842,0.8271,3,0.1061,1.037,3,0.0986,1.7309,3,0.0842,65.0958,3,0.0908,0.8678,3,0.0842,0.3558,3,0.0842,29.4789,2,0.0895,0.9644,3.0,0.0842
1,dimension_3d,prediction,transolver,drivaernet_3d_2d,S,pressure::pressure,100.0,0.5,3.778,5,0.1796,156.467,4,0.1479,0.8202,3,0.0952,21.4658,3,0.0915,36.4102,3,0.0915,49.9403,3,0.0952,0.9169,3,0.0915,0.2782,3,0.0915,1051.1968,2,0.1159,,,0.0
1,dimension_3d,prediction,transolver,drivaernet_3d_2d,S,pv_coupled::pressure,100.0,0.5,3.7788,5,0.2373,128.091,4,0.1107,0.8179,1,0.2048,20.8744,1,0.0715,34.4148,1,0.0715,46.8952,1,0.0715,0.9257,1,0.0715,0.263,1,0.0715,968.2961,2,0.0895,,,0.0
1,dimension_3d,prediction,transolver,drivaernet_3d_2d,S,pv_coupled::velocity_x,100.0,0.5,3.7788,5,0.1876,128.091,4,0.1106,0.8179,1,0.2105,2.6245,1,0.0702,4.1224,1,0.0664,35.612,1,0.0702,0.9069,1,0.0664,0.1775,1,0.0664,52.3486,6,0.0854,0.9606,1.0,0.0664
1,dimension_3d,prediction,transolver_pp,drivaernet_3d_2d,S,pv_coupled::velocity_y,100.0,0.5,1.7412,3,0.115,111.159,1,0.1637,0.922,5,0.1222,0.8621,3,0.0785,1.5633,3,0.076,107.2066,2,0.1222,0.2394,3,0.076,0.8669,3,0.076,17.5109,3,0.0825,0.9429,4.0,0.0878
1,dimension_3d,prediction,transolver,drivaernet_3d_2d,S,pv_coupled::velocity_z,100.0,0.5,3.7788,5,0.2006,128.091,4,0.1226,0.8179,1,0.1878,1.1681,1,0.0706,1.8317,1,0.0706,68.3347,2,0.0664,0.852,1,0.0706,0.3766,1,0.0706,32.6919,3,0.0706,0.9606,1.0,0.0695
1,dimension_3d,prediction,transolver,drivaernet_3d_2d,S,velocity::velocity_x,100.0,0.5,3.7785,5,0.1457,114.7082,2,0.1102,0.8162,2,0.1211,3.5784,4,0.0722,5.2915,3,0.0711,41.3099,4,0.0699,0.8467,3,0.0711,0.2278,3,0.0711,37.8979,2,0.1954,0.94,4.0,0.0722
1,dimension_3d,prediction,transolver,drivaernet_3d_2d,S,velocity::velocity_y,100.0,0.5,3.7785,5,0.0936,114.7082,2,0.2083,0.8162,2,0.1462,0.8535,2,0.0689,1.5444,2,0.0689,109.264,2,0.1055,0.2576,2,0.0689,0.8565,2,0.0689,17.9581,2,0.0842,0.94,4.0,0.0868
1,dimension_3d,prediction,transolver,drivaernet_3d_2d,S,velocity::velocity_z,100.0,0.5,3.7785,5,0.1977,114.7082,2,0.2152,0.8162,2,0.0842,1.3776,4,0.0702,2.1232,4,0.0702,76.0095,4,0.0702,0.8011,4,0.0702,0.4365,4,0.0702,37.4139,3,0.0775,0.94,4.0,0.0745
1,dimension_3d,prediction,transolver_pp,drivaernet_3d_2d,XL,pressure::pressure,100.0,0.5,1.7405,3,0.3463,676.745,3,0.1296,0.9413,5,0.0777,8.9717,1,0.0741,15.1371,1,0.0741,28.1705,1,0.0741,0.9856,1,0.0741,0.1157,1,0.0741,744.5414,1,0.0759,,,0.0
1,dimension_3d,prediction,transolver,drivaernet_3d_2d,XL,pv_coupled::pressure,100.0,0.5,3.7788,5,0.1212,513.8223,3,0.1145,0.8179,1,0.2254,13.8043,2,0.0849,22.455,2,0.0849,36.9689,2,0.0849,0.9684,2,0.0849,0.1716,2,0.0849,826.2543,1,0.1145,,,0.0
1,dimension_3d,prediction,transolver,drivaernet_3d_2d,XL,pv_coupled::velocity_x,100.0,0.5,3.7788,5,0.2098,513.8223,3,0.0766,0.8179,1,0.1557,2.051,3,0.0731,3.3684,3,0.0731,31.2189,3,0.0731,0.9379,3,0.0731,0.145,3,0.0731,41.2206,3,0.1163,0.973,3.0,0.076
1,dimension_3d,prediction,transolver,drivaernet_3d_2d,XL,pv_coupled::velocity_y,100.0,0.5,3.7788,5,0.1165,513.8223,3,0.0927,0.8179,1,0.2131,0.8133,4,0.0808,1.434,2,0.0782,106.1317,3,0.0863,0.3599,2,0.0782,0.7953,2,0.0782,17.9416,5,0.0982,0.973,3.0,0.0776
1,dimension_3d,prediction,transolver,drivaernet_3d_2d,XL,pv_coupled::velocity_z,100.0,0.5,3.7788,5,0.1331,513.8223,3,0.0902,0.8179,1,0.2048,0.8576,2,0.0789,1.4706,3,0.0789,58.5006,2,0.0832,0.9046,3,0.0789,0.3023,3,0.0789,29.9292,4,0.0942,0.973,3.0,0.0789
1,dimension_3d,prediction,transolver,drivaernet_3d_2d,XL,velocity::velocity_x,100.0,0.5,3.7785,5,0.1782,529.1109,3,0.0952,0.8239,3,0.1123,2.0537,3,0.0831,3.3414,3,0.0831,31.7619,3,0.0831,0.9389,3,0.0831,0.1439,3,0.0831,44.9565,4,0.1155,0.9728,3.0,0.0831
1,dimension_3d,prediction,transolver,drivaernet_3d_2d,XL,velocity::velocity_y,100.0,0.5,3.7785,5,0.1141,529.1109,3,0.1141,0.8239,3,0.128,0.7875,2,0.0847,1.442,2,0.0929,107.0229,5,0.1029,0.3528,2,0.0929,0.7997,2,0.0929,18.4952,3,0.0873,0.9728,3.0,0.09
1,dimension_3d,prediction,transolver,drivaernet_3d_2d,XL,velocity::velocity_z,100.0,0.5,3.7785,5,0.1881,529.1109,3,0.0899,0.8239,3,0.0978,0.9141,4,0.0849,1.521,3,0.0843,59.5068,4,0.0919,0.898,3,0.0843,0.3127,3,0.0843,29.4053,2,0.1101,0.9728,3.0,0.0843
2,dimension_3d,prediction,transolver,deepjeb_3d_2d,L,diagonal::disp_x,58.1641,0.5,3.7788,5,0.1851,3199.7259,4,0.1128,0.2937,4,0.095,0.0033,1,0.0839,0.0066,1,0.087,42.4485,1,0.0839,0.8527,1,0.087,0.3066,1,0.087,0.0991,1,0.0914,0.989,1.0,0.087
2,dimension_3d,prediction,transolver,deepjeb_3d_2d,L,diagonal::disp_y,54.2868,0.5,3.7788,5,0.1978,3199.7259,4,0.0907,0.2937,4,0.102,0.0026,1,0.0882,0.0051,2,0.0848,50.7064,1,0.0882,0.9146,2,0.0848,0.2921,2,0.0848,0.1083,2,0.0907,0.989,1.0,0.0882
2,dimension_3d,prediction,transolver,deepjeb_3d_2d,L,diagonal::disp_z,56.5319,0.5,3.7788,5,0.1811,3199.7259,4,0.0931,0.2937,4,0.1047,0.0067,1,0.0906,0.012,2,0.087,30.6311,1,0.0918,0.9492,2,0.087,0.1605,2,0.087,0.1489,2,0.087,0.989,1.0,0.0906
2,dimension_3d,prediction,regdgcnn,deepjeb_3d_2d,L,diagonal::stress,61.5316,0.5,1.4418,1,0.1488,4707.8971,5,0.0992,0.2633,3,0.1145,15.6348,3,0.1026,25.5395,1,0.093,57.8131,3,0.0992,0.7128,1,0.093,0.463,1,0.093,761.9161,1,0.1566,,,0.0
2,dimension_3d,prediction,regdgcnn,deepjeb_3d_2d,L,horizontal::disp_x,52.804,0.5,1.4418,1,0.1766,4687.6934,5,0.1273,0.2644,4,0.1074,0.0069,3,0.0828,0.0138,2,0.0858,38.8343,3,0.0791,0.9668,2,0.0913,0.1493,2,0.0913,0.3563,3,0.0791,0.9905,3.0,0.0791
2,dimension_3d,prediction,transolver,deepjeb_3d_2d,L,horizontal::disp_y,52.6708,0.5,3.7788,5,0.1698,3210.2929,4,0.1531,0.298,5,0.1235,0.0018,1,0.0762,0.0032,2,0.0802,61.9362,2,0.0795,0.8282,3,0.0826,0.4119,3,0.0826,0.0746,1,0.0768,0.9938,1.0,0.0758
2,dimension_3d,prediction,regdgcnn,deepjeb_3d_2d,L,horizontal::disp_z,49.6243,0.5,1.4418,1,0.1516,4687.6934,5,0.1439,0.2644,4,0.1194,0.0072,3,0.085,0.0128,2,0.0877,44.5636,3,0.0813,0.9724,2,0.0877,0.1547,2,0.0877,0.2838,3,0.0779,0.9905,3.0,0.0779
2,dimension_3d,prediction,regdgcnn,deepjeb_3d_2d,L,horizontal::stress,59.7649,0.5,1.4418,1,0.1479,4687.6934,5,0.1632,0.2644,4,0.1127,23.4904,3,0.0802,40.3775,3,0.0877,65.9293,3,0.0802,0.6957,3,0.0877,0.5433,3,0.0877,1121.3047,1,0.1527,,,0.0
2,dimension_3d,prediction,pointnet,deepjeb_3d_2d,L,mode_shape_1::mode_x,73.3901,0.5,3.6681,4,0.0891,1882.4347,2,0.1393,0.1934,2,0.1217,258.7993,3,0.0829,357.3286,3,0.0829,198.2323,5,0.087,-0.0001,3,0.0829,1.0,3,0.0827,4676.4951,5,0.0884,0.0148,4.0,0.143
2,dimension_3d,prediction,pointnet,deepjeb_3d_2d,L,mode_shape_1::mode_y,97.7163,0.5,3.6681,4,0.0926,1882.4347,2,0.1112,0.1934,2,0.111,374.0439,1,0.0893,552.08,3,0.0876,196.8872,5,0.0893,0.0001,3,0.0876,0.9999,2,0.0854,7202.1431,4,0.1311,0.0148,4.0,0.1149
2,dimension_3d,prediction,pointnet,deepjeb_3d_2d,L,mode_shape_1::mode_z,61.0448,0.5,3.6681,4,0.0808,1882.4347,2,0.113,0.1934,2,0.1705,641.7198,1,0.0919,793.7879,2,0.0808,197.4211,5,0.0775,-0.0002,2,0.0808,1.0,1,0.0772,5281.397,2,0.0808,0.0148,4.0,0.1464
2,dimension_3d,prediction,transolver,deepjeb_3d_2d,L,mode_shape_2::mode_x,62.6664,0.45,3.7785,5,0.0956,1656.5735,3,0.1519,0.2101,3,0.1852,248.4864,3,0.079,327.468,3,0.079,188.6594,3,0.079,-0.0004,3,0.079,1.0002,3,0.079,3792.4512,1,0.0912,0.0013,4.0,0.0812
2,dimension_3d,prediction,pointnet,deepjeb_3d_2d,L,mode_shape_2::mode_y,73.2159,0.5,3.6681,4,0.098,1387.7907,2,0.1858,0.1938,2,0.1473,262.8185,1,0.0831,454.8566,1,0.0798,198.9991,5,0.0798,0.0,1,0.0798,1.0,1,0.0805,10477.6162,2,0.0843,0.0008,5.0,0.0815
2,dimension_3d,prediction,transolver,deepjeb_3d_2d,L,mode_shape_2::mode_z,68.2862,0.45,3.7785,5,0.0838,1656.5735,3,0.1842,0.2101,3,0.1503,673.8449,1,0.0905,904.126,3,0.0812,189.0812,3,0.0849,-0.0001,3,0.0827,1.0001,3,0.0827,5241.7964,1,0.0838,0.0013,4.0,0.0759
2,dimension_3d,prediction,transolver,deepjeb_3d_2d,L,torsion::disp_x,53.406,0.5,3.7788,5,0.1532,3078.6954,3,0.2239,0.2868,5,0.1004,0.0012,1,0.0746,0.0025,1,0.0746,43.7147,1,0.0746,0.9797,1,0.0746,0.1423,1,0.0746,0.0729,1,0.0746,0.986,1.0,0.0746
2,dimension_3d,prediction,transolver,deepjeb_3d_2d,L,torsion::disp_y,55.8949,0.5,3.7788,5,0.1532,3078.6954,3,0.2239,0.2868,5,0.1004,0.001,1,0.0746,0.0023,1,0.0746,65.6604,1,0.0746,0.9678,1,0.0746,0.1788,1,0.0746,0.0802,1,0.0746,0.986,1.0,0.0746
2,dimension_3d,prediction,transolver,deepjeb_3d_2d,L,torsion::disp_z,54.9342,0.5,3.7788,5,0.1632,3078.6954,3,0.2026,0.2868,5,0.0979,0.0011,1,0.0763,0.0021,1,0.0763,49.8754,1,0.0763,0.967,1,0.0763,0.1817,1,0.0763,0.0421,1,0.0783,0.986,1.0,0.0763
2,dimension_3d,prediction,regdgcnn,deepjeb_3d_2d,L,torsion::stress,49.5148,0.5,1.4418,1,0.2037,4466.0659,5,0.2037,0.2573,4,0.0965,9.1444,3,0.0833,17.0195,2,0.0821,78.278,3,0.0833,0.7965,2,0.0821,0.451,2,0.0821,724.1454,3,0.0833,,,0.0
2,dimension_3d,prediction,transolver,deepjeb_3d_2d,L,vertical::disp_x,49.0495,0.5,3.7788,5,0.1575,3025.7775,2,0.1982,0.32,5,0.0903,0.0053,1,0.0788,0.011,2,0.0778,41.9531,1,0.0788,0.9718,2,0.0778,0.1527,2,0.0778,0.2646,3,0.0853,0.9941,2.0,0.0778
2,dimension_3d,prediction,regdgcnn,deepjeb_3d_2d,L,vertical::disp_y,60.157,0.5,1.4418,1,0.2221,4637.4829,5,0.12,0.2646,4,0.08,0.0031,1,0.0769,0.0054,1,0.0769,63.7179,3,0.0967,0.9352,1,0.0769,0.2542,1,0.0769,0.0967,1,0.0769,0.9923,3.0,0.0967
2,dimension_3d,prediction,regdgcnn,deepjeb_3d_2d,L,vertical::disp_z,56.5851,0.5,1.4418,1,0.1749,4637.4829,5,0.1328,0.2646,4,0.0968,0.0105,3,0.0883,0.0183,1,0.0824,45.2425,3,0.088,0.9745,1,0.0824,0.1284,1,0.0824,0.3535,2,0.084,0.9923,3.0,0.088
2,dimension_3d,prediction,regdgcnn,deepjeb_3d_2d,L,vertical::stress,58.1288,0.5,1.4418,1,0.2013,4637.4829,5,0.1483,0.2646,4,0.0867,26.1612,3,0.0895,43.0186,1,0.0881,65.8314,3,0.0972,0.7353,1,0.0881,0.4947,1,0.0881,1201.9139,3,0.1127,,,0.0
2,dimension_3d,prediction,regdgcnn,deepjeb_3d_2d,M,diagonal::disp_x,55.8568,0.5,1.4418,1,0.2451,2369.2793,5,0.0797,0.3009,5,0.0827,0.004,1,0.0797,0.0075,1,0.0797,53.2516,3,0.0919,0.8113,1,0.0797,0.347,1,0.0797,0.1273,3,0.1018,0.982,1.0,0.0797
2,dimension_3d,prediction,regdgcnn,deepjeb_3d_2d,M,diagonal::disp_y,56.6898,0.5,1.4418,1,0.1861,2369.2793,5,0.0916,0.3009,5,0.0899,0.0032,1,0.0913,0.0058,1,0.0831,60.7888,3,0.1128,0.8901,1,0.0845,0.3315,1,0.0845,0.0884,1,0.0845,0.982,1.0,0.0916
2,dimension_3d,prediction,regdgcnn,deepjeb_3d_2d,M,diagonal::disp_z,52.0236,0.5,1.4418,1,0.2039,2369.2793,5,0.087,0.3009,5,0.0839,0.008,1,0.0839,0.0134,1,0.0839,38.9031,3,0.1098,0.9366,1,0.0839,0.1794,1,0.0839,0.152,1,0.0927,0.982,1.0,0.087
2,dimension_3d,prediction,regdgcnn,deepjeb_3d_2d,M,diagonal::stress,63.3558,0.5,1.4418,1,0.1732,2369.2793,5,0.107,0.3009,5,0.1011,17.2344,1,0.1011,27.3695,1,0.0957,63.3333,3,0.1347,0.6702,1,0.0957,0.4962,1,0.0957,762.472,1,0.0957,,,0.0
2,dimension_3d,prediction,regdgcnn,deepjeb_3d_2d,M,horizontal::disp_x,57.852,0.5,1.4418,1,0.1445,2332.4042,5,0.1375,0.2623,4,0.1225,0.0082,1,0.0841,0.0165,2,0.0867,43.7511,3,0.0841,0.9527,2,0.0867,0.1782,2,0.0867,0.3564,3,0.0829,0.9867,3.0,0.0841
2,dimension_3d,prediction,regdgcnn,deepjeb_3d_2d,M,horizontal::disp_y,58.0077,0.5,1.4418,1,0.1932,2332.4042,5,0.1117,0.2623,4,0.1005,0.0021,1,0.0782,0.0034,1,0.0791,69.8803,3,0.0866,0.8039,1,0.0791,0.44,1,0.0791,0.082,3,0.1058,0.9867,3.0,0.0866
2,dimension_3d,prediction,regdgcnn,deepjeb_3d_2d,M,horizontal::disp_z,55.8796,0.5,1.4418,1,0.1617,2332.4042,5,0.1569,0.2623,4,0.1368,0.0082,2,0.0773,0.0149,2,0.0773,50.5184,3,0.0785,0.963,2,0.0773,0.1792,2,0.0773,0.2896,3,0.0785,0.9867,3.0,0.0785
2,dimension_3d,prediction,regdgcnn,deepjeb_3d_2d,M,horizontal::stress,60.2197,0.5,1.4418,1,0.2283,2332.4042,5,0.106,0.2623,4,0.1023,25.6554,2,0.0899,42.7655,1,0.0848,71.9416,2,0.0899,0.6587,1,0.0848,0.5755,1,0.0848,1139.5491,2,0.129,,,0.0
2,dimension_3d,prediction,transolver_pp,deepjeb_3d_2d,M,mode_shape_1::mode_x,63.7972,0.5,1.741,3,0.1355,1164.5475,5,0.1298,0.2455,5,0.1298,258.8957,2,0.082,357.4033,2,0.082,193.8165,5,0.0799,-0.0005,2,0.082,1.0002,2,0.082,4672.2627,1,0.0878,0.1124,4.0,0.1093
2,dimension_3d,prediction,transolver,deepjeb_3d_2d,M,mode_shape_1::mode_y,54.6165,0.5,3.7785,5,0.0876,781.298,3,0.1752,0.2303,3,0.1752,374.2743,2,0.0766,552.377,2,0.0766,188.2498,4,0.0766,-0.001,2,0.0766,1.0005,2,0.0766,7199.1567,2,0.0766,0.16,2.0,0.1022
2,dimension_3d,prediction,transolver,deepjeb_3d_2d,M,mode_shape_1::mode_z,55.0414,0.5,3.7785,5,0.0875,781.298,3,0.2207,0.2303,3,0.2207,642.0687,3,0.0668,794.7745,3,0.0668,187.5809,3,0.0668,-0.0027,3,0.0668,1.0013,3,0.0668,5330.2637,3,0.0668,0.16,2.0,0.0705
2,dimension_3d,prediction,transolver_pp,deepjeb_3d_2d,M,mode_shape_2::mode_x,64.2384,0.5,1.741,3,0.0878,924.3811,5,0.1257,0.2636,5,0.1495,248.5908,3,0.0779,327.6491,3,0.0779,187.3885,3,0.0779,-0.0015,3,0.0779,1.0008,3,0.0779,3804.25,3,0.1537,0.1877,1.0,0.0938
2,dimension_3d,prediction,transolver_pp,deepjeb_3d_2d,M,mode_shape_2::mode_y,55.1486,0.5,1.741,3,0.0851,924.3811,5,0.1776,0.2636,5,0.1636,264.655,3,0.0797,456.4328,3,0.0797,163.6532,3,0.0797,-0.0069,3,0.0797,1.0035,3,0.0797,10523.7529,3,0.0851,0.1877,1.0,0.0901
2,dimension_3d,prediction,transolver_pp,deepjeb_3d_2d,M,mode_shape_2::mode_z,60.1374,0.5,1.741,3,0.0829,924.3811,5,0.1681,0.2636,5,0.1681,674.1398,3,0.0786,904.4893,3,0.0786,184.116,4,0.0917,-0.001,3,0.0786,1.0005,3,0.0786,5273.877,3,0.0829,0.1877,1.0,0.0917
2,dimension_3d,prediction,regdgcnn,deepjeb_3d_2d,M,torsion::disp_x,52.8418,0.5,1.4418,1,0.1871,2239.7368,5,0.1571,0.2563,4,0.0903,0.0015,1,0.0789,0.0033,3,0.0813,46.6074,1,0.082,0.9655,3,0.0778,0.1858,3,0.0778,0.0859,3,0.0901,0.977,2.0,0.0778
2,dimension_3d,prediction,regdgcnn,deepjeb_3d_2d,M,torsion::disp_y,58.4008,0.5,1.4418,1,0.205,2239.7368,5,0.1232,0.2563,4,0.0793,0.0013,1,0.0793,0.0028,2,0.0777,77.2301,2,0.1216,0.9488,2,0.0742,0.2257,2,0.0742,0.0944,2,0.0793,0.977,2.0,0.086
2,dimension_3d,prediction,regdgcnn,deepjeb_3d_2d,M,torsion::disp_z,49.8871,0.5,1.4418,1,0.1777,2239.7368,5,0.1804,0.2563,4,0.088,0.0015,1,0.0816,0.0028,2,0.0788,60.8732,2,0.0749,0.9395,3,0.0806,0.2459,3,0.0806,0.054,3,0.0785,0.977,2.0,0.0789
2,dimension_3d,prediction,regdgcnn,deepjeb_3d_2d,M,torsion::stress,55.6452,0.5,1.4418,1,0.1851,2239.7368,5,0.1566,0.2563,4,0.1091,9.9089,1,0.0872,17.9429,1,0.0872,84.3131,1,0.0872,0.7739,1,0.0872,0.4755,1,0.0872,714.2985,3,0.1131,,,0.0
2,dimension_3d,prediction,regdgcnn,deepjeb_3d_2d,M,vertical::disp_x,54.8988,0.5,1.4418,1,0.1405,2347.7989,5,0.2022,0.2682,4,0.1218,0.0071,2,0.0782,0.0131,2,0.0756,55.1418,3,0.0753,0.9602,2,0.0782,0.1812,2,0.0782,0.2834,3,0.0753,0.9885,3.0,0.0747
2,dimension_3d,prediction,regdgcnn,deepjeb_3d_2d,M,vertical::disp_y,59.0574,0.5,1.4418,1,0.1615,2347.7989,5,0.1322,0.2682,4,0.0986,0.0036,1,0.0797,0.0065,1,0.0797,69.2083,3,0.0938,0.9057,1,0.0797,0.3067,1,0.0797,0.1178,1,0.0855,0.9885,3.0,0.1097
2,dimension_3d,prediction,regdgcnn,deepjeb_3d_2d,M,vertical::disp_z,56.5892,0.5,1.4418,1,0.1343,2347.7989,5,0.1628,0.2682,4,0.1279,0.0122,2,0.0827,0.0202,1,0.0779,52.7706,3,0.0853,0.9689,1,0.0779,0.1416,1,0.0779,0.3881,3,0.0881,0.9885,3.0,0.0853
2,dimension_3d,prediction,regdgcnn,deepjeb_3d_2d,M,vertical::stress,56.5351,0.5,1.4418,1,0.1446,2347.7989,5,0.1762,0.2682,4,0.1375,28.7323,1,0.0842,45.8368,1,0.0842,72.5063,2,0.1007,0.6995,1,0.0842,0.5271,1,0.0842,1178.682,2,0.1044,,,0.0
2,dimension_3d,prediction,regdgcnn,deepjeb_3d_2d,S,diagonal::disp_x,69.0206,0.5,1.4418,1,0.243,983.5402,5,0.0856,0.2652,4,0.1292,0.0049,1,0.075,0.009,1,0.075,58.5747,2,0.0779,0.7273,1,0.075,0.4172,1,0.075,0.1407,3,0.0893,0.9731,1.0,0.075
2,dimension_3d,prediction,regdgcnn,deepjeb_3d_2d,S,diagonal::disp_y,72.6676,0.5,1.4418,1,0.2068,983.5402,5,0.0952,0.2652,4,0.1666,0.004,1,0.074,0.0076,1,0.074,67.2089,1,0.074,0.8074,1,0.074,0.4388,1,0.074,0.1344,2,0.0845,0.9731,1.0,0.0769
2,dimension_3d,prediction,regdgcnn,deepjeb_3d_2d,S,diagonal::disp_z,70.1776,0.5,1.4418,1,0.313,983.5402,5,0.0783,0.2652,4,0.1189,0.0099,1,0.07,0.0168,1,0.07,41.7256,1,0.07,0.8999,1,0.07,0.2254,1,0.07,0.1951,1,0.07,0.9731,1.0,0.07
2,dimension_3d,prediction,regdgcnn,deepjeb_3d_2d,S,diagonal::stress,71.755,0.5,1.4418,1,0.2925,983.5402,5,0.09,0.2652,4,0.1361,19.0642,1,0.0791,29.5971,1,0.0791,68.6505,1,0.0791,0.6143,1,0.0791,0.5366,1,0.0791,756.0582,1,0.086,,,0.0
2,dimension_3d,prediction,regdgcnn,deepjeb_3d_2d,S,horizontal::disp_x,63.9537,0.5,1.4418,1,0.2404,974.5064,5,0.0922,0.2761,4,0.0801,0.0107,1,0.0811,0.0217,1,0.0811,49.5989,1,0.0811,0.9177,1,0.0811,0.235,1,0.0811,0.4054,3,0.0909,0.9816,3.0,0.0909
2,dimension_3d,prediction,regdgcnn,deepjeb_3d_2d,S,horizontal::disp_y,63.5406,0.5,1.4418,1,0.1452,974.5064,5,0.1256,0.2761,4,0.0968,0.0026,1,0.0837,0.0041,1,0.0853,80.1222,1,0.0853,0.7206,1,0.0853,0.5253,1,0.0853,0.0797,3,0.1045,0.9816,3.0,0.1029
2,dimension_3d,prediction,regdgcnn,deepjeb_3d_2d,S,horizontal::disp_z,63.9772,0.5,1.4418,1,0.1466,974.5064,5,0.1195,0.2761,4,0.0909,0.011,1,0.0884,0.0209,1,0.0884,57.7081,3,0.1024,0.9266,1,0.0884,0.2523,1,0.0884,0.3572,2,0.0909,0.9816,3.0,0.0963
2,dimension_3d,prediction,regdgcnn,deepjeb_3d_2d,S,horizontal::stress,62.7977,0.5,1.4418,1,0.1731,974.5064,5,0.1436,0.2761,4,0.1164,29.4711,1,0.0912,47.0767,1,0.0912,78.3834,1,0.0951,0.5864,1,0.0912,0.6335,1,0.0912,1142.8663,2,0.1071,,,0.0
2,dimension_3d,prediction,transolver_pp,deepjeb_3d_2d,S,mode_shape_1::mode_x,57.2237,0.5,1.741,3,0.0884,360.7683,4,0.1185,0.2398,5,0.1532,260.8913,3,0.0826,358.6863,3,0.0826,163.2525,3,0.0826,-0.0077,3,0.0826,1.0038,3,0.0826,4637.3462,2,0.1185,0.0068,4.0,0.1083
2,dimension_3d,prediction,transolver_pp,deepjeb_3d_2d,S,mode_shape_1::mode_y,54.9005,0.5,1.741,3,0.0834,360.7683,4,0.151,0.2398,5,0.2044,374.1795,2,0.0759,552.277,2,0.0759,190.348,5,0.081,-0.0006,2,0.0759,1.0003,2,0.073,7215.3242,3,0.0867,0.0068,4.0,0.0926
2,dimension_3d,prediction,transolver_pp,deepjeb_3d_2d,S,mode_shape_1::mode_z,51.9509,0.5,1.741,3,0.0771,360.7683,4,0.1623,0.2398,5,0.199,643.3359,3,0.0771,795.3329,3,0.0771,174.8359,3,0.0771,-0.0041,3,0.0771,1.002,3,0.0771,5229.3188,1,0.0949,0.0068,4.0,0.0812
2,dimension_3d,prediction,transolver,deepjeb_3d_2d,S,mode_shape_2::mode_x,65.7469,0.5,3.7785,5,0.0902,386.4974,3,0.1617,0.2258,3,0.1617,255.3927,3,0.0733,338.4884,3,0.0733,153.9653,2,0.0744,-0.0689,3,0.0733,1.0339,3,0.0733,4030.8582,5,0.1303,0.3704,1.0,0.0885
2,dimension_3d,prediction,geofno,deepjeb_3d_2d,S,mode_shape_2::mode_y,49.2019,0.5,1.5457,2,0.0886,197.6788,1,0.1642,0.1869,1,0.1642,282.2087,4,0.0682,468.4939,4,0.0682,153.4156,2,0.0682,-0.0609,4,0.0682,1.03,4,0.0682,10670.1279,5,0.1477,0.1784,4.0,0.0943
2,dimension_3d,prediction,transolver,deepjeb_3d_2d,S,mode_shape_2::mode_z,64.1267,0.5,3.7785,5,0.0972,386.4974,3,0.1749,0.2258,3,0.1749,709.1756,3,0.075,955.7104,3,0.075,145.4068,2,0.0761,-0.1175,3,0.075,1.0571,3,0.075,5694.5044,2,0.0761,0.3704,1.0,0.1009
2,dimension_3d,prediction,regdgcnn,deepjeb_3d_2d,S,torsion::disp_x,61.9757,0.5,1.4418,1,0.2045,908.8806,5,0.0948,0.2564,5,0.1335,0.0018,1,0.0798,0.0037,1,0.0798,52.6514,1,0.0798,0.9562,1,0.0798,0.2092,1,0.0798,0.079,2,0.0884,0.9663,1.0,0.0798
2,dimension_3d,prediction,regdgcnn,deepjeb_3d_2d,S,torsion::disp_y,59.7724,0.5,1.4418,1,0.2239,908.8806,5,0.0941,0.2564,5,0.1536,0.0017,2,0.0767,0.0034,2,0.0741,89.0102,3,0.0816,0.9257,2,0.0741,0.2717,2,0.0741,0.0931,2,0.0722,0.9663,1.0,0.0756
2,dimension_3d,prediction,regdgcnn,deepjeb_3d_2d,S,torsion::disp_z,62.3215,0.5,1.4418,1,0.2063,908.8806,5,0.097,0.2564,5,0.1407,0.0018,1,0.0794,0.0032,1,0.0775,66.6519,1,0.0775,0.9243,1,0.0775,0.275,1,0.0775,0.0544,2,0.0889,0.9663,1.0,0.0775
2,dimension_3d,prediction,regdgcnn,deepjeb_3d_2d,S,torsion::stress,99.3981,0.5,1.4418,1,0.2139,908.8806,5,0.105,0.2564,5,0.1375,11.0013,1,0.0825,19.5217,1,0.0825,91.2197,1,0.0825,0.7323,1,0.0825,0.5174,1,0.0825,655.5378,3,0.1312,,,0.0
2,dimension_3d,prediction,regdgcnn,deepjeb_3d_2d,S,vertical::disp_x,63.396,0.5,1.4418,1,0.2627,954.5219,5,0.0864,0.2659,4,0.0859,0.0093,1,0.0798,0.0175,1,0.0798,62.3082,2,0.0813,0.9289,1,0.0798,0.2424,1,0.0798,0.3783,2,0.0813,0.9846,1.0,0.0831
2,dimension_3d,prediction,regdgcnn,deepjeb_3d_2d,S,vertical::disp_y,63.4216,0.5,1.4418,1,0.2129,954.5219,5,0.1,0.2659,4,0.1023,0.0044,1,0.0815,0.0083,1,0.0815,76.9098,2,0.0896,0.8484,1,0.0815,0.3889,1,0.0815,0.152,1,0.0815,0.9846,1.0,0.0878
2,dimension_3d,prediction,regdgcnn,deepjeb_3d_2d,S,vertical::disp_z,63.4322,0.5,1.4418,1,0.2409,954.5219,5,0.0887,0.2659,4,0.087,0.016,1,0.0807,0.0281,1,0.0807,59.31,3,0.0956,0.9399,1,0.0807,0.197,1,0.0807,0.4983,2,0.0812,0.9846,1.0,0.0837
2,dimension_3d,prediction,regdgcnn,deepjeb_3d_2d,S,vertical::stress,63.3666,0.5,1.4418,1,0.21,954.5219,5,0.1086,0.2659,4,0.1125,32.0051,1,0.0875,49.8345,1,0.0875,78.4911,1,0.0875,0.6448,1,0.0875,0.573,1,0.0875,1424.3959,2,0.1313,,,0.0
2,dimension_3d,prediction,regdgcnn,deepjeb_3d_2d,XL,diagonal::disp_x,54.7432,0.5,1.4418,1,0.1362,9206.6253,5,0.1867,0.2627,4,0.148,0.003,2,0.0762,0.006,2,0.0762,45.4526,3,0.0706,0.8789,2,0.0759,0.278,2,0.0759,0.1128,4,0.0836,0.9894,3.0,0.0706
2,dimension_3d,prediction,regdgcnn,deepjeb_3d_2d,XL,diagonal::disp_y,57.7595,0.5,1.4418,1,0.1559,9206.6253,5,0.1654,0.2627,4,0.1059,0.0024,3,0.0764,0.0042,3,0.0821,51.5575,3,0.0812,0.9411,3,0.08,0.2427,3,0.08,0.0877,1,0.092,0.9894,3.0,0.0812
2,dimension_3d,prediction,regdgcnn,deepjeb_3d_2d,XL,diagonal::disp_z,54.4026,0.5,1.4418,1,0.1593,9206.6253,5,0.1934,0.2627,4,0.1082,0.0062,3,0.0751,0.0104,3,0.0751,33.7536,3,0.0794,0.9618,3,0.0729,0.1393,3,0.0729,0.1461,2,0.0843,0.9894,3.0,0.0794
2,dimension_3d,prediction,transolver_pp,deepjeb_3d_2d,XL,diagonal::stress,60.7697,0.5,1.7412,3,0.1428,6214.6045,3,0.1518,0.2458,2,0.1388,13.5126,1,0.0867,23.5366,1,0.0899,47.8205,2,0.0823,0.7561,1,0.0899,0.4267,1,0.0899,783.6657,3,0.1278,,,0.0
2,dimension_3d,prediction,regdgcnn,deepjeb_3d_2d,XL,horizontal::disp_x,49.5936,0.5,1.4418,1,0.1777,9209.5524,5,0.172,0.2629,4,0.1185,0.0059,3,0.073,0.0118,3,0.0773,38.2213,3,0.073,0.9757,3,0.0773,0.1277,3,0.0773,0.3263,2,0.0808,0.992,3.0,0.073
2,dimension_3d,prediction,regdgcnn,deepjeb_3d_2d,XL,horizontal::disp_y,53.6491,0.5,1.4418,1,0.1992,9209.5524,5,0.1483,0.2629,4,0.1126,0.0017,3,0.0735,0.0029,3,0.0735,60.8926,3,0.0759,0.8648,3,0.0759,0.3653,3,0.0759,0.0679,1,0.0892,0.992,3.0,0.076
2,dimension_3d,prediction,regdgcnn,deepjeb_3d_2d,XL,horizontal::disp_z,51.0601,0.5,1.4418,1,0.1979,9209.5524,5,0.166,0.2629,4,0.1286,0.0063,3,0.0725,0.0114,3,0.0725,42.3234,3,0.0705,0.9782,3,0.0725,0.1376,3,0.0725,0.2398,2,0.0768,0.992,3.0,0.0705
2,dimension_3d,prediction,geofno,deepjeb_3d_2d,XL,horizontal::stress,55.583,0.5,1.5458,2,0.1885,3515.6181,1,0.1703,0.2198,1,0.1354,31.0035,4,0.0812,48.7266,4,0.0865,81.6567,4,0.0812,0.5569,4,0.0865,0.6557,4,0.0865,1167.6985,3,0.0838,,,0.0
2,dimension_3d,prediction,pointnet,deepjeb_3d_2d,XL,mode_shape_1::mode_x,63.5095,0.5,3.6681,4,0.0932,3475.1267,3,0.0969,0.2199,2,0.1373,258.7942,2,0.1119,357.3304,3,0.0991,195.4221,4,0.0932,-0.0001,1,0.091,1.0,1,0.091,4678.6699,2,0.0932,0.0091,4.0,0.0932
2,dimension_3d,prediction,pointnet,deepjeb_3d_2d,XL,mode_shape_1::mode_y,63.794,0.5,3.6681,4,0.0885,3475.1267,3,0.1007,0.2199,2,0.1626,374.0271,1,0.0912,552.0527,1,0.1004,194.8739,4,0.0885,0.0002,1,0.1013,0.9999,1,0.0869,7204.3501,1,0.0912,0.0091,4.0,0.0885
2,dimension_3d,prediction,pointnet,deepjeb_3d_2d,XL,mode_shape_1::mode_z,63.5684,0.5,3.6681,4,0.0905,3475.1267,3,0.0978,0.2199,2,0.1378,641.7187,2,0.0905,793.9042,2,0.0905,193.234,3,0.1123,-0.0005,2,0.0905,1.0002,1,0.0935,5286.3677,1,0.1062,0.0091,4.0,0.0905
2,dimension_3d,prediction,pointnet,deepjeb_3d_2d,XL,mode_shape_2::mode_x,64.9839,0.5,3.6681,4,0.074,2703.265,2,0.2184,0.1904,2,0.1352,248.43,1,0.078,327.4006,1,0.078,197.3876,5,0.078,0.0,1,0.074,1.0,1,0.0764,3799.6399,2,0.0977,0.0009,4.0,0.0904
2,dimension_3d,prediction,transolver_pp,deepjeb_3d_2d,XL,mode_shape_2::mode_y,62.548,0.5,1.741,3,0.0805,3790.9378,3,0.1563,0.2372,4,0.1344,262.904,3,0.081,454.8743,2,0.086,189.194,4,0.086,-0.0001,2,0.0813,1.0,1,0.0813,10487.4746,4,0.1181,0.0058,2.0,0.0951
2,dimension_3d,prediction,pointnet,deepjeb_3d_2d,XL,mode_shape_2::mode_z,64.3896,0.5,3.6681,4,0.0769,2703.265,2,0.2021,0.1904,2,0.1286,673.872,3,0.0897,904.0632,1,0.0822,196.5469,5,0.0822,0.0,1,0.0767,1.0,1,0.0767,5247.791,1,0.087,0.0009,4.0,0.0978
2,dimension_3d,prediction,transolver,deepjeb_3d_2d,XL,torsion::disp_x,55.126,0.5,3.7788,5,0.1434,6002.8324,3,0.1782,0.3578,5,0.0929,0.001,1,0.0814,0.0022,1,0.0814,35.1759,1,0.0814,0.984,1,0.0814,0.1266,1,0.0814,0.0667,2,0.097,0.9897,1.0,0.0814
2,dimension_3d,prediction,geofno,deepjeb_3d_2d,XL,torsion::disp_y,47.1299,0.5,1.5458,2,0.1653,3345.5807,1,0.189,0.2079,1,0.1175,0.0016,4,0.0724,0.003,4,0.0724,90.6639,4,0.0732,0.9419,4,0.0753,0.2403,4,0.0753,0.0968,4,0.0864,0.9502,5.0,0.0733
2,dimension_3d,prediction,transolver,deepjeb_3d_2d,XL,torsion::disp_z,53.9535,0.5,3.7788,5,0.1571,6002.8324,3,0.199,0.3578,5,0.0963,0.0009,1,0.0785,0.0018,1,0.0785,43.8946,1,0.0785,0.976,1,0.0785,0.155,1,0.0785,0.0367,1,0.0785,0.9897,1.0,0.0765
2,dimension_3d,prediction,geofno,deepjeb_3d_2d,XL,torsion::stress,51.9466,0.5,1.5458,2,0.1553,3345.5807,1,0.199,0.2079,1,0.1011,13.3368,5,0.0884,23.1611,5,0.0884,98.1704,4,0.1011,0.6232,5,0.0884,0.6138,5,0.0884,682.0274,1,0.0897,,,0.0
2,dimension_3d,prediction,regdgcnn,deepjeb_3d_2d,XL,vertical::disp_x,55.4631,0.5,1.4418,1,0.1533,9232.9345,5,0.182,0.2677,2,0.0925,0.0053,3,0.0787,0.0096,2,0.082,46.1826,3,0.0809,0.9784,2,0.082,0.1335,2,0.082,0.2037,1,0.0857,0.994,3.0,0.0809
2,dimension_3d,prediction,regdgcnn,deepjeb_3d_2d,XL,vertical::disp_y,52.2204,0.5,1.4418,1,0.143,9232.9345,5,0.1907,0.2677,2,0.0894,0.0028,3,0.0753,0.005,2,0.0841,60.096,3,0.0753,0.9447,2,0.0841,0.235,2,0.0841,0.1023,1,0.0986,0.994,3.0,0.0753
2,dimension_3d,prediction,regdgcnn,deepjeb_3d_2d,XL,vertical::disp_z,56.9078,0.5,1.4418,1,0.1499,9232.9345,5,0.1859,0.2677,2,0.0866,0.0095,3,0.0764,0.016,2,0.0872,41.7116,3,0.0774,0.9805,2,0.0872,0.1121,2,0.0872,0.3097,2,0.0847,0.994,3.0,0.0774
2,dimension_3d,prediction,regdgcnn,deepjeb_3d_2d,XL,vertical::stress,58.7222,0.5,1.4418,1,0.1292,9232.9345,5,0.2335,0.2677,2,0.092,24.5217,3,0.0843,40.8208,3,0.0843,62.4771,3,0.0843,0.7617,3,0.0843,0.4694,3,0.0843,1132.7605,1,0.1239,,,0.0
2,dimension_3d,prediction,transolver,drivaernet_3d_2d,L,pressure::pressure,55.8594,0.5,3.778,5,0.2452,416.8832,4,0.1274,0.8225,3,0.088,13.7398,3,0.0916,24.6256,3,0.0867,35.6441,3,0.0916,0.962,3,0.0867,0.1882,3,0.0867,1127.2322,5,0.0962,,,0.0
2,dimension_3d,prediction,transolver_pp,drivaernet_3d_2d,L,pv_coupled::pressure,59.6804,0.5,1.7412,3,0.2004,323.3253,4,0.0859,0.9228,6,0.1835,16.0591,3,0.0894,26.7295,4,0.0826,39.5632,2,0.0789,0.9552,4,0.0826,0.2043,4,0.0826,923.9567,2,0.114,,,0.0
2,dimension_3d,prediction,regdgcnn,drivaernet_3d_2d,L,pv_coupled::velocity_x,54.3719,0.5,1.4418,1,0.2282,1587.555,6,0.0635,0.8782,5,0.1781,2.0318,1,0.0594,3.3244,1,0.0594,31.7029,1,0.0594,0.9395,1,0.0594,0.1431,1,0.0594,43.1645,3,0.1739,0.9728,1.0,0.0594
2,dimension_3d,prediction,regdgcnn,drivaernet_3d_2d,L,pv_coupled::velocity_y,56.4472,0.5,1.4418,1,0.1156,1587.555,6,0.0936,0.8782,5,0.1892,0.8126,4,0.0743,1.5015,4,0.0757,99.2085,2,0.0764,0.2983,4,0.0757,0.8327,4,0.0757,17.3625,2,0.1388,0.9728,1.0,0.085
2,dimension_3d,prediction,transolver_pp,drivaernet_3d_2d,L,pv_coupled::velocity_z,68.7951,0.5,1.7412,3,0.2396,323.3253,4,0.0832,0.9228,6,0.1307,0.942,2,0.0724,1.6232,3,0.0768,59.7587,1,0.0818,0.8838,3,0.0768,0.3337,3,0.0768,28.5381,3,0.0792,0.9656,4.0,0.0825
2,dimension_3d,prediction,transolver_pp,drivaernet_3d_2d,L,velocity::velocity_x,99.9603,0.5,1.741,3,0.3054,325.515,3,0.0775,0.9217,5,0.0806,2.374,3,0.072,3.8123,4,0.0715,33.9742,3,0.072,0.9204,4,0.0715,0.1642,4,0.0715,42.7843,4,0.1061,0.9663,3.0,0.072
2,dimension_3d,prediction,transolver_pp,drivaernet_3d_2d,L,velocity::velocity_y,58.1141,0.5,1.741,3,0.1466,325.515,3,0.0992,0.9217,5,0.0945,0.8206,4,0.0872,1.475,2,0.0887,103.8148,3,0.0954,0.3229,2,0.0887,0.818,2,0.0887,18.2648,5,0.1265,0.9663,3.0,0.0843
2,dimension_3d,prediction,transolver_pp,drivaernet_3d_2d,L,velocity::velocity_z,70.1978,0.5,1.741,3,0.2684,325.515,3,0.0939,0.9217,5,0.0854,0.9593,2,0.0767,1.6439,3,0.0767,61.1102,1,0.0854,0.8808,3,0.0767,0.338,3,0.0767,30.0841,3,0.0835,0.9663,3.0,0.0767
2,dimension_3d,prediction,transolver_pp,drivaernet_3d_2d,M,pressure::pressure,70.6031,0.5,1.7405,3,0.3317,217.5731,3,0.0926,0.9447,6,0.1177,14.8253,3,0.0751,24.553,3,0.0751,39.5636,3,0.0751,0.9622,3,0.0751,0.1876,3,0.0751,890.5306,1,0.0826,,,0.0
2,dimension_3d,prediction,transolver_pp,drivaernet_3d_2d,M,pv_coupled::pressure,63.1394,0.5,1.7412,3,0.2424,207.2742,4,0.1051,0.9213,6,0.1327,16.4837,1,0.0808,27.7642,1,0.0808,40.7959,1,0.0808,0.9517,1,0.0808,0.2122,1,0.0808,983.707,4,0.1158,,,0.0
2,dimension_3d,prediction,regdgcnn,drivaernet_3d_2d,M,pv_coupled::velocity_x,58.0449,0.5,1.4418,1,0.1717,825.3161,6,0.0799,0.8788,5,0.1384,2.2816,1,0.0754,3.6557,1,0.0786,33.8292,2,0.082,0.9268,1,0.0786,0.1574,1,0.0786,44.2696,4,0.1384,0.9683,1.0,0.0786
2,dimension_3d,prediction,transolver_pp,drivaernet_3d_2d,M,pv_coupled::velocity_y,56.6438,0.5,1.7412,3,0.1478,207.2742,4,0.0873,0.9213,6,0.195,0.8436,4,0.0716,1.5227,4,0.0716,107.8704,4,0.0818,0.2783,4,0.0716,0.8444,4,0.0716,16.9682,1,0.1222,0.9642,4.0,0.0797
2,dimension_3d,prediction,transolver_pp,drivaernet_3d_2d,M,pv_coupled::velocity_z,60.6893,0.5,1.7412,3,0.1657,207.2742,4,0.089,0.9213,6,0.1314,0.9778,1,0.0816,1.665,2,0.0781,60.9579,1,0.0816,0.8777,2,0.0781,0.3423,2,0.0781,28.5324,3,0.1211,0.9642,4.0,0.0953
2,dimension_3d,prediction,transolver,drivaernet_3d_2d,M,velocity::velocity_x,99.9577,0.5,3.7785,5,0.2161,260.9036,4,0.0798,0.8271,3,0.099,2.4732,3,0.0798,3.895,3,0.0798,34.7264,3,0.0798,0.9169,3,0.0798,0.1677,3,0.0798,47.949,5,0.1264,0.9644,3.0,0.0798
2,dimension_3d,prediction,transolver,drivaernet_3d_2d,M,velocity::velocity_y,64.9486,0.5,3.7785,5,0.1534,260.9036,4,0.089,0.8271,3,0.1083,0.8278,2,0.0874,1.5085,2,0.0867,119.2359,4,0.1083,0.2918,2,0.0867,0.8365,2,0.0867,18.2237,3,0.1045,0.9644,3.0,0.089
2,dimension_3d,prediction,transolver_pp,drivaernet_3d_2d,M,velocity::velocity_z,64.9813,0.5,1.741,3,0.1942,204.1287,3,0.0842,0.9212,5,0.1061,1.0366,2,0.0986,1.739,4,0.0842,65.9274,4,0.0908,0.8666,4,0.0842,0.3575,4,0.0842,31.5497,4,0.0895,0.9588,4.0,0.0842
2,dimension_3d,prediction,regdgcnn,drivaernet_3d_2d,S,pressure::pressure,54.6051,0.5,1.4414,1,0.1796,350.0608,5,0.1479,0.918,6,0.0952,20.0545,1,0.0915,32.8915,1,0.0915,44.4229,1,0.0952,0.9322,1,0.0915,0.2513,1,0.0915,972.941,1,0.1159,,,0.0
2,dimension_3d,prediction,transolver_pp,drivaernet_3d_2d,S,pv_coupled::pressure,59.0319,0.5,1.7412,3,0.2373,111.159,1,0.1107,0.922,5,0.2048,24.931,3,0.0715,44.3754,3,0.0715,51.2884,3,0.0715,0.8765,3,0.0715,0.3391,3,0.0715,1230.3084,5,0.0895,,,0.0
2,dimension_3d,prediction,transolver_pp,drivaernet_3d_2d,S,pv_coupled::velocity_x,61.7233,0.5,1.7412,3,0.1876,111.159,1,0.1106,0.922,5,0.2105,3.2762,3,0.0702,5.2102,4,0.0664,39.0869,3,0.0702,0.8514,4,0.0664,0.2243,4,0.0664,48.7789,4,0.0854,0.9429,4.0,0.0664
2,dimension_3d,prediction,transolver,drivaernet_3d_2d,S,pv_coupled::velocity_y,64.6138,0.5,3.7788,5,0.115,128.091,4,0.1637,0.8179,1,0.1222,0.8612,2,0.0785,1.5288,1,0.076,125.8289,4,0.1222,0.2725,1,0.076,0.8478,1,0.076,17.3868,1,0.0825,0.9606,1.0,0.0878
2,dimension_3d,prediction,transolver_pp,drivaernet_3d_2d,S,pv_coupled::velocity_z,63.7525,0.5,1.7412,3,0.2006,111.159,1,0.1226,0.922,5,0.1878,1.2218,3,0.0706,1.9704,3,0.0706,70.8677,3,0.0664,0.8287,3,0.0706,0.4051,3,0.0706,32.4856,2,0.0706,0.9429,4.0,0.0695
2,dimension_3d,prediction,transolver_pp,drivaernet_3d_2d,S,velocity::velocity_x,60.1275,0.5,1.741,3,0.1457,110.9234,1,0.1102,0.9197,6,0.1211,3.5336,3,0.0722,5.2983,4,0.0711,40.5511,3,0.0699,0.8463,4,0.0711,0.2281,4,0.0711,40.8237,3,0.1954,0.9407,3.0,0.0722
2,dimension_3d,prediction,transolver_pp,drivaernet_3d_2d,S,velocity::velocity_y,60.0383,0.5,1.741,3,0.0936,110.9234,1,0.2083,0.9197,6,0.1462,0.8664,3,0.0689,1.562,3,0.0689,110.3839,3,0.1055,0.2406,3,0.0689,0.8662,3,0.0689,18.3403,3,0.0842,0.9407,3.0,0.0868
2,dimension_3d,prediction,transolver_pp,drivaernet_3d_2d,S,velocity::velocity_z,66.3699,0.5,1.741,3,0.1977,110.9234,1,0.2152,0.9197,6,0.0842,1.3047,2,0.0702,2.0607,2,0.0702,71.7609,2,0.0702,0.8127,2,0.0702,0.4236,2,0.0702,36.6997,2,0.0775,0.9407,3.0,0.0745
2,dimension_3d,prediction,regdgcnn,drivaernet_3d_2d,XL,pressure::pressure,60.635,0.5,1.4414,1,0.3463,3112.9572,6,0.1296,0.9233,4,0.0777,11.035,3,0.0741,17.56,3,0.0741,32.041,3,0.0741,0.9807,3,0.0741,0.1342,3,0.0741,989.2067,3,0.0759,,,0.0
2,dimension_3d,prediction,transolver_pp,drivaernet_3d_2d,XL,pv_coupled::pressure,55.7597,0.5,1.7412,3,0.1212,530.2068,4,0.1145,0.9212,6,0.2254,14.7906,4,0.0849,23.4345,4,0.0849,39.3761,4,0.0849,0.9656,4,0.0849,0.1791,4,0.0849,882.4178,2,0.1145,,,0.0
2,dimension_3d,prediction,transolver_pp,drivaernet_3d_2d,XL,pv_coupled::velocity_x,65.497,0.5,1.7412,3,0.2098,530.2068,4,0.0766,0.9212,6,0.1557,2.1035,4,0.0731,3.4937,4,0.0731,32.576,4,0.0731,0.9332,4,0.0731,0.1504,4,0.0731,38.1537,1,0.1163,0.9709,4.0,0.076
2,dimension_3d,prediction,abupt,drivaernet_3d_2d,XL,pv_coupled::velocity_y,58.2112,0.5,8.7512,6,0.1165,2304.6267,5,0.0927,0.8362,3,0.2131,0.7702,1,0.0808,1.4305,1,0.0782,96.5118,1,0.0863,0.3631,1,0.0782,0.7933,1,0.0782,17.7927,4,0.0982,0.9758,1.0,0.0776
2,dimension_3d,prediction,transolver_pp,drivaernet_3d_2d,XL,pv_coupled::velocity_z,57.288,0.5,1.7412,3,0.1331,530.2068,4,0.0902,0.9212,6,0.2048,0.8995,4,0.0789,1.5409,4,0.0789,58.5158,3,0.0832,0.8953,4,0.0789,0.3168,4,0.0789,28.18,1,0.0942,0.9709,4.0,0.0789
2,dimension_3d,prediction,regdgcnn,drivaernet_3d_2d,XL,velocity::velocity_x,52.441,0.5,1.4417,1,0.1782,3111.812,6,0.0952,0.9235,6,0.1123,2.0466,2,0.0831,3.2279,2,0.0831,31.6042,2,0.0831,0.9429,2,0.0831,0.139,2,0.0831,38.5988,2,0.1155,0.9741,2.0,0.0831
2,dimension_3d,prediction,pointnet,drivaernet_3d_2d,XL,velocity::velocity_y,54.7794,0.5,3.6681,4,0.1141,332.9639,1,0.1141,0.7975,1,0.128,0.8149,5,0.0847,1.4885,4,0.0929,104.7258,4,0.1029,0.3104,4,0.0929,0.8255,4,0.0929,17.489,2,0.0873,0.9466,5.0,0.09
2,dimension_3d,prediction,transolver_pp,drivaernet_3d_2d,XL,velocity::velocity_z,64.0987,0.5,1.741,3,0.1881,565.2989,4,0.0899,0.9229,5,0.0978,0.8892,3,0.0849,1.5264,4,0.0843,58.8187,2,0.0919,0.8972,4,0.0843,0.3138,4,0.0843,29.4862,3,0.1101,0.9717,4.0,0.0843
3,dimension_3d,prediction,regdgcnn,deepjeb_3d_2d,L,diagonal::disp_x,49.3608,0.5,1.4418,1,0.1851,4707.8971,5,0.1128,0.2633,3,0.095,0.0036,3,0.0839,0.007,3,0.087,49.5769,3,0.0839,0.8374,3,0.087,0.3221,3,0.087,0.1178,2,0.0914,0.9865,3.0,0.087
3,dimension_3d,prediction,regdgcnn,deepjeb_3d_2d,L,diagonal::disp_y,51.1302,0.5,1.4418,1,0.1978,4707.8971,5,0.0907,0.2633,3,0.102,0.0028,3,0.0882,0.005,1,0.0848,55.6381,3,0.0882,0.9168,1,0.0848,0.2885,1,0.0848,0.0847,1,0.0907,0.9865,3.0,0.0882
3,dimension_3d,prediction,regdgcnn,deepjeb_3d_2d,L,diagonal::disp_z,50.977,0.5,1.4418,1,0.1811,4707.8971,5,0.0931,0.2633,3,0.1047,0.0069,3,0.0906,0.0117,1,0.087,36.1207,3,0.0918,0.9513,1,0.087,0.1571,1,0.087,0.1442,1,0.087,0.9865,3.0,0.0906
3,dimension_3d,prediction,transolver,deepjeb_3d_2d,L,diagonal::stress,49.1626,0.5,3.7788,5,0.1488,3199.7259,4,0.0992,0.2937,4,0.1145,15.339,1,0.1026,25.8652,2,0.093,53.038,1,0.0992,0.7054,2,0.093,0.4689,2,0.093,808.7311,5,0.1566,,,0.0
3,dimension_3d,prediction,transolver,deepjeb_3d_2d,L,horizontal::disp_x,48.9673,0.5,3.7788,5,0.1766,3210.2929,4,0.1273,0.298,5,0.1074,0.0063,2,0.0828,0.0138,2,0.0858,32.5713,1,0.0791,0.9667,3,0.0913,0.1494,3,0.0913,0.3339,1,0.0791,0.9938,1.0,0.0791
3,dimension_3d,prediction,regdgcnn,deepjeb_3d_2d,L,horizontal::disp_y,48.8867,0.5,1.4418,1,0.1698,4687.6934,5,0.1531,0.2644,4,0.1235,0.0019,3,0.0762,0.0032,2,0.0802,64.2196,3,0.0795,0.8351,2,0.0826,0.4035,2,0.0826,0.0803,3,0.0768,0.9905,3.0,0.0758
3,dimension_3d,prediction,transolver,deepjeb_3d_2d,L,horizontal::disp_z,49.2287,0.5,3.7788,5,0.1516,3210.2929,4,0.1439,0.298,5,0.1194,0.0065,2,0.085,0.0129,3,0.0877,36.9475,1,0.0813,0.972,3,0.0877,0.1558,3,0.0877,0.2435,1,0.0779,0.9938,1.0,0.0779
3,dimension_3d,prediction,geofno,deepjeb_3d_2d,L,horizontal::stress,44.9388,0.5,1.5458,2,0.1479,1734.3898,1,0.1632,0.2146,1,0.1127,38.0056,4,0.0802,56.2382,4,0.0877,98.317,4,0.0802,0.4097,4,0.0877,0.7568,4,0.0877,1175.4762,3,0.1527,,,0.0
3,dimension_3d,prediction,transolver_pp,deepjeb_3d_2d,L,mode_shape_1::mode_x,49.9431,0.5,1.741,3,0.0891,2273.2623,4,0.1393,0.2436,5,0.1217,258.7804,1,0.0829,357.2859,1,0.0829,195.9088,3,0.087,0.0001,1,0.0829,0.9999,1,0.0827,4674.4619,4,0.0884,0.0347,3.0,0.143
3,dimension_3d,prediction,transolver,deepjeb_3d_2d,L,mode_shape_1::mode_y,94.717,0.5,3.7785,5,0.0926,2030.7226,3,0.1112,0.215,3,0.111,374.0531,2,0.0893,552.0519,2,0.0876,194.0076,4,0.0893,0.0002,2,0.0876,0.9999,2,0.0854,7199.5132,3,0.1311,0.0498,2.0,0.1149
3,dimension_3d,prediction,geofno,deepjeb_3d_2d,L,mode_shape_1::mode_z,55.4081,0.5,1.5457,2,0.0808,1027.6618,1,0.113,0.1866,1,0.1705,642.097,4,0.0919,794.3236,4,0.0808,188.0611,2,0.0775,-0.0015,4,0.0808,1.0007,4,0.0772,5317.2393,4,0.0808,0.0027,5.0,0.1464
3,dimension_3d,prediction,transolver_pp,deepjeb_3d_2d,L,mode_shape_2::mode_x,53.6893,0.45,1.741,3,0.0956,2310.5367,5,0.1519,0.2292,4,0.1852,248.4664,2,0.079,327.4361,2,0.079,190.3189,4,0.079,-0.0002,2,0.079,1.0001,2,0.079,3806.3674,3,0.0912,0.0032,3.0,0.0812
3,dimension_3d,prediction,transolver_pp,deepjeb_3d_2d,L,mode_shape_2::mode_y,48.3999,0.5,1.741,3,0.098,2310.5367,5,0.1858,0.2292,4,0.1473,262.8535,2,0.0831,454.8682,2,0.0798,191.5435,4,0.0798,-0.0001,2,0.0798,1.0,1,0.0805,10476.1914,1,0.0843,0.0032,3.0,0.0815
3,dimension_3d,prediction,transolver_pp,deepjeb_3d_2d,L,mode_shape_2::mode_z,58.1225,0.45,1.741,3,0.0838,2310.5367,5,0.1842,0.2292,4,0.1503,673.873,3,0.0905,904.0632,2,0.0812,195.0184,4,0.0849,0.0,1,0.0827,1.0,1,0.0827,5255.2466,3,0.0838,0.0032,3.0,0.0759
3,dimension_3d,prediction,regdgcnn,deepjeb_3d_2d,L,torsion::disp_x,47.1309,0.5,1.4418,1,0.1532,4466.0659,5,0.2239,0.2573,4,0.1004,0.0014,3,0.0746,0.0028,3,0.0746,46.4219,3,0.0746,0.9742,3,0.0746,0.1607,3,0.0746,0.0793,3,0.0746,0.9823,3.0,0.0746
3,dimension_3d,prediction,regdgcnn,deepjeb_3d_2d,L,torsion::disp_y,47.4362,0.5,1.4418,1,0.1532,4466.0659,5,0.2239,0.2573,4,0.1004,0.0012,3,0.0746,0.0025,3,0.0746,74.4766,3,0.0746,0.959,3,0.0746,0.2019,3,0.0746,0.0868,3,0.0746,0.9823,3.0,0.0746
3,dimension_3d,prediction,regdgcnn,deepjeb_3d_2d,L,torsion::disp_z,46.5469,0.5,1.4418,1,0.1632,4466.0659,5,0.2026,0.2573,4,0.0979,0.0013,3,0.0763,0.0024,3,0.0763,58.1614,3,0.0763,0.9552,3,0.0763,0.2116,3,0.0763,0.0426,2,0.0783,0.9823,3.0,0.0763
3,dimension_3d,prediction,transolver,deepjeb_3d_2d,L,torsion::stress,47.4187,0.5,3.7788,5,0.2037,3078.6954,3,0.2037,0.2868,5,0.0965,8.3925,1,0.0833,16.9017,1,0.0821,71.4068,1,0.0833,0.7993,1,0.0821,0.4479,1,0.0821,775.3276,5,0.0833,,,0.0
3,dimension_3d,prediction,regdgcnn,deepjeb_3d_2d,L,vertical::disp_x,47.1856,0.5,1.4418,1,0.1575,4637.4829,5,0.1982,0.2646,4,0.0903,0.006,3,0.0788,0.0116,3,0.0778,50.2947,3,0.0788,0.9686,3,0.0778,0.161,3,0.0778,0.25,2,0.0853,0.9923,3.0,0.0778
3,dimension_3d,prediction,transolver,deepjeb_3d_2d,L,vertical::disp_y,47.9456,0.5,3.7788,5,0.2221,3025.7775,2,0.12,0.32,5,0.08,0.0032,2,0.0769,0.0063,2,0.0769,58.8405,2,0.0967,0.9128,2,0.0769,0.295,2,0.0769,0.1167,2,0.0769,0.9941,2.0,0.0967
3,dimension_3d,prediction,transolver,deepjeb_3d_2d,L,vertical::disp_z,49.0677,0.5,3.7788,5,0.1749,3025.7775,2,0.1328,0.32,5,0.0968,0.0104,1,0.0883,0.0194,3,0.0824,38.1486,2,0.088,0.9712,3,0.0824,0.1363,3,0.0824,0.3624,3,0.084,0.9941,2.0,0.088
3,dimension_3d,prediction,transolver,deepjeb_3d_2d,L,vertical::stress,49.3083,0.5,3.7788,5,0.2013,3025.7775,2,0.1483,0.32,5,0.0867,25.4868,1,0.0895,43.1604,2,0.0881,63.2375,2,0.0972,0.7336,2,0.0881,0.4963,2,0.0881,1175.834,2,0.1127,,,0.0
3,dimension_3d,prediction,transolver,deepjeb_3d_2d,M,diagonal::disp_x,50.071,0.5,3.7788,5,0.2451,1671.8016,4,0.0797,0.2581,3,0.0827,0.0041,2,0.0797,0.0076,2,0.0797,51.5336,1,0.0919,0.8047,2,0.0797,0.3531,2,0.0797,0.1114,2,0.1018,0.9813,2.0,0.0797
3,dimension_3d,prediction,transolver,deepjeb_3d_2d,M,diagonal::disp_y,49.7625,0.5,3.7788,5,0.1861,1671.8016,4,0.0916,0.2581,3,0.0899,0.0032,1,0.0913,0.0065,2,0.0831,58.4834,1,0.1128,0.8596,3,0.0845,0.3746,3,0.0845,0.1445,3,0.0845,0.9813,2.0,0.0916
3,dimension_3d,prediction,transolver,deepjeb_3d_2d,M,diagonal::disp_z,50.0216,0.5,3.7788,5,0.2039,1671.8016,4,0.087,0.2581,3,0.0839,0.0084,3,0.0839,0.0142,3,0.0839,36.4979,1,0.1098,0.9282,3,0.0839,0.1909,3,0.0839,0.1675,2,0.0927,0.9813,2.0,0.087
3,dimension_3d,prediction,transolver,deepjeb_3d_2d,M,diagonal::stress,48.0115,0.5,3.7788,5,0.1732,1671.8016,4,0.107,0.2581,3,0.1011,18.2708,2,0.1011,29.4004,3,0.0957,61.8716,1,0.1347,0.6194,3,0.0957,0.533,3,0.0957,798.1376,3,0.0957,,,0.0
3,dimension_3d,prediction,transolver,deepjeb_3d_2d,M,horizontal::disp_x,49.0582,0.5,3.7788,5,0.1445,1678.6564,4,0.1375,0.2975,5,0.1225,0.009,3,0.0841,0.0175,3,0.0867,39.8315,1,0.0841,0.9466,3,0.0867,0.1892,3,0.0867,0.3141,1,0.0829,0.9906,1.0,0.0841
3,dimension_3d,prediction,transolver,deepjeb_3d_2d,M,horizontal::disp_y,47.8965,0.5,3.7788,5,0.1932,1678.6564,4,0.1117,0.2975,5,0.1005,0.0021,1,0.0782,0.0035,2,0.0791,67.9155,1,0.0866,0.7985,2,0.0791,0.446,2,0.0791,0.08,2,0.1058,0.9906,1.0,0.0866
3,dimension_3d,prediction,transolver,deepjeb_3d_2d,M,horizontal::disp_z,44.9783,0.5,3.7788,5,0.1617,1678.6564,4,0.1569,0.2975,5,0.1368,0.0089,3,0.0773,0.0165,3,0.0773,44.7946,2,0.0785,0.9545,3,0.0773,0.1987,3,0.0773,0.2642,1,0.0785,0.9906,1.0,0.0785
3,dimension_3d,prediction,transolver,deepjeb_3d_2d,M,horizontal::stress,46.9754,0.5,3.7788,5,0.2283,1678.6564,4,0.106,0.2975,5,0.1023,25.3556,1,0.0899,43.4635,2,0.0848,69.8204,1,0.0899,0.6474,2,0.0848,0.5849,2,0.0848,1191.6942,3,0.129,,,0.0
3,dimension_3d,prediction,transolver,deepjeb_3d_2d,M,mode_shape_1::mode_x,51.5715,0.5,3.7785,5,0.1355,781.298,3,0.1298,0.2303,3,0.1298,259.4166,3,0.082,358.1053,3,0.082,175.2498,3,0.0799,-0.0045,3,0.082,1.0022,3,0.082,4698.6348,4,0.0878,0.16,2.0,0.1093
3,dimension_3d,prediction,transolver_pp,deepjeb_3d_2d,M,mode_shape_1::mode_y,46.8283,0.5,1.741,3,0.0876,1164.5475,5,0.1752,0.2455,5,0.1752,374.9725,3,0.0766,553.3975,3,0.0766,179.5035,3,0.0766,-0.0047,3,0.0766,1.0023,3,0.0766,7215.8838,3,0.0766,0.1124,4.0,0.1022
3,dimension_3d,prediction,transolver_pp,deepjeb_3d_2d,M,mode_shape_1::mode_z,48.3526,0.5,1.741,3,0.0875,1164.5475,5,0.2207,0.2455,5,0.2207,641.8796,2,0.0668,794.2222,2,0.0668,188.9286,4,0.0668,-0.0013,2,0.0668,1.0006,2,0.0668,5304.6089,2,0.0668,0.1124,4.0,0.0705
3,dimension_3d,prediction,transolver,deepjeb_3d_2d,M,mode_shape_2::mode_x,49.9188,0.5,3.7785,5,0.0878,896.788,4,0.1257,0.2156,3,0.1495,248.4709,2,0.0779,327.4484,2,0.0779,191.0969,4,0.0779,-0.0003,2,0.0779,1.0002,2,0.0779,3809.0811,4,0.1537,0.0016,4.0,0.0938
3,dimension_3d,prediction,pointnet,deepjeb_3d_2d,M,mode_shape_2::mode_y,51.2939,0.5,3.6681,4,0.0851,785.0282,2,0.1776,0.1941,2,0.1636,262.8158,1,0.0797,454.8585,1,0.0797,197.5689,5,0.0797,0.0,1,0.0797,1.0,1,0.0797,10476.9082,1,0.0851,0.001,5.0,0.0901
3,dimension_3d,prediction,transolver,deepjeb_3d_2d,M,mode_shape_2::mode_z,50.709,0.5,3.7785,5,0.0829,896.788,4,0.1681,0.2156,3,0.1681,674.0184,2,0.0786,904.3026,2,0.0786,183.4714,3,0.0917,-0.0005,2,0.0786,1.0003,2,0.0786,5228.8823,1,0.0829,0.0016,4.0,0.0917
3,dimension_3d,prediction,transolver,deepjeb_3d_2d,M,torsion::disp_x,49.535,0.5,3.7788,5,0.1871,1585.1397,3,0.1571,0.2624,5,0.0903,0.0015,1,0.0789,0.0031,1,0.0813,46.6542,2,0.082,0.9702,1,0.0778,0.1726,1,0.0778,0.0769,2,0.0901,0.9778,1.0,0.0778
3,dimension_3d,prediction,transolver,deepjeb_3d_2d,M,torsion::disp_y,49.6407,0.5,3.7788,5,0.205,1585.1397,3,0.1232,0.2624,5,0.0793,0.0013,1,0.0793,0.0027,1,0.0777,78.5705,3,0.1216,0.954,1,0.0742,0.2138,1,0.0742,0.094,1,0.0793,0.9778,1.0,0.086
3,dimension_3d,prediction,transolver,deepjeb_3d_2d,M,torsion::disp_z,49.5814,0.5,3.7788,5,0.1777,1585.1397,3,0.1804,0.2624,5,0.088,0.0015,1,0.0816,0.0027,1,0.0788,60.5101,1,0.0749,0.9457,1,0.0806,0.2328,1,0.0806,0.0412,1,0.0785,0.9778,1.0,0.0789
3,dimension_3d,prediction,geofno,deepjeb_3d_2d,M,torsion::stress,47.0886,0.5,1.5458,2,0.1851,872.0835,1,0.1566,0.2064,1,0.1091,17.1771,4,0.0872,28.3175,4,0.0872,115.2712,4,0.0872,0.4368,4,0.0872,0.7505,4,0.0872,616.9532,2,0.1131,,,0.0
3,dimension_3d,prediction,transolver,deepjeb_3d_2d,M,vertical::disp_x,49.686,0.5,3.7788,5,0.1405,1663.5369,3,0.2022,0.3058,5,0.1218,0.0072,3,0.0782,0.0131,2,0.0756,50.2881,1,0.0753,0.9599,3,0.0782,0.1819,3,0.0782,0.2689,1,0.0753,0.991,2.0,0.0747
3,dimension_3d,prediction,transolver,deepjeb_3d_2d,M,vertical::disp_y,48.7066,0.5,3.7788,5,0.1615,1663.5369,3,0.1322,0.3058,5,0.0986,0.0038,2,0.0797,0.0074,2,0.0797,64.7642,1,0.0938,0.878,2,0.0797,0.3489,2,0.0797,0.1483,3,0.0855,0.991,2.0,0.1097
3,dimension_3d,prediction,transolver,deepjeb_3d_2d,M,vertical::disp_z,49.4331,0.5,3.7788,5,0.1343,1663.5369,3,0.1628,0.3058,5,0.1279,0.0126,3,0.0827,0.0216,3,0.0779,49.0425,2,0.0853,0.9645,3,0.0779,0.1515,3,0.0779,0.3484,1,0.0881,0.991,2.0,0.0853
3,dimension_3d,prediction,transolver,deepjeb_3d_2d,M,vertical::stress,48.1755,0.5,3.7788,5,0.1446,1663.5369,3,0.1762,0.3058,5,0.1375,29.9839,3,0.0842,48.0082,3,0.0842,72.8089,3,0.1007,0.6704,3,0.0842,0.552,3,0.0842,1156.1097,1,0.1044,,,0.0
3,dimension_3d,prediction,transolver,deepjeb_3d_2d,S,diagonal::disp_x,49.5764,0.5,3.7788,5,0.243,750.7035,4,0.0856,0.2487,2,0.1292,0.005,2,0.075,0.0091,2,0.075,57.9885,1,0.0779,0.7222,2,0.075,0.421,2,0.075,0.128,1,0.0893,0.9703,2.0,0.075
3,dimension_3d,prediction,transolver,deepjeb_3d_2d,S,diagonal::disp_y,49.4042,0.5,3.7788,5,0.2068,750.7035,4,0.0952,0.2487,2,0.1666,0.0043,2,0.074,0.008,2,0.074,68.9483,2,0.074,0.7846,2,0.074,0.4641,2,0.074,0.123,1,0.0845,0.9703,2.0,0.0769
3,dimension_3d,prediction,transolver,deepjeb_3d_2d,S,diagonal::disp_z,49.1523,0.5,3.7788,5,0.313,750.7035,4,0.0783,0.2487,2,0.1189,0.0101,2,0.07,0.0172,2,0.07,41.9414,2,0.07,0.8944,2,0.07,0.2315,2,0.07,0.2108,2,0.07,0.9703,2.0,0.07
3,dimension_3d,prediction,geofno,deepjeb_3d_2d,S,diagonal::stress,44.8799,0.5,1.5458,2,0.2925,333.7859,1,0.09,0.214,1,0.1361,32.4438,5,0.0791,46.1211,5,0.0791,97.34,5,0.0791,0.0634,5,0.0791,0.8362,5,0.0791,787.1807,4,0.086,,,0.0
3,dimension_3d,prediction,transolver,deepjeb_3d_2d,S,horizontal::disp_x,49.6866,0.5,3.7788,5,0.2404,751.5843,4,0.0922,0.2796,5,0.0801,0.0122,2,0.0811,0.0223,2,0.0811,51.0249,2,0.0811,0.9131,2,0.0811,0.2415,2,0.0811,0.329,1,0.0909,0.9845,1.0,0.0909
3,dimension_3d,prediction,transolver,deepjeb_3d_2d,S,horizontal::disp_y,48.9086,0.5,3.7788,5,0.1452,751.5843,4,0.1256,0.2796,5,0.0968,0.0032,3,0.0837,0.0051,3,0.0853,86.5438,3,0.0853,0.575,3,0.0853,0.6478,3,0.0853,0.0796,2,0.1045,0.9845,1.0,0.1029
3,dimension_3d,prediction,transolver,deepjeb_3d_2d,S,horizontal::disp_z,50.1228,0.5,3.7788,5,0.1466,751.5843,4,0.1195,0.2796,5,0.0909,0.013,3,0.0884,0.0229,3,0.0884,56.3499,2,0.1024,0.9124,3,0.0884,0.2756,3,0.0884,0.298,1,0.0909,0.9845,1.0,0.0963
3,dimension_3d,prediction,transolver,deepjeb_3d_2d,S,horizontal::stress,43.0814,0.5,3.7788,5,0.1731,751.5843,4,0.1436,0.2796,5,0.1164,33.1846,3,0.0912,52.5652,3,0.0912,85.0464,2,0.0951,0.4843,3,0.0912,0.7073,3,0.0912,1251.1919,3,0.1071,,,0.0
3,dimension_3d,prediction,transolver,deepjeb_3d_2d,S,mode_shape_1::mode_x,48.0106,0.5,3.7785,5,0.0884,335.7921,3,0.1185,0.2188,3,0.1532,260.044,2,0.0826,358.0623,2,0.0826,167.8518,4,0.0826,-0.0042,2,0.0826,1.0021,2,0.0826,4654.3003,3,0.1185,0.0038,5.0,0.1083
3,dimension_3d,prediction,transolver,deepjeb_3d_2d,S,mode_shape_1::mode_y,49.6671,0.5,3.7785,5,0.0834,335.7921,3,0.151,0.2188,3,0.2044,374.2755,3,0.0759,552.2991,3,0.0759,185.2464,3,0.081,-0.0007,3,0.0759,1.0003,2,0.073,7212.4839,2,0.0867,0.0038,5.0,0.0926
3,dimension_3d,prediction,transolver,deepjeb_3d_2d,S,mode_shape_1::mode_z,45.9744,0.5,3.7785,5,0.0771,335.7921,3,0.1623,0.2188,3,0.199,641.9619,1,0.0771,793.7884,1,0.0771,188.868,5,0.0771,-0.0002,1,0.0771,1.0,1,0.0771,5260.5654,2,0.0949,0.0038,5.0,0.0812
3,dimension_3d,prediction,pointnet,deepjeb_3d_2d,S,mode_shape_2::mode_x,47.3384,0.5,3.6681,4,0.0902,201.9775,2,0.1617,0.1934,2,0.1617,248.4437,1,0.0733,327.4174,1,0.0733,192.5515,5,0.0744,-0.0001,1,0.0733,1.0001,1,0.0733,3797.4019,2,0.1303,0.0015,5.0,0.0885
3,dimension_3d,prediction,transolver,deepjeb_3d_2d,S,mode_shape_2::mode_y,48.5216,0.5,3.7785,5,0.0886,386.4974,3,0.1642,0.2258,3,0.1642,267.3606,3,0.0682,463.1262,3,0.0682,154.3,3,0.0682,-0.0367,3,0.0682,1.0182,3,0.0682,10606.8691,3,0.1477,0.3704,1.0,0.0943
3,dimension_3d,prediction,transolver_pp,deepjeb_3d_2d,S,mode_shape_2::mode_z,47.0266,0.5,1.741,3,0.0972,564.5549,5,0.1749,0.3385,5,0.1749,683.69,2,0.075,919.6963,2,0.075,156.1457,4,0.0761,-0.0349,2,0.075,1.0173,2,0.075,5759.6802,3,0.0761,0.2811,3.0,0.1009
3,dimension_3d,prediction,transolver,deepjeb_3d_2d,S,torsion::disp_x,49.0468,0.5,3.7788,5,0.2045,716.3559,4,0.0948,0.2402,3,0.1335,0.0019,2,0.0798,0.0038,2,0.0798,55.0165,2,0.0798,0.9543,2,0.0798,0.2137,2,0.0798,0.0745,1,0.0884,0.9653,2.0,0.0798
3,dimension_3d,prediction,transolver,deepjeb_3d_2d,S,torsion::disp_y,49.2374,0.5,3.7788,5,0.2239,716.3559,4,0.0941,0.2402,3,0.1536,0.0016,1,0.0767,0.0033,1,0.0741,86.3137,1,0.0816,0.9316,1,0.0741,0.2608,1,0.0741,0.0856,1,0.0722,0.9653,2.0,0.0756
3,dimension_3d,prediction,transolver,deepjeb_3d_2d,S,torsion::disp_z,48.4982,0.5,3.7788,5,0.2063,716.3559,4,0.097,0.2402,3,0.1407,0.002,2,0.0794,0.0035,2,0.0775,69.2616,2,0.0775,0.9056,2,0.0775,0.3071,2,0.0775,0.0453,1,0.0889,0.9653,2.0,0.0775
3,dimension_3d,prediction,transolver_pp,deepjeb_3d_2d,S,torsion::stress,99.3426,0.5,1.7412,3,0.2139,647.4423,2,0.105,0.231,2,0.1375,12.6657,3,0.0825,22.3206,3,0.0825,101.8131,3,0.0825,0.6501,3,0.0825,0.5915,3,0.0825,720.2464,5,0.1312,,,0.0
3,dimension_3d,prediction,transolver,deepjeb_3d_2d,S,vertical::disp_x,49.6996,0.5,3.7788,5,0.2627,756.5835,4,0.0864,0.3112,5,0.0859,0.0102,2,0.0798,0.0184,2,0.0798,61.5281,1,0.0813,0.9213,2,0.0798,0.2549,2,0.0798,0.3256,1,0.0813,0.9845,2.0,0.0831
3,dimension_3d,prediction,transolver,deepjeb_3d_2d,S,vertical::disp_y,49.4977,0.5,3.7788,5,0.2129,756.5835,4,0.1,0.3112,5,0.1023,0.005,2,0.0815,0.0093,2,0.0815,76.1875,1,0.0896,0.808,2,0.0815,0.4377,2,0.0815,0.1539,2,0.0815,0.9845,2.0,0.0878
3,dimension_3d,prediction,transolver,deepjeb_3d_2d,S,vertical::disp_z,49.546,0.5,3.7788,5,0.2409,756.5835,4,0.0887,0.3112,5,0.087,0.0176,2,0.0807,0.0317,2,0.0807,52.7843,1,0.0956,0.9233,2,0.0807,0.2225,2,0.0807,0.4613,1,0.0812,0.9845,2.0,0.0837
3,dimension_3d,prediction,transolver,deepjeb_3d_2d,S,vertical::stress,46.1165,0.5,3.7788,5,0.21,756.5835,4,0.1086,0.3112,5,0.1125,35.4191,2,0.0875,54.6291,2,0.0875,85.0048,2,0.0875,0.5732,2,0.0875,0.6282,2,0.0875,1446.577,3,0.1313,,,0.0
3,dimension_3d,prediction,transolver,deepjeb_3d_2d,XL,diagonal::disp_x,47.9655,0.5,3.7788,5,0.1362,5719.4758,2,0.1867,0.3517,5,0.148,0.003,2,0.0762,0.006,2,0.0762,40.8412,2,0.0706,0.8775,3,0.0759,0.2796,3,0.0759,0.1048,2,0.0836,0.9918,2.0,0.0706
3,dimension_3d,prediction,transolver,deepjeb_3d_2d,XL,diagonal::disp_y,49.5647,0.5,3.7788,5,0.1559,5719.4758,2,0.1654,0.3517,5,0.1059,0.0021,1,0.0764,0.0041,1,0.0821,45.5037,2,0.0812,0.9453,1,0.08,0.2339,1,0.08,0.1064,2,0.092,0.9918,2.0,0.0812
3,dimension_3d,prediction,transolver,deepjeb_3d_2d,XL,diagonal::disp_z,49.9596,0.5,3.7788,5,0.1593,5719.4758,2,0.1934,0.3517,5,0.1082,0.0052,1,0.0751,0.0098,1,0.0751,27.7593,2,0.0794,0.9662,1,0.0729,0.131,1,0.0729,0.1415,1,0.0843,0.9918,2.0,0.0794
3,dimension_3d,prediction,transolver,deepjeb_3d_2d,XL,diagonal::stress,47.4776,0.5,3.7788,5,0.1428,5719.4758,2,0.1518,0.3517,5,0.1388,13.5462,2,0.0867,23.6921,2,0.0899,47.8161,1,0.0823,0.7528,2,0.0899,0.4295,2,0.0899,793.1104,5,0.1278,,,0.0
3,dimension_3d,prediction,transolver,deepjeb_3d_2d,XL,horizontal::disp_x,47.6897,0.5,3.7788,5,0.1777,6236.7106,3,0.172,0.3807,5,0.1185,0.005,2,0.073,0.0114,2,0.0773,27.9396,1,0.073,0.9774,2,0.0773,0.1233,2,0.0773,0.3515,3,0.0808,0.9951,2.0,0.073
3,dimension_3d,prediction,transolver,deepjeb_3d_2d,XL,horizontal::disp_y,47.2826,0.5,3.7788,5,0.1992,6236.7106,3,0.1483,0.3807,5,0.1126,0.0015,1,0.0735,0.0028,1,0.0735,55.1997,2,0.0759,0.8705,2,0.0759,0.3576,2,0.0759,0.0802,2,0.0892,0.9951,2.0,0.076
3,dimension_3d,prediction,transolver,deepjeb_3d_2d,XL,horizontal::disp_z,45.6145,0.5,3.7788,5,0.1979,6236.7106,3,0.166,0.3807,5,0.1286,0.0054,2,0.0725,0.0111,2,0.0725,34.0709,2,0.0705,0.9795,2,0.0725,0.1333,2,0.0725,0.2806,3,0.0768,0.9951,2.0,0.0705
3,dimension_3d,prediction,regdgcnn,deepjeb_3d_2d,XL,horizontal::stress,46.8098,0.5,1.4418,1,0.1885,9209.5524,5,0.1703,0.2629,4,0.1354,21.8729,3,0.0812,38.2492,3,0.0865,62.3963,3,0.0812,0.727,3,0.0865,0.5147,3,0.0865,1158.934,2,0.0838,,,0.0
3,dimension_3d,prediction,transolver,deepjeb_3d_2d,XL,mode_shape_1::mode_x,50.5212,0.5,3.7785,5,0.0932,4720.3454,5,0.0969,0.31,5,0.1373,258.7991,3,0.1119,357.3286,2,0.0991,197.9085,5,0.0932,-0.0001,1,0.091,1.0,1,0.091,4676.4897,1,0.0932,0.0077,5.0,0.0932
3,dimension_3d,prediction,transolver,deepjeb_3d_2d,XL,mode_shape_1::mode_y,50.39,0.5,3.7785,5,0.0885,4720.3454,5,0.1007,0.31,5,0.1626,374.055,2,0.0912,552.0827,3,0.1004,194.9548,5,0.0885,0.0001,3,0.1013,0.9999,1,0.0869,7204.9492,2,0.0912,0.0077,5.0,0.0885
3,dimension_3d,prediction,transolver,deepjeb_3d_2d,XL,mode_shape_1::mode_z,49.8463,0.5,3.7785,5,0.0905,4720.3454,5,0.0978,0.31,5,0.1378,641.7125,1,0.0905,793.8846,1,0.0905,193.664,4,0.1123,-0.0004,1,0.0905,1.0002,1,0.0935,5287.064,2,0.1062,0.0077,5.0,0.0905
3,dimension_3d,prediction,transolver,deepjeb_3d_2d,XL,mode_shape_2::mode_x,50.1447,0.5,3.7785,5,0.074,5379.3898,5,0.2184,0.2679,5,0.1352,248.4304,2,0.078,327.4017,2,0.078,196.6817,4,0.078,0.0,1,0.074,1.0,1,0.0764,3800.3215,3,0.0977,0.0005,5.0,0.0904
3,dimension_3d,prediction,transolver,deepjeb_3d_2d,XL,mode_shape_2::mode_y,50.4324,0.5,3.7785,5,0.0805,5379.3898,5,0.1563,0.2679,5,0.1344,262.8599,2,0.081,454.8772,3,0.086,189.0296,3,0.086,-0.0001,2,0.0813,1.0,1,0.0813,10481.9043,3,0.1181,0.0005,5.0,0.0951
3,dimension_3d,prediction,transolver,deepjeb_3d_2d,XL,mode_shape_2::mode_z,50.4623,0.5,3.7785,5,0.0769,5379.3898,5,0.2021,0.2679,5,0.1286,673.8547,2,0.0897,904.066,2,0.0822,196.3348,4,0.0822,0.0,1,0.0767,1.0,1,0.0767,5248.1201,3,0.087,0.0005,5.0,0.0978
3,dimension_3d,prediction,regdgcnn,deepjeb_3d_2d,XL,torsion::disp_x,48.0932,0.5,1.4418,1,0.1434,8954.6574,5,0.1782,0.2545,4,0.0929,0.0012,3,0.0814,0.0025,3,0.0814,42.6344,3,0.0814,0.9804,3,0.0814,0.1401,3,0.0814,0.0653,1,0.097,0.9859,3.0,0.0814
3,dimension_3d,prediction,transolver,deepjeb_3d_2d,XL,torsion::disp_y,46.2975,0.5,3.7788,5,0.1653,6002.8324,3,0.189,0.3578,5,0.1175,0.0009,1,0.0724,0.002,1,0.0724,57.9934,1,0.0732,0.9744,2,0.0753,0.1596,2,0.0753,0.0857,3,0.0864,0.9897,1.0,0.0733
3,dimension_3d,prediction,regdgcnn,deepjeb_3d_2d,XL,torsion::disp_z,44.8106,0.5,1.4418,1,0.1571,8954.6574,5,0.199,0.2545,4,0.0963,0.0012,3,0.0785,0.0021,3,0.0785,54.5316,3,0.0785,0.9668,3,0.0785,0.1821,3,0.0785,0.0408,2,0.0785,0.9859,3.0,0.0765
3,dimension_3d,prediction,transolver,deepjeb_3d_2d,XL,torsion::stress,46.576,0.5,3.7788,5,0.1553,6002.8324,3,0.199,0.3578,5,0.1011,7.3141,1,0.0884,15.6076,1,0.0884,61.6247,1,0.1011,0.8289,1,0.0884,0.4136,1,0.0884,752.9004,5,0.0897,,,0.0
3,dimension_3d,prediction,transolver,deepjeb_3d_2d,XL,vertical::disp_x,47.9233,0.5,3.7788,5,0.1533,6277.3872,3,0.182,0.481,5,0.0925,0.0045,2,0.0787,0.0098,3,0.082,36.6134,1,0.0809,0.9775,3,0.082,0.1363,3,0.082,0.2447,3,0.0857,0.9966,1.0,0.0809
3,dimension_3d,prediction,transolver,deepjeb_3d_2d,XL,vertical::disp_y,49.4669,0.5,3.7788,5,0.143,6277.3872,3,0.1907,0.481,5,0.0894,0.0024,1,0.0753,0.0047,1,0.0841,48.9629,1,0.0753,0.9507,1,0.0841,0.2218,1,0.0841,0.1108,3,0.0986,0.9966,1.0,0.0753
3,dimension_3d,prediction,transolver,deepjeb_3d_2d,XL,vertical::disp_z,50.2506,0.5,3.7788,5,0.1499,6277.3872,3,0.1859,0.481,5,0.0866,0.008,1,0.0764,0.0161,3,0.0872,32.8496,1,0.0774,0.9802,3,0.0872,0.1131,3,0.0872,0.2819,1,0.0847,0.9966,1.0,0.0774
3,dimension_3d,prediction,transolver,deepjeb_3d_2d,XL,vertical::stress,49.4692,0.5,3.7788,5,0.1292,6277.3872,3,0.2335,0.481,5,0.092,20.687,1,0.0843,38.7051,1,0.0843,49.5123,1,0.0843,0.7858,1,0.0843,0.4451,1,0.0843,1267.2036,2,0.1239,,,0.0
3,dimension_3d,prediction,regdgcnn,drivaernet_3d_2d,L,pressure::pressure,49.8285,0.5,1.4414,1,0.2452,1575.5147,6,0.1274,0.9246,5,0.088,12.9562,2,0.0916,21.3174,2,0.0867,34.7072,2,0.0916,0.9715,2,0.0867,0.1629,2,0.0867,990.18,2,0.0962,,,0.0
3,dimension_3d,prediction,regdgcnn,drivaernet_3d_2d,L,pv_coupled::pressure,47.5623,0.5,1.4418,1,0.2004,1587.555,6,0.0859,0.8782,5,0.1835,15.3989,2,0.0894,24.723,1,0.0826,39.444,1,0.0789,0.9617,1,0.0826,0.1889,1,0.0826,1024.5868,4,0.114,,,0.0
3,dimension_3d,prediction,pointnet,drivaernet_3d_2d,L,pv_coupled::velocity_x,44.9597,0.5,3.6682,4,0.2282,221.9117,1,0.0635,0.8631,4,0.1781,3.7877,5,0.0594,5.4578,5,0.0594,40.8073,5,0.0594,0.8369,5,0.0594,0.235,5,0.0594,39.0513,1,0.1739,0.9369,5.0,0.0594
3,dimension_3d,prediction,abupt,drivaernet_3d_2d,L,pv_coupled::velocity_y,50.8341,0.5,8.7512,6,0.1156,1251.8361,5,0.0936,0.8369,3,0.1892,0.7974,1,0.0743,1.4688,3,0.0757,99.6551,3,0.0764,0.3285,3,0.0757,0.8145,3,0.0757,16.8055,1,0.1388,0.9684,3.0,0.085
3,dimension_3d,prediction,regdgcnn,drivaernet_3d_2d,L,pv_coupled::velocity_z,52.3352,0.5,1.4418,1,0.2396,1587.555,6,0.0832,0.8782,5,0.1307,0.9227,1,0.0724,1.5515,1,0.0768,60.9927,2,0.0818,0.8938,1,0.0768,0.319,1,0.0768,27.9036,1,0.0792,0.9728,1.0,0.0825
3,dimension_3d,prediction,transolver,drivaernet_3d_2d,L,velocity::velocity_x,99.8219,0.5,3.7785,5,0.3054,367.757,4,0.0775,0.832,3,0.0806,2.2419,2,0.072,3.6758,2,0.0715,32.5578,2,0.072,0.926,2,0.0715,0.1583,2,0.0715,44.0241,5,0.1061,0.9683,2.0,0.072
3,dimension_3d,prediction,abupt,drivaernet_3d_2d,L,velocity::velocity_y,48.635,0.5,8.7512,6,0.1466,1173.2981,5,0.0992,0.8363,4,0.0945,0.8069,2,0.0872,1.4843,3,0.0887,99.6906,2,0.0954,0.3143,3,0.0887,0.8231,3,0.0887,17.7745,2,0.1265,0.966,4.0,0.0843
3,dimension_3d,prediction,regdgcnn,drivaernet_3d_2d,L,velocity::velocity_z,51.1405,0.5,1.4417,1,0.2684,1597.0078,6,0.0939,0.9245,6,0.0854,0.9525,1,0.0767,1.5827,1,0.0767,61.3657,2,0.0854,0.8895,1,0.0767,0.3254,1,0.0767,28.7532,2,0.0835,0.9714,1.0,0.0767
3,dimension_3d,prediction,regdgcnn,drivaernet_3d_2d,M,pressure::pressure,48.6384,0.5,1.4414,1,0.3317,812.5576,6,0.0926,0.9198,5,0.1177,14.8181,2,0.0751,24.0107,2,0.0751,37.5869,2,0.0751,0.9638,2,0.0751,0.1835,2,0.0751,991.1524,3,0.0826,,,0.0
3,dimension_3d,prediction,regdgcnn,drivaernet_3d_2d,M,pv_coupled::pressure,50.2126,0.5,1.4418,1,0.2424,825.3161,6,0.1051,0.8788,5,0.1327,18.2961,3,0.0808,29.1377,3,0.0808,43.4104,3,0.0808,0.9468,3,0.0808,0.2227,3,0.0808,970.3765,3,0.1158,,,0.0
3,dimension_3d,prediction,abupt,drivaernet_3d_2d,M,pv_coupled::velocity_x,48.1886,0.5,8.7512,6,0.1717,728.4571,5,0.0799,0.8377,3,0.1384,2.4938,3,0.0754,3.9344,3,0.0786,35.2147,4,0.082,0.9152,3,0.0786,0.1694,3,0.0786,41.2936,1,0.1384,0.9643,3.0,0.0786
3,dimension_3d,prediction,regdgcnn,drivaernet_3d_2d,M,pv_coupled::velocity_y,46.6899,0.5,1.4418,1,0.1478,825.3161,6,0.0873,0.8788,5,0.195,0.8242,3,0.0716,1.5206,3,0.0716,101.5972,1,0.0818,0.2803,3,0.0716,0.8433,3,0.0716,18.143,5,0.1222,0.9683,1.0,0.0797
3,dimension_3d,prediction,regdgcnn,drivaernet_3d_2d,M,pv_coupled::velocity_z,48.0336,0.5,1.4418,1,0.1657,825.3161,6,0.089,0.8788,5,0.1314,1.0092,2,0.0816,1.6485,1,0.0781,63.9284,2,0.0816,0.8801,1,0.0781,0.3389,1,0.0781,32.0303,4,0.1211,0.9683,1.0,0.0953
3,dimension_3d,prediction,transolver_pp,drivaernet_3d_2d,M,velocity::velocity_x,99.7194,0.5,1.741,3,0.2161,204.1287,3,0.0798,0.9212,5,0.099,2.7307,4,0.0798,4.3169,4,0.0798,36.6292,4,0.0798,0.898,4,0.0798,0.1859,4,0.0798,47.1884,4,0.1264,0.9588,4.0,0.0798
3,dimension_3d,prediction,abupt,drivaernet_3d_2d,M,velocity::velocity_y,53.8401,0.5,8.7512,6,0.1534,827.4771,6,0.089,0.8437,4,0.1083,0.8158,1,0.0874,1.4886,1,0.0867,105.1967,3,0.1083,0.3103,1,0.0867,0.8255,1,0.0867,17.707,2,0.1045,0.9666,1.0,0.089
3,dimension_3d,prediction,regdgcnn,drivaernet_3d_2d,M,velocity::velocity_z,49.9108,0.5,1.4417,1,0.1942,820.6919,5,0.0842,0.924,6,0.1061,1.0426,4,0.0986,1.7227,2,0.0842,64.2727,1,0.0908,0.8691,2,0.0842,0.3542,2,0.0842,31.298,3,0.0895,0.9655,2.0,0.0842
3,dimension_3d,prediction,transolver_pp,drivaernet_3d_2d,S,pressure::pressure,49.9616,0.5,1.7405,3,0.1796,113.0762,2,0.1479,0.9116,5,0.0952,21.3439,2,0.0915,36.3683,2,0.0915,48.6599,2,0.0952,0.917,2,0.0915,0.2779,2,0.0915,1194.218,5,0.1159,,,0.0
3,dimension_3d,prediction,regdgcnn,drivaernet_3d_2d,S,pv_coupled::pressure,46.9176,0.5,1.4418,1,0.2373,370.6432,6,0.1107,0.9865,6,0.2048,22.3564,2,0.0715,36.1086,2,0.0715,49.6158,2,0.0715,0.9182,2,0.0715,0.2759,2,0.0715,961.3308,1,0.0895,,,0.0
3,dimension_3d,prediction,abupt,drivaernet_3d_2d,S,pv_coupled::velocity_x,47.5535,0.5,8.7512,6,0.1876,346.5929,5,0.1106,0.8346,3,0.2105,3.462,4,0.0702,5.1023,3,0.0664,40.7738,4,0.0702,0.8574,3,0.0664,0.2197,3,0.0664,40.1463,1,0.0854,0.9437,3.0,0.0664
3,dimension_3d,prediction,abupt,drivaernet_3d_2d,S,pv_coupled::velocity_y,47.7151,0.5,8.7512,6,0.115,346.5929,5,0.1637,0.8346,3,0.1222,0.8568,1,0.0785,1.5366,2,0.076,112.1477,3,0.1222,0.2651,2,0.076,0.8521,2,0.076,17.4158,2,0.0825,0.9437,3.0,0.0878
3,dimension_3d,prediction,regdgcnn,drivaernet_3d_2d,S,pv_coupled::velocity_z,45.4763,0.5,1.4418,1,0.2006,370.6432,6,0.1226,0.9865,6,0.1878,1.1734,2,0.0706,1.8778,2,0.0706,67.8114,1,0.0664,0.8445,2,0.0706,0.386,2,0.0706,32.1831,1,0.0706,0.957,2.0,0.0695
3,dimension_3d,prediction,regdgcnn,drivaernet_3d_2d,S,velocity::velocity_x,48.3617,0.5,1.4417,1,0.1457,354.0156,5,0.1102,0.9192,5,0.1211,3.2426,1,0.0722,4.9842,2,0.0711,39.9773,2,0.0699,0.864,2,0.0711,0.2146,2,0.0711,43.3693,5,0.1954,0.946,1.0,0.0722
3,dimension_3d,prediction,abupt,drivaernet_3d_2d,S,velocity::velocity_y,47.3841,0.5,8.7512,6,0.0936,377.8322,6,0.2083,0.8322,3,0.1462,0.8534,1,0.0689,1.5419,1,0.0689,110.4242,4,0.1055,0.26,1,0.0689,0.8551,1,0.0689,17.6343,1,0.0842,0.9459,2.0,0.0868
3,dimension_3d,prediction,regdgcnn,drivaernet_3d_2d,S,velocity::velocity_z,49.962,0.5,1.4417,1,0.1977,354.0156,5,0.2152,0.9192,5,0.0842,1.2748,1,0.0702,2.0257,1,0.0702,71.1596,1,0.0702,0.819,1,0.0702,0.4164,1,0.0702,34.2575,1,0.0775,0.946,1.0,0.0745
3,dimension_3d,prediction,transolver,drivaernet_3d_2d,XL,pressure::pressure,51.3726,0.5,3.778,5,0.3463,702.3669,4,0.1296,0.9539,6,0.0777,9.6369,2,0.0741,16.5204,2,0.0741,29.4113,2,0.0741,0.9829,2,0.0741,0.1262,2,0.0741,920.4632,2,0.0759,,,0.0
3,dimension_3d,prediction,abupt,drivaernet_3d_2d,XL,pv_coupled::pressure,48.0863,0.5,8.7512,6,0.1212,2304.6267,5,0.1145,0.8362,3,0.2254,12.8095,1,0.0849,21.1519,1,0.0849,35.6707,1,0.0849,0.9719,1,0.0849,0.1616,1,0.0849,894.5397,3,0.1145,,,0.0
3,dimension_3d,prediction,regdgcnn,drivaernet_3d_2d,XL,pv_coupled::velocity_x,52.2266,0.5,1.4418,1,0.2098,3124.4563,6,0.0766,0.8819,5,0.1557,1.8966,1,0.0731,3.1072,1,0.0731,30.3583,1,0.0731,0.9471,1,0.0731,0.1338,1,0.0731,39.0508,2,0.1163,0.9757,2.0,0.076
3,dimension_3d,prediction,transolver_pp,drivaernet_3d_2d,XL,pv_coupled::velocity_y,49.6654,0.5,1.7412,3,0.1165,530.2068,4,0.0927,0.9212,6,0.2131,0.7924,2,0.0808,1.4396,3,0.0782,112.5539,5,0.0863,0.355,3,0.0782,0.7984,3,0.0782,17.7175,3,0.0982,0.9709,4.0,0.0776
3,dimension_3d,prediction,abupt,drivaernet_3d_2d,XL,pv_coupled::velocity_z,46.7627,0.5,8.7512,6,0.1331,2304.6267,5,0.0902,0.8362,3,0.2048,0.8162,1,0.0789,1.4263,1,0.0789,56.4702,1,0.0832,0.9103,1,0.0789,0.2932,1,0.0789,29.674,2,0.0942,0.9758,1.0,0.0789
3,dimension_3d,prediction,transolver_pp,drivaernet_3d_2d,XL,velocity::velocity_x,45.6458,0.5,1.741,3,0.1782,565.2989,4,0.0952,0.9229,5,0.1123,2.1301,4,0.0831,3.4369,4,0.0831,32.3185,4,0.0831,0.9353,4,0.0831,0.148,4,0.0831,50.6862,6,0.1155,0.9717,4.0,0.0831
3,dimension_3d,prediction,abupt,drivaernet_3d_2d,XL,velocity::velocity_y,54.5517,0.5,8.7512,6,0.1141,2305.9139,5,0.1141,0.8361,4,0.128,0.7681,1,0.0847,1.4228,1,0.0929,97.8634,1,0.1029,0.37,1,0.0929,0.789,1,0.0929,19.8871,6,0.0873,0.9771,1.0,0.09
3,dimension_3d,prediction,regdgcnn,drivaernet_3d_2d,XL,velocity::velocity_z,50.3872,0.5,1.4417,1,0.1881,3111.812,6,0.0899,0.9235,6,0.0978,0.8857,2,0.0849,1.4904,2,0.0843,59.1113,3,0.0919,0.902,2,0.0843,0.3064,2,0.0843,28.7821,1,0.1101,0.9741,2.0,0.0843
4,dimension_3d,prediction,geofno,deepjeb_3d_2d,L,diagonal::disp_x,42.4282,0.5,1.5458,2,0.1851,1767.9762,1,0.1128,0.2145,1,0.095,0.006,5,0.0839,0.0102,4,0.087,72.2367,5,0.0839,0.6502,4,0.087,0.4725,4,0.087,0.1729,5,0.0914,0.9344,4.0,0.087
4,dimension_3d,prediction,geofno,deepjeb_3d_2d,L,diagonal::disp_y,41.5984,0.5,1.5458,2,0.1978,1767.9762,1,0.0907,0.2145,1,0.102,0.0066,4,0.0882,0.0103,4,0.0848,106.1878,4,0.0882,0.6484,4,0.0848,0.5929,4,0.0848,0.1908,5,0.0907,0.9344,4.0,0.0882
4,dimension_3d,prediction,geofno,deepjeb_3d_2d,L,diagonal::disp_z,42.614,0.5,1.5458,2,0.1811,1767.9762,1,0.0931,0.2145,1,0.1047,0.0134,4,0.0906,0.0201,4,0.087,58.4151,5,0.0918,0.8568,4,0.087,0.2696,4,0.087,0.2296,4,0.087,0.9344,4.0,0.0906
4,dimension_3d,prediction,geofno,deepjeb_3d_2d,L,diagonal::stress,41.5344,0.5,1.5458,2,0.1488,1767.9762,1,0.0992,0.2145,1,0.1145,26.0188,4,0.1026,38.0936,4,0.093,86.0239,5,0.0992,0.361,4,0.093,0.6906,4,0.093,790.8909,3,0.1566,,,0.0
4,dimension_3d,prediction,geofno,deepjeb_3d_2d,L,horizontal::disp_x,40.0039,0.5,1.5458,2,0.1766,1734.3898,1,0.1273,0.2146,1,0.1074,0.0205,5,0.0828,0.0344,5,0.0858,73.8922,5,0.0791,0.7943,5,0.0913,0.3716,5,0.0913,0.859,5,0.0791,0.8907,5.0,0.0791
4,dimension_3d,prediction,geofno,deepjeb_3d_2d,L,horizontal::disp_y,43.0291,0.5,1.5458,2,0.1698,1734.3898,1,0.1531,0.2146,1,0.1235,0.0033,4,0.0762,0.0049,4,0.0802,95.8305,4,0.0795,0.5951,4,0.0826,0.6323,4,0.0826,0.0835,4,0.0768,0.8907,5.0,0.0758
4,dimension_3d,prediction,geofno,deepjeb_3d_2d,L,horizontal::disp_z,40.757,0.5,1.5458,2,0.1516,1734.3898,1,0.1439,0.2146,1,0.1194,0.0169,4,0.085,0.0277,4,0.0877,73.906,4,0.0813,0.8714,4,0.0877,0.334,4,0.0877,0.6712,5,0.0779,0.8907,5.0,0.0779
4,dimension_3d,prediction,transolver,deepjeb_3d_2d,L,horizontal::stress,42.629,0.5,3.7788,5,0.1479,3210.2929,4,0.1632,0.298,5,0.1127,21.001,1,0.0802,39.8897,2,0.0877,56.2869,1,0.0802,0.703,2,0.0877,0.5368,2,0.0877,1364.9651,5,0.1527,,,0.0
4,dimension_3d,prediction,geofno,deepjeb_3d_2d,L,mode_shape_1::mode_x,44.9968,0.5,1.5457,2,0.0891,1027.6618,1,0.1393,0.1866,1,0.1217,259.3294,4,0.0829,357.7906,4,0.0829,180.0896,2,0.087,-0.0027,4,0.0829,1.0013,4,0.0827,4666.5298,2,0.0884,0.0027,5.0,0.143
4,dimension_3d,prediction,geofno,deepjeb_3d_2d,L,mode_shape_1::mode_y,46.6802,0.5,1.5457,2,0.0926,1027.6618,1,0.1112,0.1866,1,0.111,374.8932,4,0.0893,552.5432,4,0.0876,176.7569,2,0.0893,-0.0016,4,0.0876,1.0008,4,0.0854,7182.8647,1,0.1311,0.0027,5.0,0.1149
4,dimension_3d,prediction,transolver_pp,deepjeb_3d_2d,L,mode_shape_1::mode_z,43.9831,0.5,1.741,3,0.0808,2273.2623,4,0.113,0.2436,5,0.1705,641.7489,2,0.0919,793.8536,3,0.0808,196.1509,3,0.0775,-0.0003,3,0.0808,1.0001,3,0.0772,5289.0298,3,0.0808,0.0347,3.0,0.1464
4,dimension_3d,prediction,regdgcnn,deepjeb_3d_2d,L,mode_shape_2::mode_x,45.6434,0.45,1.4417,1,0.0956,1660.0483,4,0.1519,0.2339,5,0.1852,250.3027,4,0.079,329.8429,4,0.079,171.9818,2,0.079,-0.015,4,0.079,1.0075,4,0.079,3813.8867,4,0.0912,0.1466,1.0,0.0812
4,dimension_3d,prediction,geofno,deepjeb_3d_2d,L,mode_shape_2::mode_y,40.2698,0.5,1.5457,2,0.098,881.5006,1,0.1858,0.1884,1,0.1473,270.4085,5,0.0831,460.1143,4,0.0798,162.9255,2,0.0798,-0.0233,4,0.0798,1.0116,4,0.0805,10545.457,5,0.0843,0.0334,2.0,0.0815
4,dimension_3d,prediction,geofno,deepjeb_3d_2d,L,mode_shape_2::mode_z,41.7127,0.45,1.5457,2,0.0838,881.5006,1,0.1842,0.1884,1,0.1503,697.1258,5,0.0905,925.9043,4,0.0812,161.398,1,0.0849,-0.0489,4,0.0827,1.0242,4,0.0827,5774.7744,4,0.0838,0.0334,2.0,0.0759
4,dimension_3d,prediction,geofno,deepjeb_3d_2d,L,torsion::disp_x,43.6593,0.5,1.5458,2,0.1532,1444.2569,1,0.2239,0.2077,1,0.1004,0.0028,4,0.0746,0.0055,4,0.0746,71.7757,4,0.0746,0.905,4,0.0746,0.3081,4,0.0746,0.1892,5,0.0746,0.919,4.0,0.0746
4,dimension_3d,prediction,geofno,deepjeb_3d_2d,L,torsion::disp_y,42.3121,0.5,1.5458,2,0.1532,1444.2569,1,0.2239,0.2077,1,0.1004,0.002,4,0.0746,0.0038,4,0.0746,102.544,4,0.0746,0.9105,4,0.0746,0.2983,4,0.0746,0.1465,5,0.0746,0.919,4.0,0.0746
4,dimension_3d,prediction,geofno,deepjeb_3d_2d,L,torsion::disp_z,42.4426,0.5,1.5458,2,0.1632,1444.2569,1,0.2026,0.2077,1,0.0979,0.0023,4,0.0763,0.0038,4,0.0763,82.1771,4,0.0763,0.889,4,0.0763,0.3329,4,0.0763,0.107,5,0.0783,0.919,4.0,0.0763
4,dimension_3d,prediction,geofno,deepjeb_3d_2d,L,torsion::stress,43.5326,0.5,1.5458,2,0.2037,1444.2569,1,0.2037,0.2077,1,0.0965,15.6295,4,0.0833,26.4598,4,0.0821,109.5178,4,0.0833,0.5082,4,0.0821,0.7012,4,0.0821,619.5901,2,0.0833,,,0.0
4,dimension_3d,prediction,pointnet,deepjeb_3d_2d,L,vertical::disp_x,42.549,0.5,3.6682,4,0.1575,3235.763,4,0.1982,0.2403,2,0.0903,0.0101,4,0.0788,0.0173,4,0.0778,65.279,4,0.0788,0.9305,4,0.0778,0.2396,4,0.0778,0.3374,4,0.0853,0.979,4.0,0.0778
4,dimension_3d,prediction,pointnet,deepjeb_3d_2d,L,vertical::disp_y,40.948,0.5,3.6682,4,0.2221,3235.763,4,0.12,0.2403,2,0.08,0.0055,4,0.0769,0.0098,4,0.0769,82.2306,4,0.0967,0.7904,4,0.0769,0.4573,4,0.0769,0.1513,4,0.0769,0.979,4.0,0.0967
4,dimension_3d,prediction,pointnet,deepjeb_3d_2d,L,vertical::disp_z,42.787,0.5,3.6682,4,0.1749,3235.763,4,0.1328,0.2403,2,0.0968,0.0181,4,0.0883,0.0292,4,0.0824,60.3309,4,0.088,0.9348,4,0.0824,0.2052,4,0.0824,0.3882,4,0.084,0.979,4.0,0.088
4,dimension_3d,prediction,geofno,deepjeb_3d_2d,L,vertical::stress,41.3554,0.5,1.5458,2,0.2013,1787.3459,1,0.1483,0.2156,1,0.0867,44.1483,5,0.0895,64.2036,5,0.0881,102.7544,5,0.0972,0.4105,5,0.0881,0.7383,5,0.0881,1669.7179,4,0.1127,,,0.0
4,dimension_3d,prediction,pointnet,deepjeb_3d_2d,M,diagonal::disp_x,40.0949,0.5,3.6682,4,0.2451,1639.227,2,0.0797,0.2534,2,0.0827,0.0079,4,0.0797,0.0134,4,0.0797,72.4444,4,0.0919,0.3965,4,0.0797,0.6206,4,0.0797,0.1445,4,0.1018,0.8618,4.0,0.0797
4,dimension_3d,prediction,geofno,deepjeb_3d_2d,M,diagonal::disp_y,41.7207,0.5,1.5458,2,0.1861,804.1954,1,0.0916,0.2135,1,0.0899,0.0081,4,0.0913,0.0122,4,0.0831,131.5668,4,0.1128,0.5065,4,0.0845,0.7024,4,0.0845,0.1495,4,0.0845,0.8187,5.0,0.0916
4,dimension_3d,prediction,pointnet,deepjeb_3d_2d,M,diagonal::disp_z,40.7051,0.5,3.6682,4,0.2039,1639.227,2,0.087,0.2534,2,0.0839,0.0185,4,0.0839,0.0292,4,0.0839,54.8678,4,0.1098,0.6973,4,0.0839,0.3919,4,0.0839,0.2963,5,0.0927,0.8618,4.0,0.087
4,dimension_3d,prediction,geofno,deepjeb_3d_2d,M,diagonal::stress,41.788,0.5,1.5458,2,0.1732,804.1954,1,0.107,0.2135,1,0.1011,31.0353,4,0.1011,44.4329,4,0.0957,95.8384,5,0.1347,0.1307,4,0.0957,0.8056,4,0.0957,803.8414,4,0.0957,,,0.0
4,dimension_3d,prediction,geofno,deepjeb_3d_2d,M,horizontal::disp_x,42.3094,0.5,1.5458,2,0.1445,803.3753,1,0.1375,0.2143,1,0.1225,0.0264,4,0.0841,0.0418,4,0.0867,81.8596,4,0.0841,0.6962,4,0.0867,0.4515,4,0.0867,0.7658,5,0.0829,0.8461,4.0,0.0841
4,dimension_3d,prediction,geofno,deepjeb_3d_2d,M,horizontal::disp_y,43.0685,0.5,1.5458,2,0.1932,803.3753,1,0.1117,0.2143,1,0.1005,0.0036,4,0.0782,0.0054,4,0.0791,104.1561,4,0.0866,0.5104,4,0.0791,0.6953,4,0.0791,0.083,4,0.1058,0.8461,4.0,0.0866
4,dimension_3d,prediction,geofno,deepjeb_3d_2d,M,horizontal::disp_z,43.3819,0.5,1.5458,2,0.1617,803.3753,1,0.1569,0.2143,1,0.1368,0.0195,4,0.0773,0.0299,4,0.0773,79.4937,4,0.0785,0.8498,4,0.0773,0.3609,4,0.0773,0.4538,4,0.0785,0.8461,4.0,0.0785
4,dimension_3d,prediction,geofno,deepjeb_3d_2d,M,horizontal::stress,43.1518,0.5,1.5458,2,0.2283,803.3753,1,0.106,0.2143,1,0.1023,40.9971,4,0.0899,60.6702,4,0.0848,101.6347,4,0.0899,0.313,4,0.0848,0.8164,4,0.0848,1360.6631,5,0.129,,,0.0
4,dimension_3d,prediction,regdgcnn,deepjeb_3d_2d,M,mode_shape_1::mode_x,41.9822,0.5,1.4417,1,0.1355,1152.3368,4,0.1298,0.2355,4,0.1298,266.121,4,0.082,374.4712,4,0.082,162.0206,2,0.0799,-0.0984,4,0.082,1.048,4,0.082,4683.4824,3,0.0878,0.2764,1.0,0.1093
4,dimension_3d,prediction,geofno,deepjeb_3d_2d,M,mode_shape_1::mode_y,44.3504,0.5,1.5457,2,0.0876,477.9943,1,0.1752,0.1876,1,0.1752,397.7675,4,0.0766,573.2701,4,0.0766,156.6327,2,0.0766,-0.0781,4,0.0766,1.0383,4,0.0766,7233.3652,4,0.0766,0.133,3.0,0.1022
4,dimension_3d,prediction,geofno,deepjeb_3d_2d,M,mode_shape_1::mode_z,44.395,0.5,1.5457,2,0.0875,477.9943,1,0.2207,0.1876,1,0.2207,655.6768,4,0.0668,832.4261,4,0.0668,159.6492,2,0.0668,-0.0999,4,0.0668,1.0487,4,0.0668,5807.8457,4,0.0668,0.133,3.0,0.0705
4,dimension_3d,prediction,regdgcnn,deepjeb_3d_2d,M,mode_shape_2::mode_x,41.5157,0.5,1.4417,1,0.0878,820.0586,3,0.1257,0.2328,4,0.1495,254.8094,4,0.0779,336.202,4,0.0779,160.6344,2,0.0779,-0.0545,4,0.0779,1.0269,4,0.0779,3755.6138,1,0.1537,0.0957,2.0,0.0938
4,dimension_3d,prediction,transolver,deepjeb_3d_2d,M,mode_shape_2::mode_y,43.2304,0.5,3.7785,5,0.0851,896.788,4,0.1776,0.2156,3,0.1636,262.9802,2,0.0797,454.9906,2,0.0797,182.8337,4,0.0797,-0.0006,2,0.0797,1.0003,2,0.0797,10490.6025,2,0.0851,0.0016,4.0,0.0901
4,dimension_3d,prediction,geofno,deepjeb_3d_2d,M,mode_shape_2::mode_z,44.3549,0.5,1.5457,2,0.0829,454.4052,1,0.1681,0.1889,1,0.1681,704.6326,4,0.0786,932.6837,4,0.0786,156.9686,2,0.0917,-0.0643,4,0.0786,1.0317,4,0.0786,6448.0669,4,0.0829,0.0812,3.0,0.0917
4,dimension_3d,prediction,geofno,deepjeb_3d_2d,M,torsion::disp_x,42.5642,0.5,1.5458,2,0.1871,872.0835,1,0.1571,0.2064,1,0.0903,0.0034,4,0.0789,0.0065,4,0.0813,81.3351,5,0.082,0.8646,4,0.0778,0.3679,4,0.0778,0.2037,5,0.0901,0.8842,4.0,0.0778
4,dimension_3d,prediction,geofno,deepjeb_3d_2d,M,torsion::disp_y,41.1171,0.5,1.5458,2,0.205,872.0835,1,0.1232,0.2064,1,0.0793,0.0024,4,0.0793,0.0044,4,0.0777,108.8554,5,0.1216,0.8779,5,0.0742,0.3484,5,0.0742,0.1345,5,0.0793,0.8842,4.0,0.086
4,dimension_3d,prediction,geofno,deepjeb_3d_2d,M,torsion::disp_z,42.4831,0.5,1.5458,2,0.1777,872.0835,1,0.1804,0.2064,1,0.088,0.0028,4,0.0816,0.0045,4,0.0788,92.4179,5,0.0749,0.8465,4,0.0806,0.3916,4,0.0806,0.1051,5,0.0785,0.8842,4.0,0.0789
4,dimension_3d,prediction,transolver,deepjeb_3d_2d,M,torsion::stress,43.6771,0.5,3.7788,5,0.1851,1585.1397,3,0.1566,0.2624,5,0.1091,10.1363,2,0.0872,18.4372,2,0.0872,85.5885,2,0.0872,0.7612,2,0.0872,0.4886,2,0.0872,734.8544,5,0.1131,,,0.0
4,dimension_3d,prediction,geofno,deepjeb_3d_2d,M,vertical::disp_x,41.0099,0.5,1.5458,2,0.1405,912.9721,1,0.2022,0.2155,1,0.1218,0.0214,4,0.0782,0.0344,4,0.0756,103.3876,5,0.0753,0.7238,4,0.0782,0.4775,4,0.0782,0.6547,5,0.0753,0.8579,4.0,0.0747
4,dimension_3d,prediction,geofno,deepjeb_3d_2d,M,vertical::disp_y,41.2342,0.5,1.5458,2,0.1615,912.9721,1,0.1322,0.2155,1,0.0986,0.0083,4,0.0797,0.0132,4,0.0797,114.8712,5,0.0938,0.617,4,0.0797,0.6182,4,0.0797,0.2109,5,0.0855,0.8579,4.0,0.1097
4,dimension_3d,prediction,geofno,deepjeb_3d_2d,M,vertical::disp_z,41.9939,0.5,1.5458,2,0.1343,912.9721,1,0.1628,0.2155,1,0.1279,0.0347,4,0.0827,0.0536,4,0.0779,82.8413,4,0.0853,0.7809,4,0.0779,0.3761,4,0.0779,0.8631,5,0.0881,0.8579,4.0,0.0853
4,dimension_3d,prediction,geofno,deepjeb_3d_2d,M,vertical::stress,41.698,0.5,1.5458,2,0.1446,912.9721,1,0.1762,0.2155,1,0.1375,48.6705,4,0.0842,69.8162,4,0.0842,112.1293,4,0.1007,0.3029,4,0.0842,0.8028,4,0.0842,1727.2987,4,0.1044,,,0.0
4,dimension_3d,prediction,geofno,deepjeb_3d_2d,S,diagonal::disp_x,42.0974,0.5,1.5458,2,0.243,333.7859,1,0.0856,0.214,1,0.1292,0.0096,5,0.075,0.0148,5,0.075,88.0878,5,0.0779,0.2632,5,0.075,0.6857,5,0.075,0.1832,5,0.0893,0.7859,5.0,0.075
4,dimension_3d,prediction,geofno,deepjeb_3d_2d,S,diagonal::disp_y,42.4526,0.5,1.5458,2,0.2068,333.7859,1,0.0952,0.214,1,0.1666,0.0091,4,0.074,0.014,4,0.074,132.9216,4,0.074,0.3468,4,0.074,0.8081,4,0.074,0.2138,4,0.0845,0.7859,5.0,0.0769
4,dimension_3d,prediction,pointnet,deepjeb_3d_2d,S,diagonal::disp_z,41.1039,0.5,3.6682,4,0.313,711.9381,3,0.0783,0.2546,3,0.1189,0.0162,4,0.07,0.0255,4,0.07,53.9003,4,0.07,0.7684,4,0.07,0.3428,4,0.07,0.2704,4,0.07,0.891,4.0,0.07
4,dimension_3d,prediction,transolver,deepjeb_3d_2d,S,diagonal::stress,43.4077,0.5,3.7788,5,0.2925,750.7035,4,0.09,0.2487,2,0.1361,21.7125,2,0.0791,33.6238,2,0.0791,72.5178,2,0.0791,0.5022,2,0.0791,0.6096,2,0.0791,765.4098,2,0.086,,,0.0
4,dimension_3d,prediction,geofno,deepjeb_3d_2d,S,horizontal::disp_x,40.0728,0.5,1.5458,2,0.2404,336.9165,1,0.0922,0.2151,1,0.0801,0.0355,5,0.0811,0.0557,5,0.0811,92.1272,5,0.0811,0.4601,5,0.0811,0.602,5,0.0811,0.8793,5,0.0909,0.6377,5.0,0.0909
4,dimension_3d,prediction,pointnet,deepjeb_3d_2d,S,horizontal::disp_y,40.827,0.5,3.6682,4,0.1452,694.8508,3,0.1256,0.2437,2,0.0968,0.005,4,0.0837,0.0076,5,0.0853,146.9874,5,0.0853,0.0317,5,0.0853,0.9778,5,0.0853,0.089,4,0.1045,0.7901,4.0,0.1029
4,dimension_3d,prediction,pointnet,deepjeb_3d_2d,S,horizontal::disp_z,40.5315,0.5,3.6682,4,0.1466,694.8508,3,0.1195,0.2437,2,0.0909,0.0333,5,0.0884,0.0518,5,0.0884,102.8181,4,0.1024,0.551,5,0.0884,0.6241,5,0.0884,0.6196,4,0.0909,0.7901,4.0,0.0963
4,dimension_3d,prediction,geofno,deepjeb_3d_2d,S,horizontal::stress,42.6983,0.5,1.5458,2,0.1731,336.9165,1,0.1436,0.2151,1,0.1164,48.411,4,0.0912,67.6259,4,0.0912,121.4211,4,0.0951,0.1465,4,0.0912,0.91,4,0.0912,1317.575,4,0.1071,,,0.0
4,dimension_3d,prediction,geofno,deepjeb_3d_2d,S,mode_shape_1::mode_x,44.6981,0.5,1.5457,2,0.0884,196.5693,1,0.1185,0.1863,1,0.1532,275.4768,4,0.0826,377.3646,4,0.0826,154.2936,2,0.0826,-0.1154,4,0.0826,1.0561,4,0.0826,4973.5352,5,0.1185,0.1456,2.0,0.1083
4,dimension_3d,prediction,geofno,deepjeb_3d_2d,S,mode_shape_1::mode_y,44.4854,0.5,1.5457,2,0.0834,196.5693,1,0.151,0.1863,1,0.2044,394.6812,4,0.0759,571.0676,4,0.0759,155.8427,2,0.081,-0.0698,4,0.0759,1.0343,4,0.073,7243.1675,5,0.0867,0.1456,2.0,0.0926
4,dimension_3d,prediction,geofno,deepjeb_3d_2d,S,mode_shape_1::mode_z,44.5129,0.5,1.5457,2,0.0771,196.5693,1,0.1623,0.1863,1,0.199,656.1143,4,0.0771,830.8157,4,0.0771,159.5199,2,0.0771,-0.0957,4,0.0771,1.0467,4,0.0771,6210.1411,4,0.0949,0.1456,2.0,0.0812
4,dimension_3d,prediction,transolver_pp,deepjeb_3d_2d,S,mode_shape_2::mode_x,42.6433,0.5,1.741,3,0.0902,564.5549,5,0.1617,0.3385,5,0.1617,252.5357,2,0.0733,333.3972,2,0.0733,160.5312,4,0.0744,-0.037,2,0.0733,1.0183,2,0.0733,3965.178,4,0.1303,0.2811,3.0,0.0885
4,dimension_3d,prediction,transolver_pp,deepjeb_3d_2d,S,mode_shape_2::mode_y,42.9938,0.5,1.741,3,0.0886,564.5549,5,0.1642,0.3385,5,0.1642,264.299,2,0.0682,457.6529,2,0.0682,166.5816,4,0.0682,-0.0123,2,0.0682,1.0061,2,0.0682,10632.0068,4,0.1477,0.2811,3.0,0.0943
4,dimension_3d,prediction,pointnet,deepjeb_3d_2d,S,mode_shape_2::mode_z,43.9615,0.5,3.6681,4,0.0972,201.9775,2,0.1749,0.1934,2,0.1749,673.837,1,0.075,904.0585,1,0.075,198.0977,5,0.0761,0.0,1,0.075,1.0,1,0.075,5244.0903,1,0.0761,0.0015,5.0,0.1009
4,dimension_3d,prediction,geofno,deepjeb_3d_2d,S,torsion::disp_x,43.8298,0.5,1.5458,2,0.2045,356.9114,1,0.0948,0.2067,1,0.1335,0.0045,4,0.0798,0.0083,4,0.0798,93.5809,4,0.0798,0.7791,4,0.0798,0.4699,4,0.0798,0.201,5,0.0884,0.7997,4.0,0.0798
4,dimension_3d,prediction,geofno,deepjeb_3d_2d,S,torsion::disp_y,42.6012,0.5,1.5458,2,0.2239,356.9114,1,0.0941,0.2067,1,0.1536,0.0031,4,0.0767,0.0054,4,0.0741,121.6541,4,0.0816,0.8179,4,0.0741,0.4255,4,0.0741,0.1581,5,0.0722,0.7997,4.0,0.0756
4,dimension_3d,prediction,geofno,deepjeb_3d_2d,S,torsion::disp_z,43.8099,0.5,1.5458,2,0.2063,356.9114,1,0.097,0.2067,1,0.1407,0.0035,4,0.0794,0.0055,4,0.0775,103.5084,4,0.0775,0.7724,4,0.0775,0.4768,4,0.0775,0.1061,4,0.0889,0.7997,4.0,0.0775
4,dimension_3d,prediction,transolver,deepjeb_3d_2d,S,torsion::stress,40.9814,0.5,3.7788,5,0.2139,716.3559,4,0.105,0.2402,3,0.1375,11.8736,2,0.0825,21.1664,2,0.0825,97.5386,2,0.0825,0.6853,2,0.0825,0.5609,2,0.0825,719.9294,4,0.1312,,,0.0
4,dimension_3d,prediction,pointnet,deepjeb_3d_2d,S,vertical::disp_x,41.3533,0.5,3.6682,4,0.2627,704.5667,3,0.0864,0.2383,3,0.0859,0.0269,4,0.0798,0.045,4,0.0798,120.6302,4,0.0813,0.5278,4,0.0798,0.6244,4,0.0798,0.5593,4,0.0813,0.8242,4.0,0.0831
4,dimension_3d,prediction,pointnet,deepjeb_3d_2d,S,vertical::disp_y,41.8063,0.5,3.6682,4,0.2129,704.5667,3,0.1,0.2383,3,0.1023,0.012,5,0.0815,0.0212,5,0.0815,166.1578,5,0.0896,0.005,5,0.0815,0.9964,5,0.0815,0.2705,5,0.0815,0.8242,4.0,0.0878
4,dimension_3d,prediction,pointnet,deepjeb_3d_2d,S,vertical::disp_z,41.9433,0.5,3.6682,4,0.2409,704.5667,3,0.0887,0.2383,3,0.087,0.0444,4,0.0807,0.0701,4,0.0807,85.7474,4,0.0956,0.6245,4,0.0807,0.4924,4,0.0807,0.6818,4,0.0812,0.8242,4.0,0.0837
4,dimension_3d,prediction,geofno,deepjeb_3d_2d,S,vertical::stress,41.7884,0.5,1.5458,2,0.21,336.6451,1,0.1086,0.2138,1,0.1125,57.2981,4,0.0875,79.8692,4,0.0875,130.2269,4,0.0875,0.0877,4,0.0875,0.9184,4,0.0875,1882.2418,5,0.1313,,,0.0
4,dimension_3d,prediction,geofno,deepjeb_3d_2d,XL,diagonal::disp_x,41.4306,0.5,1.5458,2,0.1362,4009.9346,1,0.1867,0.2155,1,0.148,0.0045,4,0.0762,0.008,4,0.0762,59.5154,5,0.0706,0.7849,4,0.0759,0.3705,4,0.0759,0.1433,5,0.0836,0.969,5.0,0.0706
4,dimension_3d,prediction,geofno,deepjeb_3d_2d,XL,diagonal::disp_y,41.1102,0.5,1.5458,2,0.1559,4009.9346,1,0.1654,0.2155,1,0.1059,0.0044,5,0.0764,0.0074,4,0.0821,76.7165,5,0.0812,0.8194,4,0.08,0.4249,4,0.08,0.1684,5,0.092,0.969,5.0,0.0812
4,dimension_3d,prediction,geofno,deepjeb_3d_2d,XL,diagonal::disp_z,42.4647,0.5,1.5458,2,0.1593,4009.9346,1,0.1934,0.2155,1,0.1082,0.0096,4,0.0751,0.0153,4,0.0751,47.0623,5,0.0794,0.9168,4,0.0729,0.2055,4,0.0729,0.2024,4,0.0843,0.969,5.0,0.0794
4,dimension_3d,prediction,geofno,deepjeb_3d_2d,XL,diagonal::stress,41.6688,0.5,1.5458,2,0.1428,4009.9346,1,0.1518,0.2155,1,0.1388,21.5208,5,0.0867,32.5843,4,0.0899,73.2064,5,0.0823,0.5325,4,0.0899,0.5907,4,0.0899,792.4558,4,0.1278,,,0.0
4,dimension_3d,prediction,geofno,deepjeb_3d_2d,XL,horizontal::disp_x,41.8784,0.5,1.5458,2,0.1777,3515.6181,1,0.172,0.2198,1,0.1185,0.0122,5,0.073,0.0223,4,0.0773,58.2011,5,0.073,0.9136,4,0.0773,0.2408,4,0.0773,0.7379,5,0.0808,0.9578,5.0,0.073
4,dimension_3d,prediction,geofno,deepjeb_3d_2d,XL,horizontal::disp_y,42.2611,0.5,1.5458,2,0.1992,3515.6181,1,0.1483,0.2198,1,0.1126,0.0025,4,0.0735,0.0039,4,0.0735,80.2469,4,0.0759,0.7486,4,0.0759,0.4983,4,0.0759,0.1087,5,0.0892,0.9578,5.0,0.076
4,dimension_3d,prediction,geofno,deepjeb_3d_2d,XL,horizontal::disp_z,41.9199,0.5,1.5458,2,0.1979,3515.6181,1,0.166,0.2198,1,0.1286,0.0115,4,0.0725,0.0192,4,0.0725,61.5055,5,0.0705,0.9383,4,0.0725,0.2314,4,0.0725,0.8807,5,0.0768,0.9578,5.0,0.0705
4,dimension_3d,prediction,transolver,deepjeb_3d_2d,XL,horizontal::stress,42.0506,0.5,3.7788,5,0.1885,6236.7106,3,0.1703,0.3807,5,0.1354,18.3239,1,0.0812,36.0717,2,0.0865,50.6623,1,0.0812,0.7572,2,0.0865,0.4854,2,0.0865,1356.98,5,0.0838,,,0.0
4,dimension_3d,prediction,geofno,deepjeb_3d_2d,XL,mode_shape_1::mode_x,44.209,0.5,1.5457,2,0.0932,1727.7278,1,0.0969,0.1872,1,0.1373,262.9607,4,0.1119,363.494,4,0.0991,161.0349,2,0.0932,-0.0349,4,0.091,1.0173,4,0.091,4778.1304,4,0.0932,0.0423,2.0,0.0932
4,dimension_3d,prediction,geofno,deepjeb_3d_2d,XL,mode_shape_1::mode_y,44.1395,0.5,1.5457,2,0.0885,1727.7278,1,0.1007,0.1872,1,0.1626,384.6324,4,0.0912,559.9745,4,0.1004,162.4093,2,0.0885,-0.0287,4,0.1013,1.0142,4,0.0869,7505.3496,4,0.0912,0.0423,2.0,0.0885
4,dimension_3d,prediction,geofno,deepjeb_3d_2d,XL,mode_shape_1::mode_z,44.1006,0.5,1.5457,2,0.0905,1727.7278,1,0.0978,0.1872,1,0.1378,645.4633,4,0.0905,803.6131,4,0.0905,168.2297,2,0.1123,-0.0251,4,0.0905,1.0124,4,0.0935,5595.9639,5,0.1062,0.0423,2.0,0.0905
4,dimension_3d,prediction,geofno,deepjeb_3d_2d,XL,mode_shape_2::mode_x,44.3082,0.5,1.5457,2,0.074,1735.7798,1,0.2184,0.1875,1,0.1352,249.0746,4,0.078,327.955,4,0.078,179.1817,2,0.078,-0.0034,4,0.074,1.0017,4,0.0764,3819.6086,4,0.0977,0.0028,3.0,0.0904
4,dimension_3d,prediction,geofno,deepjeb_3d_2d,XL,mode_shape_2::mode_y,44.2958,0.5,1.5457,2,0.0805,1735.7798,1,0.1563,0.1875,1,0.1344,264.1779,4,0.081,455.6454,4,0.086,171.3594,2,0.086,-0.0035,4,0.0813,1.0017,4,0.0813,10476.0205,1,0.1181,0.0028,3.0,0.0951
4,dimension_3d,prediction,geofno,deepjeb_3d_2d,XL,mode_shape_2::mode_z,44.2485,0.5,1.5457,2,0.0769,1735.7798,1,0.2021,0.1875,1,0.1286,675.8752,4,0.0897,905.4031,4,0.0822,178.043,2,0.0822,-0.003,4,0.0767,1.0015,4,0.0767,5308.7036,4,0.087,0.0028,3.0,0.0978
4,dimension_3d,prediction,geofno,deepjeb_3d_2d,XL,torsion::disp_x,41.6602,0.5,1.5458,2,0.1434,3345.5807,1,0.1782,0.2079,1,0.0929,0.0023,5,0.0814,0.0046,5,0.0814,64.0857,5,0.0814,0.9332,5,0.0814,0.2585,5,0.0814,0.1752,5,0.097,0.9502,5.0,0.0814
4,dimension_3d,prediction,regdgcnn,deepjeb_3d_2d,XL,torsion::disp_y,42.6928,0.5,1.4418,1,0.1653,8954.6574,5,0.189,0.2545,4,0.1175,0.001,3,0.0724,0.0022,3,0.0724,69.8428,3,0.0732,0.9686,3,0.0753,0.1767,3,0.0753,0.0834,2,0.0864,0.9859,3.0,0.0733
4,dimension_3d,prediction,geofno,deepjeb_3d_2d,XL,torsion::disp_z,43.1403,0.5,1.5458,2,0.1571,3345.5807,1,0.199,0.2079,1,0.0963,0.0019,4,0.0785,0.0032,4,0.0785,74.1602,4,0.0785,0.9214,4,0.0785,0.2803,4,0.0785,0.0815,5,0.0785,0.9502,5.0,0.0765
4,dimension_3d,prediction,regdgcnn,deepjeb_3d_2d,XL,torsion::stress,41.4844,0.5,1.4418,1,0.1553,8954.6574,5,0.199,0.2545,4,0.1011,8.4476,3,0.0884,16.0415,3,0.0884,73.4884,3,0.1011,0.8193,3,0.0884,0.4251,3,0.0884,737.1429,4,0.0897,,,0.0
4,dimension_3d,prediction,pointnet,deepjeb_3d_2d,XL,vertical::disp_x,40.3845,0.5,3.6682,4,0.1533,6477.1581,4,0.182,0.2731,3,0.0925,0.0082,4,0.0787,0.0146,4,0.082,56.2705,4,0.0809,0.9501,4,0.082,0.203,4,0.082,0.3006,4,0.0857,0.989,4.0,0.0809
4,dimension_3d,prediction,geofno,deepjeb_3d_2d,XL,vertical::disp_y,41.7854,0.5,1.5458,2,0.143,3502.659,1,0.1907,0.2165,1,0.0894,0.0049,5,0.0753,0.0083,4,0.0841,81.0008,5,0.0753,0.8478,4,0.0841,0.3897,4,0.0841,0.1699,5,0.0986,0.9702,5.0,0.0753
4,dimension_3d,prediction,pointnet,deepjeb_3d_2d,XL,vertical::disp_z,40.7481,0.5,3.6682,4,0.1499,6477.1581,4,0.1859,0.2731,3,0.0866,0.0143,4,0.0764,0.0246,4,0.0872,49.7881,4,0.0774,0.9538,4,0.0872,0.1727,4,0.0872,0.3329,4,0.0847,0.989,4.0,0.0774
4,dimension_3d,prediction,geofno,deepjeb_3d_2d,XL,vertical::stress,43.2175,0.5,1.5458,2,0.1292,3502.659,1,0.2335,0.2165,1,0.092,36.4219,5,0.0843,54.1935,5,0.0843,86.0917,5,0.0843,0.58,5,0.0843,0.6232,5,0.0843,1421.8097,4,0.1239,,,0.0
4,dimension_3d,prediction,geofno,drivaernet_3d_2d,L,pressure::pressure,40.8809,0.5,1.5454,2,0.2452,278.8813,2,0.1274,0.8146,2,0.088,28.7839,6,0.0916,46.7207,5,0.0867,56.8491,6,0.0916,0.8631,5,0.0867,0.357,5,0.0867,1108.205,4,0.0962,,,0.0
4,dimension_3d,prediction,abupt,drivaernet_3d_2d,L,pv_coupled::pressure,45.6321,0.5,8.7512,6,0.2004,1251.8361,5,0.0859,0.8369,3,0.1835,16.22,4,0.0894,25.9504,3,0.0826,41.6123,4,0.0789,0.9578,3,0.0826,0.1983,3,0.0826,832.7636,1,0.114,,,0.0
4,dimension_3d,prediction,transolver_pp,drivaernet_3d_2d,L,pv_coupled::velocity_x,44.3627,0.5,1.7412,3,0.2282,323.3253,4,0.0635,0.9228,6,0.1781,2.3323,4,0.0594,3.8862,4,0.0594,33.4874,4,0.0594,0.9173,4,0.0594,0.1673,4,0.0594,46.1606,4,0.1739,0.9656,4.0,0.0594
4,dimension_3d,prediction,transolver_pp,drivaernet_3d_2d,L,pv_coupled::velocity_y,45.5868,0.5,1.7412,3,0.1156,323.3253,4,0.0936,0.9228,6,0.1892,0.8064,3,0.0743,1.4629,2,0.0757,102.4497,4,0.0764,0.3339,2,0.0757,0.8113,2,0.0757,18.2161,6,0.1388,0.9656,4.0,0.085
4,dimension_3d,prediction,abupt,drivaernet_3d_2d,L,pv_coupled::velocity_z,44.4033,0.5,8.7512,6,0.2396,1251.8361,5,0.0832,0.8369,3,0.1307,0.9828,4,0.0724,1.6474,4,0.0768,61.9804,3,0.0818,0.8803,4,0.0768,0.3387,4,0.0768,28.3947,2,0.0792,0.9684,3.0,0.0825
4,dimension_3d,prediction,abupt,drivaernet_3d_2d,L,velocity::velocity_x,40.8543,0.5,8.7512,6,0.3054,1173.2981,5,0.0775,0.8363,4,0.0806,2.3839,4,0.072,3.7563,3,0.0715,35.0686,4,0.072,0.9227,3,0.0715,0.1617,3,0.0715,39.5514,2,0.1061,0.966,4.0,0.072
4,dimension_3d,prediction,pointnet,drivaernet_3d_2d,L,velocity::velocity_y,41.8113,0.5,3.6681,4,0.1466,218.0289,1,0.0992,0.7994,1,0.0945,0.8569,5,0.0872,1.5326,5,0.0887,113.6565,5,0.0954,0.2689,5,0.0887,0.8499,5,0.0887,18.0471,4,0.1265,0.9319,5.0,0.0843
4,dimension_3d,prediction,abupt,drivaernet_3d_2d,L,velocity::velocity_z,42.6995,0.5,8.7512,6,0.2684,1173.2981,5,0.0939,0.8363,4,0.0854,1.1223,4,0.0767,1.7994,4,0.0767,66.9591,4,0.0854,0.8572,4,0.0767,0.3699,4,0.0767,30.294,4,0.0835,0.966,4.0,0.0767
4,dimension_3d,prediction,geofno,drivaernet_3d_2d,M,pressure::pressure,46.5288,0.5,1.5454,2,0.3317,179.7896,2,0.0926,0.8161,3,0.1177,36.2133,5,0.0751,55.7021,5,0.0751,65.2574,5,0.0751,0.8054,5,0.0751,0.4257,5,0.0751,1076.8459,5,0.0826,,,0.0
4,dimension_3d,prediction,abupt,drivaernet_3d_2d,M,pv_coupled::pressure,44.345,0.5,8.7512,6,0.2424,728.4571,5,0.1051,0.8377,3,0.1327,19.237,4,0.0808,31.2331,4,0.0808,45.8638,4,0.0808,0.9388,4,0.0808,0.2387,4,0.0808,870.7819,1,0.1158,,,0.0
4,dimension_3d,prediction,transolver_pp,drivaernet_3d_2d,M,pv_coupled::velocity_x,45.2369,0.5,1.7412,3,0.1717,207.2742,4,0.0799,0.9213,6,0.1384,2.4094,2,0.0754,3.9728,4,0.0786,33.6935,1,0.082,0.9136,4,0.0786,0.1711,4,0.0786,53.2696,6,0.1384,0.9642,4.0,0.0786
4,dimension_3d,prediction,abupt,drivaernet_3d_2d,M,pv_coupled::velocity_y,45.4962,0.5,8.7512,6,0.1478,728.4571,5,0.0873,0.8377,3,0.195,0.8155,2,0.0716,1.495,2,0.0716,101.7657,2,0.0818,0.3044,2,0.0716,0.829,2,0.0716,17.1777,3,0.1222,0.9643,3.0,0.0797
4,dimension_3d,prediction,abupt,drivaernet_3d_2d,M,pv_coupled::velocity_z,45.4338,0.5,8.7512,6,0.1657,728.4571,5,0.089,0.8377,3,0.1314,1.0846,4,0.0816,1.7584,4,0.0781,66.5362,4,0.0816,0.8636,4,0.0781,0.3615,4,0.0781,26.2017,1,0.1211,0.9643,3.0,0.0953
4,dimension_3d,prediction,abupt,drivaernet_3d_2d,M,velocity::velocity_x,41.9321,0.5,8.7512,6,0.2161,827.4771,6,0.0798,0.8437,4,0.099,2.3861,1,0.0798,3.7562,1,0.0798,34.1467,1,0.0798,0.9227,1,0.0798,0.1617,1,0.0798,42.0042,2,0.1264,0.9666,1.0,0.0798
4,dimension_3d,prediction,regdgcnn,drivaernet_3d_2d,M,velocity::velocity_y,43.7314,0.5,1.4417,1,0.1534,820.6919,5,0.089,0.924,6,0.1083,0.8357,3,0.0874,1.5416,3,0.0867,99.2823,1,0.1083,0.2603,3,0.0867,0.8549,3,0.0867,18.6047,4,0.1045,0.9655,2.0,0.089
4,dimension_3d,prediction,abupt,drivaernet_3d_2d,M,velocity::velocity_z,45.9779,0.5,8.7512,6,0.1942,827.4771,6,0.0842,0.8437,4,0.1061,1.0264,1,0.0986,1.7058,1,0.0842,64.4576,2,0.0908,0.8716,1,0.0842,0.3507,1,0.0842,28.9,1,0.0895,0.9666,1.0,0.0842
4,dimension_3d,prediction,geofno,drivaernet_3d_2d,S,pressure::pressure,45.7398,0.5,1.5454,2,0.1796,124.9122,3,0.1479,0.8158,2,0.0952,38.9616,5,0.0915,60.7975,5,0.0915,68.1717,4,0.0952,0.7682,5,0.0915,0.4646,5,0.0915,1182.9666,4,0.1159,,,0.0
4,dimension_3d,prediction,geofno,drivaernet_3d_2d,S,pv_coupled::pressure,43.1801,0.5,1.5458,2,0.2373,125.3953,2,0.1107,0.8191,2,0.2048,45.3142,5,0.0715,68.1963,5,0.0715,76.06,5,0.0715,0.7083,5,0.0715,0.5211,5,0.0715,1322.6981,6,0.0895,,,0.0
4,dimension_3d,prediction,regdgcnn,drivaernet_3d_2d,S,pv_coupled::velocity_x,43.0036,0.5,1.4418,1,0.1876,370.6432,6,0.1106,0.9865,6,0.2105,2.7866,2,0.0702,4.3573,2,0.0664,37.1631,2,0.0702,0.896,2,0.0664,0.1876,2,0.0664,49.0479,5,0.0854,0.957,2.0,0.0664
4,dimension_3d,prediction,regdgcnn,drivaernet_3d_2d,S,pv_coupled::velocity_y,43.4078,0.5,1.4418,1,0.115,370.6432,6,0.1637,0.9865,6,0.1222,0.8775,4,0.0785,1.5959,4,0.076,106.776,1,0.1222,0.2073,4,0.076,0.885,4,0.076,18.2102,5,0.0825,0.957,2.0,0.0878
4,dimension_3d,prediction,abupt,drivaernet_3d_2d,S,pv_coupled::velocity_z,43.9307,0.5,8.7512,6,0.2006,346.5929,5,0.1226,0.8346,3,0.1878,1.336,4,0.0706,2.0752,4,0.0706,71.0469,4,0.0664,0.81,4,0.0706,0.4266,4,0.0706,35.7993,4,0.0706,0.9437,3.0,0.0695
4,dimension_3d,prediction,abupt,drivaernet_3d_2d,S,velocity::velocity_x,45.0712,0.5,8.7512,6,0.1457,377.8322,6,0.1102,0.8322,3,0.1211,3.3423,2,0.0722,4.9758,1,0.0711,39.2028,1,0.0699,0.8644,1,0.0711,0.2143,1,0.0711,42.5437,4,0.1954,0.9459,2.0,0.0722
4,dimension_3d,prediction,pointnet,drivaernet_3d_2d,S,velocity::velocity_y,41.0429,0.5,3.6681,4,0.0936,129.1082,4,0.2083,0.8614,4,0.1462,0.9229,5,0.0689,1.643,5,0.0689,122.0132,5,0.1055,0.1598,5,0.0689,0.9112,5,0.0689,18.7959,6,0.0842,0.8701,5.0,0.0868
4,dimension_3d,prediction,abupt,drivaernet_3d_2d,S,velocity::velocity_z,42.9607,0.5,8.7512,6,0.1977,377.8322,6,0.2152,0.8322,3,0.0842,1.333,3,0.0702,2.0772,3,0.0702,72.8138,3,0.0702,0.8097,3,0.0702,0.427,3,0.0702,38.1524,5,0.0775,0.9459,2.0,0.0745
4,dimension_3d,prediction,geofno,drivaernet_3d_2d,XL,pressure::pressure,41.261,0.5,1.5454,2,0.3463,478.042,2,0.1296,0.8162,2,0.0777,28.4127,6,0.0741,47.1928,6,0.0741,55.4939,6,0.0741,0.8603,6,0.0741,0.3606,6,0.0741,1098.9977,5,0.0759,,,0.0
4,dimension_3d,prediction,regdgcnn,drivaernet_3d_2d,XL,pv_coupled::pressure,45.6552,0.5,1.4418,1,0.1212,3124.4563,6,0.1145,0.8819,5,0.2254,14.2968,3,0.0849,22.836,3,0.0849,37.6535,3,0.0849,0.9673,3,0.0849,0.1745,3,0.0849,961.9172,4,0.1145,,,0.0
4,dimension_3d,prediction,abupt,drivaernet_3d_2d,XL,pv_coupled::velocity_x,44.0198,0.5,8.7512,6,0.2098,2304.6267,5,0.0766,0.8362,3,0.1557,1.901,2,0.0731,3.1303,2,0.0731,30.417,2,0.0731,0.9463,2,0.0731,0.1348,2,0.0731,44.4426,5,0.1163,0.9758,1.0,0.076
4,dimension_3d,prediction,pointnet,drivaernet_3d_2d,XL,pv_coupled::velocity_y,42.3799,0.5,3.6682,4,0.1165,343.15,1,0.0927,0.8699,4,0.2131,0.84,5,0.0808,1.5039,5,0.0782,111.431,4,0.0863,0.2961,5,0.0782,0.834,5,0.0782,17.5431,2,0.0982,0.9448,5.0,0.0776
4,dimension_3d,prediction,regdgcnn,drivaernet_3d_2d,XL,pv_coupled::velocity_z,46.2842,0.5,1.4418,1,0.1331,3124.4563,6,0.0902,0.8819,5,0.2048,0.8704,3,0.0789,1.4599,2,0.0789,59.3338,4,0.0832,0.906,2,0.0789,0.3001,2,0.0789,29.8274,3,0.0942,0.9757,2.0,0.0789
4,dimension_3d,prediction,abupt,drivaernet_3d_2d,XL,velocity::velocity_x,45.4854,0.5,8.7512,6,0.1782,2305.9139,5,0.0952,0.8361,4,0.1123,1.8645,1,0.0831,3.013,1,0.0831,30.1179,1,0.0831,0.9503,1,0.0831,0.1297,1,0.0831,37.053,1,0.1155,0.9771,1.0,0.0831
4,dimension_3d,prediction,transolver_pp,drivaernet_3d_2d,XL,velocity::velocity_y,48.6742,0.5,1.741,3,0.1141,565.2989,4,0.1141,0.9229,5,0.128,0.8088,3,0.0847,1.4564,3,0.0929,103.4334,3,0.1029,0.3399,3,0.0929,0.8076,3,0.0929,18.8328,5,0.0873,0.9717,4.0,0.09
4,dimension_3d,prediction,abupt,drivaernet_3d_2d,XL,velocity::velocity_z,44.5373,0.5,8.7512,6,0.1881,2305.9139,5,0.0899,0.8361,4,0.0978,0.8112,1,0.0849,1.4214,1,0.0843,55.9797,1,0.0919,0.9109,1,0.0843,0.2922,1,0.0843,31.7064,4,0.1101,0.9771,1.0,0.0843
5,dimension_3d,prediction,pointnet,deepjeb_3d_2d,L,diagonal::disp_x,40.0,0.5,3.6682,4,0.1851,3179.859,2,0.1128,0.2522,2,0.095,0.0058,4,0.0839,0.0105,5,0.087,66.3656,4,0.0839,0.6308,5,0.087,0.4854,5,0.087,0.1535,4,0.0914,0.9199,5.0,0.087
5,dimension_3d,prediction,pointnet,deepjeb_3d_2d,L,diagonal::disp_y,40.0,0.5,3.6682,4,0.1978,3179.859,2,0.0907,0.2522,2,0.102,0.0069,5,0.0882,0.0111,5,0.0848,113.1206,5,0.0882,0.5926,5,0.0848,0.6382,5,0.0848,0.1778,4,0.0907,0.9199,5.0,0.0882
5,dimension_3d,prediction,pointnet,deepjeb_3d_2d,L,diagonal::disp_z,40.0,0.5,3.6682,4,0.1811,3179.859,2,0.0931,0.2522,2,0.1047,0.0164,5,0.0906,0.0255,5,0.087,55.5382,4,0.0918,0.7684,5,0.087,0.3428,5,0.087,0.2711,5,0.087,0.9199,5.0,0.0906
5,dimension_3d,prediction,pointnet,deepjeb_3d_2d,L,diagonal::stress,40.0,0.5,3.6682,4,0.1488,3179.859,2,0.0992,0.2522,2,0.1145,26.4338,5,0.1026,39.7108,5,0.093,81.5393,4,0.0992,0.3056,5,0.093,0.7199,5,0.093,802.6326,4,0.1566,,,0.0
5,dimension_3d,prediction,pointnet,deepjeb_3d_2d,L,horizontal::disp_x,40.0,0.5,3.6682,4,0.1766,3183.5612,3,0.1273,0.2438,3,0.1074,0.0181,4,0.0828,0.0293,4,0.0858,66.1822,4,0.0791,0.8508,4,0.0913,0.3165,4,0.0913,0.4366,4,0.0791,0.9466,4.0,0.0791
5,dimension_3d,prediction,pointnet,deepjeb_3d_2d,L,horizontal::disp_y,40.0,0.5,3.6682,4,0.1698,3183.5612,3,0.1531,0.2438,3,0.1235,0.0043,5,0.0762,0.0065,5,0.0802,114.7954,5,0.0795,0.2894,5,0.0826,0.8376,5,0.0826,0.0876,5,0.0768,0.9466,4.0,0.0758
5,dimension_3d,prediction,pointnet,deepjeb_3d_2d,L,horizontal::disp_z,40.0,0.5,3.6682,4,0.1516,3183.5612,3,0.1439,0.2438,3,0.1194,0.019,5,0.085,0.0304,5,0.0877,76.3274,5,0.0813,0.8449,5,0.0877,0.3668,5,0.0877,0.3673,4,0.0779,0.9466,4.0,0.0779
5,dimension_3d,prediction,pointnet,deepjeb_3d_2d,L,horizontal::stress,40.0,0.5,3.6682,4,0.1479,3183.5612,3,0.1632,0.2438,3,0.1127,43.4805,5,0.0802,62.117,5,0.0877,108.5325,5,0.0802,0.2799,5,0.0877,0.8359,5,0.0877,1195.3733,4,0.1527,,,0.0
5,dimension_3d,prediction,regdgcnn,deepjeb_3d_2d,L,mode_shape_1::mode_x,40.0,0.5,1.4417,1,0.0891,2408.7647,5,0.1393,0.2346,4,0.1217,265.9248,5,0.0829,379.1425,5,0.0829,151.7649,1,0.087,-0.1259,5,0.0829,1.0611,5,0.0827,4564.7524,1,0.0884,0.6276,1.0,0.143
5,dimension_3d,prediction,regdgcnn,deepjeb_3d_2d,L,mode_shape_1::mode_y,40.0,0.5,1.4417,1,0.0926,2408.7647,5,0.1112,0.2346,4,0.111,404.9786,5,0.0893,610.3716,5,0.0876,147.4189,1,0.0893,-0.2222,5,0.0876,1.1055,5,0.0854,7498.7476,5,0.1311,0.6276,1.0,0.1149
5,dimension_3d,prediction,regdgcnn,deepjeb_3d_2d,L,mode_shape_1::mode_z,40.0,0.5,1.4417,1,0.0808,2408.7647,5,0.113,0.2346,4,0.1705,672.5554,5,0.0919,956.0673,5,0.0808,130.3054,1,0.0775,-0.4509,5,0.0808,1.2045,5,0.0772,6363.9092,5,0.0808,0.6276,1.0,0.1464
5,dimension_3d,prediction,geofno,deepjeb_3d_2d,L,mode_shape_2::mode_x,38.0,0.45,1.5457,2,0.0956,881.5006,1,0.1519,0.1884,1,0.1852,252.7739,5,0.079,332.1895,5,0.079,164.6529,1,0.079,-0.0295,5,0.079,1.0146,5,0.079,3864.5073,5,0.0912,0.0334,2.0,0.0812
5,dimension_3d,prediction,regdgcnn,deepjeb_3d_2d,L,mode_shape_2::mode_y,40.0,0.5,1.4417,1,0.098,1660.0483,4,0.1858,0.2339,5,0.1473,270.0371,4,0.0831,460.6551,5,0.0798,159.2574,1,0.0798,-0.0257,5,0.0798,1.0127,5,0.0805,10534.6465,4,0.0843,0.1466,1.0,0.0815
5,dimension_3d,prediction,regdgcnn,deepjeb_3d_2d,L,mode_shape_2::mode_z,38.0,0.45,1.4417,1,0.0838,1660.0483,4,0.1842,0.2339,5,0.1503,690.6241,4,0.0905,934.8583,5,0.0812,162.6053,2,0.0849,-0.0693,5,0.0827,1.0341,5,0.0827,6125.8936,5,0.0838,0.1466,1.0,0.0759
5,dimension_3d,prediction,pointnet,deepjeb_3d_2d,L,torsion::disp_x,40.0,0.5,3.6682,4,0.1532,3108.8859,4,0.2239,0.2515,3,0.1004,0.0041,5,0.0746,0.0082,5,0.0746,73.5507,5,0.0746,0.7839,5,0.0746,0.4648,5,0.0746,0.1388,4,0.0746,0.8807,5.0,0.0746
5,dimension_3d,prediction,pointnet,deepjeb_3d_2d,L,torsion::disp_y,40.0,0.5,3.6682,4,0.1532,3108.8859,4,0.2239,0.2515,3,0.1004,0.0022,5,0.0746,0.0042,5,0.0746,105.2495,5,0.0746,0.889,5,0.0746,0.3322,5,0.0746,0.094,4,0.0746,0.8807,5.0,0.0746
5,dimension_3d,prediction,pointnet,deepjeb_3d_2d,L,torsion::disp_z,40.0,0.5,3.6682,4,0.1632,3108.8859,4,0.2026,0.2515,3,0.0979,0.003,5,0.0763,0.0053,5,0.0763,86.3857,5,0.0763,0.7903,5,0.0763,0.4577,5,0.0763,0.0818,4,0.0783,0.8807,5.0,0.0763
5,dimension_3d,prediction,pointnet,deepjeb_3d_2d,L,torsion::stress,40.0,0.5,3.6682,4,0.2037,3108.8859,4,0.2037,0.2515,3,0.0965,17.2249,5,0.0833,29.0865,5,0.0821,123.0577,5,0.0833,0.4058,5,0.0821,0.7708,5,0.0821,583.9068,1,0.0833,,,0.0
5,dimension_3d,prediction,geofno,deepjeb_3d_2d,L,vertical::disp_x,40.0,0.5,1.5458,2,0.1575,1787.3459,1,0.1982,0.2156,1,0.0903,0.0154,5,0.0788,0.0257,5,0.0778,86.6382,5,0.0788,0.8454,5,0.0778,0.3572,5,0.0778,0.696,5,0.0853,0.926,5.0,0.0778
5,dimension_3d,prediction,geofno,deepjeb_3d_2d,L,vertical::disp_y,40.0,0.5,1.5458,2,0.2221,1787.3459,1,0.12,0.2156,1,0.08,0.0071,5,0.0769,0.0113,5,0.0769,105.8137,5,0.0967,0.7173,5,0.0769,0.5311,5,0.0769,0.2136,5,0.0769,0.926,5.0,0.0967
5,dimension_3d,prediction,geofno,deepjeb_3d_2d,L,vertical::disp_z,40.0,0.5,1.5458,2,0.1749,1787.3459,1,0.1328,0.2156,1,0.0968,0.0256,5,0.0883,0.0395,5,0.0824,73.349,5,0.088,0.8807,5,0.0824,0.2775,5,0.0824,0.8527,5,0.084,0.926,5.0,0.088
5,dimension_3d,prediction,pointnet,deepjeb_3d_2d,L,vertical::stress,40.0,0.5,3.6682,4,0.2013,3235.763,4,0.1483,0.2403,2,0.0867,41.787,4,0.0895,62.8889,4,0.0881,95.1539,4,0.0972,0.4344,4,0.0881,0.7232,4,0.0881,1761.9072,5,0.1127,,,0.0
5,dimension_3d,prediction,geofno,deepjeb_3d_2d,M,diagonal::disp_x,40.0,0.5,1.5458,2,0.2451,804.1954,1,0.0797,0.2135,1,0.0827,0.0093,5,0.0797,0.014,5,0.0797,87.9669,5,0.0919,0.3437,5,0.0797,0.6472,5,0.0797,0.1659,5,0.1018,0.8187,5.0,0.0797
5,dimension_3d,prediction,pointnet,deepjeb_3d_2d,M,diagonal::disp_y,40.0,0.5,3.6682,4,0.1861,1639.227,2,0.0916,0.2534,2,0.0899,0.0098,5,0.0913,0.0173,5,0.0831,185.9747,5,0.1128,0.0001,5,0.0845,0.9999,5,0.0845,0.2357,5,0.0845,0.8618,4.0,0.0916
5,dimension_3d,prediction,geofno,deepjeb_3d_2d,M,diagonal::disp_z,40.0,0.5,1.5458,2,0.2039,804.1954,1,0.087,0.2135,1,0.0839,0.0233,5,0.0839,0.0328,5,0.0839,75.3206,5,0.1098,0.6176,5,0.0839,0.4405,5,0.0839,0.2716,4,0.0927,0.8187,5.0,0.087
5,dimension_3d,prediction,pointnet,deepjeb_3d_2d,M,diagonal::stress,40.0,0.5,3.6682,4,0.1732,1639.227,2,0.107,0.2534,2,0.1011,31.4399,5,0.1011,45.5523,5,0.0957,94.6858,4,0.1347,0.0863,5,0.0957,0.8258,5,0.0957,809.6591,5,0.0957,,,0.0
5,dimension_3d,prediction,pointnet,deepjeb_3d_2d,M,horizontal::disp_x,40.0,0.5,3.6682,4,0.1445,1619.5388,3,0.1375,0.2431,3,0.1225,0.0333,5,0.0841,0.053,5,0.0867,85.3245,5,0.0841,0.5114,5,0.0867,0.5727,5,0.0867,0.6527,4,0.0829,0.7961,5.0,0.0841
5,dimension_3d,prediction,pointnet,deepjeb_3d_2d,M,horizontal::disp_y,40.0,0.5,3.6682,4,0.1932,1619.5388,3,0.1117,0.2431,3,0.1005,0.0049,5,0.0782,0.0076,5,0.0791,139.795,5,0.0866,0.0446,5,0.0791,0.9712,5,0.0791,0.0891,5,0.1058,0.7961,5.0,0.0866
5,dimension_3d,prediction,pointnet,deepjeb_3d_2d,M,horizontal::disp_z,40.0,0.5,3.6682,4,0.1617,1619.5388,3,0.1569,0.2431,3,0.1368,0.0316,5,0.0773,0.0497,5,0.0773,99.0974,5,0.0785,0.5868,5,0.0773,0.5987,5,0.0773,0.6181,5,0.0785,0.7961,5.0,0.0785
5,dimension_3d,prediction,pointnet,deepjeb_3d_2d,M,horizontal::stress,40.0,0.5,3.6682,4,0.2283,1619.5388,3,0.106,0.2431,3,0.1023,53.4845,5,0.0899,71.8951,5,0.0848,156.6088,5,0.0899,0.0353,5,0.0848,0.9675,5,0.0848,1327.7734,4,0.129,,,0.0
5,dimension_3d,prediction,geofno,deepjeb_3d_2d,M,mode_shape_1::mode_x,40.0,0.5,1.5457,2,0.1355,477.9943,1,0.1298,0.1876,1,0.1298,270.938,5,0.082,374.9754,5,0.082,155.6304,1,0.0799,-0.1013,5,0.082,1.0494,5,0.082,4920.9336,5,0.0878,0.133,3.0,0.1093
5,dimension_3d,prediction,regdgcnn,deepjeb_3d_2d,M,mode_shape_1::mode_y,40.0,0.5,1.4417,1,0.0876,1152.3368,4,0.1752,0.2355,4,0.1752,414.7839,5,0.0766,652.5108,5,0.0766,142.1547,1,0.0766,-0.3968,5,0.0766,1.1818,5,0.0766,8022.3779,5,0.0766,0.2764,1.0,0.1022
5,dimension_3d,prediction,regdgcnn,deepjeb_3d_2d,M,mode_shape_1::mode_z,40.0,0.5,1.4417,1,0.0875,1152.3368,4,0.2207,0.2355,4,0.2207,771.2436,5,0.0668,997.6318,5,0.0668,140.5493,1,0.0668,-0.5798,5,0.0668,1.2569,5,0.0668,6066.3262,5,0.0668,0.2764,1.0,0.0705
5,dimension_3d,prediction,geofno,deepjeb_3d_2d,M,mode_shape_2::mode_x,40.0,0.5,1.5457,2,0.0878,454.4052,1,0.1257,0.1889,1,0.1495,257.8844,5,0.0779,337.5102,5,0.0779,159.5813,1,0.0779,-0.0627,5,0.0779,1.0309,5,0.0779,3945.7314,5,0.1537,0.0812,3.0,0.0938
5,dimension_3d,prediction,regdgcnn,deepjeb_3d_2d,M,mode_shape_2::mode_y,40.0,0.5,1.4417,1,0.0851,820.0586,3,0.1776,0.2328,4,0.1636,310.0417,5,0.0797,498.6098,5,0.0797,146.7976,1,0.0797,-0.2016,5,0.0797,1.0962,5,0.0797,10623.3213,4,0.0851,0.0957,2.0,0.0901
5,dimension_3d,prediction,regdgcnn,deepjeb_3d_2d,M,mode_shape_2::mode_z,40.0,0.5,1.4417,1,0.0829,820.0586,3,0.1681,0.2328,4,0.1681,793.0702,5,0.0786,1040.8042,5,0.0786,148.3591,1,0.0917,-0.3254,5,0.0786,1.1513,5,0.0786,6575.752,5,0.0829,0.0957,2.0,0.0917
5,dimension_3d,prediction,pointnet,deepjeb_3d_2d,M,torsion::disp_x,40.0,0.5,3.6682,4,0.1871,1609.8063,4,0.1571,0.2468,3,0.0903,0.0044,5,0.0789,0.0086,5,0.0813,78.7641,4,0.082,0.7644,5,0.0778,0.4854,5,0.0778,0.1334,4,0.0901,0.8715,5.0,0.0778
5,dimension_3d,prediction,pointnet,deepjeb_3d_2d,M,torsion::disp_y,40.0,0.5,3.6682,4,0.205,1609.8063,4,0.1232,0.2468,3,0.0793,0.0024,4,0.0793,0.0044,4,0.0777,108.7927,4,0.1216,0.8793,4,0.0742,0.3463,4,0.0742,0.0954,3,0.0793,0.8715,5.0,0.086
5,dimension_3d,prediction,pointnet,deepjeb_3d_2d,M,torsion::disp_z,40.0,0.5,3.6682,4,0.1777,1609.8063,4,0.1804,0.2468,3,0.088,0.0032,5,0.0816,0.0056,5,0.0788,90.032,4,0.0749,0.7629,5,0.0806,0.4866,5,0.0806,0.0872,4,0.0785,0.8715,5.0,0.0789
5,dimension_3d,prediction,pointnet,deepjeb_3d_2d,M,torsion::stress,40.0,0.5,3.6682,4,0.1851,1609.8063,4,0.1566,0.2468,3,0.1091,17.9049,5,0.0872,29.9406,5,0.0872,126.0409,5,0.0872,0.3703,5,0.0872,0.7935,5,0.0872,587.6424,1,0.1131,,,0.0
5,dimension_3d,prediction,pointnet,deepjeb_3d_2d,M,vertical::disp_x,40.0,0.5,3.6682,4,0.1405,1673.0398,4,0.2022,0.2454,3,0.1218,0.0218,5,0.0782,0.0371,5,0.0756,102.9589,4,0.0753,0.6788,5,0.0782,0.5149,5,0.0782,0.4834,4,0.0753,0.8393,5.0,0.0747
5,dimension_3d,prediction,pointnet,deepjeb_3d_2d,M,vertical::disp_y,40.0,0.5,3.6682,4,0.1615,1673.0398,4,0.1322,0.2454,3,0.0986,0.0086,5,0.0797,0.0136,5,0.0797,113.7608,4,0.0938,0.5913,5,0.0797,0.6386,5,0.0797,0.2085,4,0.0855,0.8393,5.0,0.1097
5,dimension_3d,prediction,pointnet,deepjeb_3d_2d,M,vertical::disp_z,40.0,0.5,3.6682,4,0.1343,1673.0398,4,0.1628,0.2454,3,0.1279,0.0427,5,0.0827,0.0652,5,0.0779,90.9368,5,0.0853,0.675,5,0.0779,0.4581,5,0.0779,0.6257,4,0.0881,0.8393,5.0,0.0853
5,dimension_3d,prediction,pointnet,deepjeb_3d_2d,M,vertical::stress,40.0,0.5,3.6682,4,0.1446,1673.0398,4,0.1762,0.2454,3,0.1375,55.0407,5,0.0842,77.6656,5,0.0842,122.9368,5,0.1007,0.1374,5,0.0842,0.8931,5,0.0842,1862.2133,5,0.1044,,,0.0
5,dimension_3d,prediction,pointnet,deepjeb_3d_2d,S,diagonal::disp_x,40.0,0.5,3.6682,4,0.243,711.9381,3,0.0856,0.2546,3,0.1292,0.0087,4,0.075,0.0147,4,0.075,76.6794,4,0.0779,0.2743,4,0.075,0.6805,4,0.075,0.17,4,0.0893,0.891,4.0,0.075
5,dimension_3d,prediction,pointnet,deepjeb_3d_2d,S,diagonal::disp_y,40.0,0.5,3.6682,4,0.2068,711.9381,3,0.0952,0.2546,3,0.1666,0.0098,5,0.074,0.0173,5,0.074,183.6368,5,0.074,0.0004,5,0.074,0.9997,5,0.074,0.2353,5,0.0845,0.891,4.0,0.0769
5,dimension_3d,prediction,geofno,deepjeb_3d_2d,S,diagonal::disp_z,40.0,0.5,1.5458,2,0.313,333.7859,1,0.0783,0.214,1,0.1189,0.0254,5,0.07,0.0362,5,0.07,77.3528,5,0.07,0.5352,5,0.07,0.4856,5,0.07,0.3445,5,0.07,0.7859,5.0,0.07
5,dimension_3d,prediction,pointnet,deepjeb_3d_2d,S,diagonal::stress,40.0,0.5,3.6682,4,0.2925,711.9381,3,0.09,0.2546,3,0.1361,31.6803,4,0.0791,46.0618,4,0.0791,92.4556,4,0.0791,0.0658,4,0.0791,0.8351,4,0.0791,813.2932,5,0.086,,,0.0
5,dimension_3d,prediction,pointnet,deepjeb_3d_2d,S,horizontal::disp_x,40.0,0.5,3.6682,4,0.2404,694.8508,3,0.0922,0.2437,2,0.0801,0.0337,4,0.0811,0.053,4,0.0811,84.7578,4,0.0811,0.5105,4,0.0811,0.5732,4,0.0811,0.6513,4,0.0909,0.7901,4.0,0.0909
5,dimension_3d,prediction,geofno,deepjeb_3d_2d,S,horizontal::disp_y,40.0,0.5,1.5458,2,0.1452,336.9165,1,0.1256,0.2151,1,0.0968,0.005,4,0.0837,0.0073,4,0.0853,131.4568,4,0.0853,0.1219,4,0.0853,0.9311,4,0.0853,0.0991,5,0.1045,0.6377,5.0,0.1029
5,dimension_3d,prediction,geofno,deepjeb_3d_2d,S,horizontal::disp_z,40.0,0.5,1.5458,2,0.1466,336.9165,1,0.1195,0.2151,1,0.0909,0.0328,4,0.0884,0.0508,4,0.0884,105.2715,5,0.1024,0.5667,4,0.0884,0.613,4,0.0884,0.861,5,0.0909,0.6377,5.0,0.0963
5,dimension_3d,prediction,pointnet,deepjeb_3d_2d,S,horizontal::stress,40.0,0.5,3.6682,4,0.1731,694.8508,3,0.1436,0.2437,2,0.1164,54.2426,5,0.0912,72.4484,5,0.0912,155.2615,5,0.0951,0.0204,5,0.0912,0.9749,5,0.0912,1328.1636,5,0.1071,,,0.0
5,dimension_3d,prediction,regdgcnn,deepjeb_3d_2d,S,mode_shape_1::mode_x,40.0,0.5,1.4417,1,0.0884,367.9374,5,0.1185,0.235,4,0.1532,333.1006,5,0.0826,448.9905,5,0.0826,147.9072,1,0.0826,-0.579,5,0.0826,1.2565,5,0.0826,4452.1099,1,0.1185,0.1763,1.0,0.1083
5,dimension_3d,prediction,regdgcnn,deepjeb_3d_2d,S,mode_shape_1::mode_y,40.0,0.5,1.4417,1,0.0834,367.9374,5,0.151,0.235,4,0.2044,442.1247,5,0.0759,636.107,5,0.0759,146.5409,1,0.081,-0.3274,5,0.0759,1.1521,5,0.073,7234.2178,4,0.0867,0.1763,1.0,0.0926
5,dimension_3d,prediction,regdgcnn,deepjeb_3d_2d,S,mode_shape_1::mode_z,40.0,0.5,1.4417,1,0.0771,367.9374,5,0.1623,0.235,4,0.199,711.8405,5,0.0771,916.0424,5,0.0771,148.3734,1,0.0771,-0.332,5,0.0771,1.1541,5,0.0771,6782.5098,5,0.0949,0.1763,1.0,0.0812
5,dimension_3d,prediction,regdgcnn,deepjeb_3d_2d,S,mode_shape_2::mode_x,40.0,0.5,1.4417,1,0.0902,436.5557,4,0.1617,0.2393,4,0.1617,293.2571,5,0.0733,389.9914,5,0.0733,146.6147,1,0.0744,-0.4189,5,0.0733,1.1912,5,0.0733,3505.488,1,0.1303,0.3158,2.0,0.0885
5,dimension_3d,prediction,regdgcnn,deepjeb_3d_2d,S,mode_shape_2::mode_y,40.0,0.5,1.4417,1,0.0886,436.5557,4,0.1642,0.2393,4,0.1642,310.223,5,0.0682,491.5551,5,0.0682,147.6821,1,0.0682,-0.1679,5,0.0682,1.0807,5,0.0682,10570.8975,2,0.1477,0.3158,2.0,0.0943
5,dimension_3d,prediction,regdgcnn,deepjeb_3d_2d,S,mode_shape_2::mode_z,40.0,0.5,1.4417,1,0.0972,436.5557,4,0.1749,0.2393,4,0.1749,800.112,5,0.075,1104.8839,5,0.075,145.3327,1,0.0761,-0.4936,5,0.075,1.2221,5,0.075,6619.166,5,0.0761,0.3158,2.0,0.1009
5,dimension_3d,prediction,pointnet,deepjeb_3d_2d,S,torsion::disp_x,40.0,0.5,3.6682,4,0.2045,697.9687,3,0.0948,0.2466,4,0.1335,0.0077,5,0.0798,0.0157,5,0.0798,146.6551,5,0.0798,0.2109,5,0.0798,0.8882,5,0.0798,0.1978,4,0.0884,0.4304,5.0,0.0798
5,dimension_3d,prediction,pointnet,deepjeb_3d_2d,S,torsion::disp_y,40.0,0.5,3.6682,4,0.2239,697.9687,3,0.0941,0.2466,4,0.1536,0.0036,5,0.0767,0.0068,5,0.0741,129.9158,5,0.0816,0.709,5,0.0741,0.5378,5,0.0741,0.1079,4,0.0722,0.4304,5.0,0.0756
5,dimension_3d,prediction,pointnet,deepjeb_3d_2d,S,torsion::disp_z,40.0,0.5,3.6682,4,0.2063,697.9687,3,0.097,0.2466,4,0.1407,0.0055,5,0.0794,0.0102,5,0.0775,133.1521,5,0.0775,0.2105,5,0.0775,0.8881,5,0.0775,0.138,5,0.0889,0.4304,5.0,0.0775
5,dimension_3d,prediction,pointnet,deepjeb_3d_2d,S,torsion::stress,40.0,0.5,3.6682,4,0.2139,697.9687,3,0.105,0.2466,4,0.1375,22.4752,5,0.0825,37.3981,5,0.0825,157.0654,5,0.0825,0.0176,5,0.0825,0.9911,5,0.0825,536.9812,1,0.1312,,,0.0
5,dimension_3d,prediction,geofno,deepjeb_3d_2d,S,vertical::disp_x,40.0,0.5,1.5458,2,0.2627,336.6451,1,0.0864,0.2138,1,0.0859,0.0314,5,0.0798,0.0484,5,0.0798,121.9955,5,0.0813,0.4532,5,0.0798,0.6719,5,0.0798,0.6861,5,0.0813,0.6697,5.0,0.0831
5,dimension_3d,prediction,geofno,deepjeb_3d_2d,S,vertical::disp_y,40.0,0.5,1.5458,2,0.2129,336.6451,1,0.1,0.2138,1,0.1023,0.0107,4,0.0815,0.0166,4,0.0815,135.3291,4,0.0896,0.3957,4,0.0815,0.7765,4,0.0815,0.2222,4,0.0815,0.6697,5.0,0.0878
5,dimension_3d,prediction,geofno,deepjeb_3d_2d,S,vertical::disp_z,40.0,0.5,1.5458,2,0.2409,336.6451,1,0.0887,0.2138,1,0.087,0.0556,5,0.0807,0.0798,5,0.0807,102.7944,5,0.0956,0.5132,5,0.0807,0.5606,5,0.0807,0.9222,5,0.0812,0.6697,5.0,0.0837
5,dimension_3d,prediction,pointnet,deepjeb_3d_2d,S,vertical::stress,40.0,0.5,3.6682,4,0.21,704.5667,3,0.1086,0.2383,3,0.1125,60.0262,5,0.0875,82.2099,5,0.0875,131.638,5,0.0875,0.0334,5,0.0875,0.9453,5,0.0875,1878.8756,4,0.1313,,,0.0
5,dimension_3d,prediction,pointnet,deepjeb_3d_2d,XL,diagonal::disp_x,40.0,0.5,3.6682,4,0.1362,6313.3013,4,0.1867,0.2545,3,0.148,0.005,5,0.0762,0.009,5,0.0762,56.7718,4,0.0706,0.7254,5,0.0759,0.4186,5,0.0759,0.1108,3,0.0836,0.9771,4.0,0.0706
5,dimension_3d,prediction,pointnet,deepjeb_3d_2d,XL,diagonal::disp_y,40.0,0.5,3.6682,4,0.1559,6313.3013,4,0.1654,0.2545,3,0.1059,0.0042,4,0.0764,0.0078,5,0.0821,67.4875,4,0.0812,0.7972,5,0.08,0.4502,5,0.08,0.1276,4,0.092,0.9771,4.0,0.0812
5,dimension_3d,prediction,pointnet,deepjeb_3d_2d,XL,diagonal::disp_z,40.0,0.5,3.6682,4,0.1593,6313.3013,4,0.1934,0.2545,3,0.1082,0.0116,5,0.0751,0.0196,5,0.0751,42.7858,4,0.0794,0.8639,5,0.0729,0.2628,5,0.0729,0.2212,5,0.0843,0.9771,4.0,0.0794
5,dimension_3d,prediction,pointnet,deepjeb_3d_2d,XL,diagonal::stress,40.0,0.5,3.6682,4,0.1428,6313.3013,4,0.1518,0.2545,3,0.1388,21.4273,4,0.0867,33.4137,5,0.0899,72.9303,4,0.0823,0.5084,5,0.0899,0.6058,5,0.0899,783.2301,2,0.1278,,,0.0
5,dimension_3d,prediction,pointnet,deepjeb_3d_2d,XL,horizontal::disp_x,40.0,0.5,3.6682,4,0.1777,6297.2846,4,0.172,0.2515,3,0.1185,0.012,4,0.073,0.0232,5,0.0773,49.185,4,0.073,0.9059,5,0.0773,0.2514,5,0.0773,0.4507,4,0.0808,0.9847,4.0,0.073
5,dimension_3d,prediction,pointnet,deepjeb_3d_2d,XL,horizontal::disp_y,40.0,0.5,3.6682,4,0.1992,6297.2846,4,0.1483,0.2515,3,0.1126,0.0027,5,0.0735,0.0044,5,0.0735,81.4427,5,0.0759,0.6799,5,0.0759,0.5621,5,0.0759,0.0829,4,0.0892,0.9847,4.0,0.076
5,dimension_3d,prediction,pointnet,deepjeb_3d_2d,XL,horizontal::disp_z,40.0,0.5,3.6682,4,0.1979,6297.2846,4,0.166,0.2515,3,0.1286,0.012,5,0.0725,0.0222,5,0.0725,55.1714,4,0.0705,0.9171,5,0.0725,0.2682,5,0.0725,0.3813,4,0.0768,0.9847,4.0,0.0705
5,dimension_3d,prediction,pointnet,deepjeb_3d_2d,XL,horizontal::stress,40.0,0.5,3.6682,4,0.1885,6297.2846,4,0.1703,0.2515,3,0.1354,31.8804,5,0.0812,49.8564,5,0.0865,85.2727,5,0.0812,0.5361,5,0.0865,0.6709,5,0.0865,1079.3317,1,0.0838,,,0.0
5,dimension_3d,prediction,regdgcnn,deepjeb_3d_2d,XL,mode_shape_1::mode_x,40.0,0.5,1.4417,1,0.0932,3278.9402,2,0.0969,0.2359,3,0.1373,291.4533,5,0.1119,394.5115,5,0.0991,147.9905,1,0.0932,-0.2191,5,0.091,1.1041,5,0.091,4928.2573,5,0.0932,0.1361,1.0,0.0932
5,dimension_3d,prediction,regdgcnn,deepjeb_3d_2d,XL,mode_shape_1::mode_y,40.0,0.5,1.4417,1,0.0885,3278.9402,2,0.1007,0.2359,3,0.1626,408.7902,5,0.0912,615.2329,5,0.1004,146.1996,1,0.0885,-0.2417,5,0.1013,1.1143,5,0.0869,7560.4238,5,0.0912,0.1361,1.0,0.0885
5,dimension_3d,prediction,regdgcnn,deepjeb_3d_2d,XL,mode_shape_1::mode_z,40.0,0.5,1.4417,1,0.0905,3278.9402,2,0.0978,0.2359,3,0.1378,673.7375,5,0.0905,856.7468,5,0.0905,150.5753,1,0.1123,-0.1651,5,0.0905,1.0794,5,0.0935,5589.9551,4,0.1062,0.1361,1.0,0.0905
5,dimension_3d,prediction,regdgcnn,deepjeb_3d_2d,XL,mode_shape_2::mode_x,40.0,0.5,1.4417,1,0.074,4929.2506,4,0.2184,0.2356,3,0.1352,263.1175,5,0.078,346.8134,5,0.078,155.2544,1,0.078,-0.1221,5,0.074,1.0593,5,0.0764,3851.9412,5,0.0977,0.2917,1.0,0.0904
5,dimension_3d,prediction,regdgcnn,deepjeb_3d_2d,XL,mode_shape_2::mode_y,40.0,0.5,1.4417,1,0.0805,4929.2506,4,0.1563,0.2356,3,0.1344,295.9741,5,0.081,490.1285,5,0.086,152.1406,1,0.086,-0.1611,5,0.0813,1.0775,5,0.0813,10648.9209,5,0.1181,0.2917,1.0,0.0951
5,dimension_3d,prediction,regdgcnn,deepjeb_3d_2d,XL,mode_shape_2::mode_z,40.0,0.5,1.4417,1,0.0769,4929.2506,4,0.2021,0.2356,3,0.1286,742.3019,5,0.0897,1029.0016,5,0.0822,145.9771,1,0.0822,-0.2955,5,0.0767,1.1382,5,0.0767,6824.0908,5,0.087,0.2917,1.0,0.0978
5,dimension_3d,prediction,pointnet,deepjeb_3d_2d,XL,torsion::disp_x,40.0,0.5,3.6682,4,0.1434,6057.0162,4,0.1782,0.2521,3,0.0929,0.0021,4,0.0814,0.0041,4,0.0814,56.5367,4,0.0814,0.9473,4,0.0814,0.2296,4,0.0814,0.0819,4,0.097,0.9623,4.0,0.0814
5,dimension_3d,prediction,pointnet,deepjeb_3d_2d,XL,torsion::disp_y,40.0,0.5,3.6682,4,0.1653,6057.0162,4,0.189,0.2521,3,0.1175,0.0017,5,0.0724,0.0034,5,0.0724,91.6149,5,0.0732,0.9287,5,0.0753,0.2662,5,0.0753,0.1017,5,0.0864,0.9623,4.0,0.0733
5,dimension_3d,prediction,pointnet,deepjeb_3d_2d,XL,torsion::disp_z,40.0,0.5,3.6682,4,0.1571,6057.0162,4,0.199,0.2521,3,0.0963,0.0021,5,0.0785,0.0037,5,0.0785,75.3206,5,0.0785,0.8961,5,0.0785,0.3221,5,0.0785,0.0544,4,0.0785,0.9623,4.0,0.0765
5,dimension_3d,prediction,pointnet,deepjeb_3d_2d,XL,torsion::stress,40.0,0.5,3.6682,4,0.1553,6057.0162,4,0.199,0.2521,3,0.1011,12.0818,4,0.0884,20.601,4,0.0884,100.1504,5,0.1011,0.7019,4,0.0884,0.546,4,0.0884,712.3356,2,0.0897,,,0.0
5,dimension_3d,prediction,geofno,deepjeb_3d_2d,XL,vertical::disp_x,40.0,0.5,1.5458,2,0.1533,3502.659,1,0.182,0.2165,1,0.0925,0.0104,5,0.0787,0.0176,5,0.082,70.6995,5,0.0809,0.9277,5,0.082,0.2442,5,0.082,0.5744,5,0.0857,0.9702,5.0,0.0809
5,dimension_3d,prediction,pointnet,deepjeb_3d_2d,XL,vertical::disp_y,40.0,0.5,3.6682,4,0.143,6477.1581,4,0.1907,0.2731,3,0.0894,0.0045,4,0.0753,0.0086,5,0.0841,70.8006,4,0.0753,0.837,5,0.0841,0.4032,5,0.0841,0.1542,4,0.0986,0.989,4.0,0.0753
5,dimension_3d,prediction,geofno,deepjeb_3d_2d,XL,vertical::disp_z,40.0,0.5,1.5458,2,0.1499,3502.659,1,0.1859,0.2165,1,0.0866,0.0168,5,0.0764,0.0264,5,0.0872,62.2333,5,0.0774,0.9467,5,0.0872,0.1855,5,0.0872,0.5795,5,0.0847,0.9702,5.0,0.0774
5,dimension_3d,prediction,pointnet,deepjeb_3d_2d,XL,vertical::stress,40.0,0.5,3.6682,4,0.1292,6477.1581,4,0.2335,0.2731,3,0.092,34.3419,4,0.0843,52.1704,4,0.0843,83.7185,4,0.0843,0.6108,4,0.0843,0.5999,4,0.0843,1469.4603,5,0.1239,,,0.0
5,dimension_3d,prediction,pointnet,drivaernet_3d_2d,L,pressure::pressure,40.3935,0.5,3.6678,4,0.2452,215.5056,1,0.1274,0.8055,1,0.088,25.2544,5,0.0916,46.7573,6,0.0867,50.7324,5,0.0916,0.8629,6,0.0867,0.3573,6,0.0867,1143.8694,6,0.0962,,,0.0
5,dimension_3d,prediction,pointnet,drivaernet_3d_2d,L,pv_coupled::pressure,40.5239,0.5,3.6682,4,0.2004,221.9117,1,0.0859,0.8631,4,0.1835,28.2368,5,0.0894,49.4357,5,0.0826,55.8399,5,0.0789,0.8467,5,0.0826,0.3778,5,0.0826,1200.1189,6,0.114,,,0.0
5,dimension_3d,prediction,abupt,drivaernet_3d_2d,L,pv_coupled::velocity_x,41.6336,0.5,8.7512,6,0.2282,1251.8361,5,0.0635,0.8369,3,0.1781,2.2822,3,0.0594,3.6475,3,0.0594,33.2973,3,0.0594,0.9271,3,0.0594,0.1571,3,0.0594,48.0672,6,0.1739,0.9684,3.0,0.0594
5,dimension_3d,prediction,pointnet,drivaernet_3d_2d,L,pv_coupled::velocity_y,40.2828,0.5,3.6682,4,0.1156,221.9117,1,0.0936,0.8631,4,0.1892,0.8686,5,0.0743,1.5403,5,0.0757,115.5256,5,0.0764,0.2616,5,0.0757,0.8542,5,0.0757,18.1853,5,0.1388,0.9369,5.0,0.085
5,dimension_3d,prediction,pointnet,drivaernet_3d_2d,L,pv_coupled::velocity_z,40.9497,0.5,3.6682,4,0.2396,221.9117,1,0.0832,0.8631,4,0.1307,1.3854,5,0.0724,2.1209,5,0.0768,74.7048,5,0.0818,0.8016,5,0.0768,0.436,5,0.0768,35.2994,5,0.0792,0.9369,5.0,0.0825
5,dimension_3d,prediction,pointnet,drivaernet_3d_2d,L,velocity::velocity_x,40.5517,0.5,3.6681,4,0.3054,218.0289,1,0.0775,0.7994,1,0.0806,4.0085,5,0.072,5.6551,5,0.0715,43.8528,5,0.072,0.8249,5,0.0715,0.2435,5,0.0715,39.9131,3,0.1061,0.9319,5.0,0.072
5,dimension_3d,prediction,regdgcnn,drivaernet_3d_2d,L,velocity::velocity_y,41.5742,0.5,1.4417,1,0.1466,1597.0078,6,0.0992,0.9245,6,0.0945,0.8149,3,0.0872,1.507,4,0.0887,97.3966,1,0.0954,0.2932,4,0.0887,0.8357,4,0.0887,18.9484,6,0.1265,0.9714,1.0,0.0843
5,dimension_3d,prediction,pointnet,drivaernet_3d_2d,L,velocity::velocity_z,41.1426,0.5,3.6681,4,0.2684,218.0289,1,0.0939,0.7994,1,0.0854,1.4488,5,0.0767,2.2377,5,0.0767,77.01,5,0.0854,0.7791,5,0.0767,0.46,5,0.0767,37.2544,5,0.0835,0.9319,5.0,0.0767
5,dimension_3d,prediction,abupt,drivaernet_3d_2d,M,pressure::pressure,40.9663,0.5,8.7512,6,0.3317,721.5985,5,0.0926,0.8347,4,0.1177,25.2266,4,0.0751,45.2763,4,0.0751,52.9782,4,0.0751,0.8714,4,0.0751,0.346,4,0.0751,1041.8903,4,0.0826,,,0.0
5,dimension_3d,prediction,geofno,drivaernet_3d_2d,M,pv_coupled::pressure,41.751,0.5,1.5458,2,0.2424,182.0765,2,0.1051,0.8185,1,0.1327,38.5807,5,0.0808,60.8294,5,0.0808,70.0163,5,0.0808,0.7679,5,0.0808,0.4648,5,0.0808,1280.6139,6,0.1158,,,0.0
5,dimension_3d,prediction,geofno,drivaernet_3d_2d,M,pv_coupled::velocity_x,42.1046,0.5,1.5458,2,0.1717,182.0765,2,0.0799,0.8185,1,0.1384,5.5607,5,0.0754,7.9832,5,0.0786,51.2719,5,0.082,0.651,5,0.0786,0.3438,5,0.0786,50.1169,5,0.1384,0.8687,5.0,0.0786
5,dimension_3d,prediction,geofno,drivaernet_3d_2d,M,pv_coupled::velocity_y,42.1478,0.5,1.5458,2,0.1478,182.0765,2,0.0873,0.8185,1,0.195,0.9293,5,0.0716,1.6157,5,0.0716,122.3245,5,0.0818,0.1875,5,0.0716,0.896,5,0.0716,17.7689,4,0.1222,0.8687,5.0,0.0797
5,dimension_3d,prediction,geofno,drivaernet_3d_2d,M,pv_coupled::velocity_z,41.8871,0.5,1.5458,2,0.1657,182.0765,2,0.089,0.8185,1,0.1314,1.9587,5,0.0816,2.858,5,0.0781,95.0152,5,0.0816,0.6397,5,0.0781,0.5876,5,0.0781,42.9675,5,0.1211,0.8687,5.0,0.0953
5,dimension_3d,prediction,geofno,drivaernet_3d_2d,M,velocity::velocity_x,40.7851,0.5,1.5457,2,0.2161,182.785,2,0.0798,0.8189,2,0.099,4.9605,5,0.0798,7.2319,5,0.0798,47.0554,5,0.0798,0.7136,5,0.0798,0.3114,5,0.0798,50.3026,6,0.1264,0.8914,5.0,0.0798
5,dimension_3d,prediction,geofno,drivaernet_3d_2d,M,velocity::velocity_y,42.2263,0.5,1.5457,2,0.1534,182.785,2,0.089,0.8189,2,0.1083,0.9194,5,0.0874,1.5888,5,0.0867,122.8433,5,0.1083,0.2143,5,0.0867,0.8811,5,0.0867,18.7245,5,0.1045,0.8914,5.0,0.089
5,dimension_3d,prediction,geofno,drivaernet_3d_2d,M,velocity::velocity_z,42.1021,0.5,1.5457,2,0.1942,182.785,2,0.0842,0.8189,2,0.1061,1.8169,5,0.0986,2.6603,5,0.0842,89.1616,5,0.0908,0.6878,5,0.0842,0.5469,5,0.0842,43.7051,6,0.0895,0.8914,5.0,0.0842
5,dimension_3d,prediction,abupt,drivaernet_3d_2d,S,pressure::pressure,41.5812,0.5,8.7512,6,0.1796,382.1542,6,0.1479,0.8342,4,0.0952,33.3302,4,0.0915,52.6041,4,0.0915,70.3699,5,0.0952,0.8265,4,0.0915,0.402,4,0.0915,1149.0542,3,0.1159,,,0.0
5,dimension_3d,prediction,abupt,drivaernet_3d_2d,S,pv_coupled::pressure,40.904,0.5,8.7512,6,0.2373,346.5929,5,0.1107,0.8346,3,0.2048,28.1756,4,0.0715,49.5673,4,0.0715,54.3686,4,0.0715,0.8459,4,0.0715,0.3788,4,0.0715,1193.4539,4,0.0895,,,0.0
5,dimension_3d,prediction,geofno,drivaernet_3d_2d,S,pv_coupled::velocity_x,42.2855,0.5,1.5458,2,0.1876,125.3953,2,0.1106,0.8191,2,0.2105,6.9645,5,0.0702,9.3799,5,0.0664,59.0558,5,0.0702,0.5182,5,0.0664,0.4039,5,0.0664,44.9706,3,0.0854,0.8217,5.0,0.0664
5,dimension_3d,prediction,geofno,drivaernet_3d_2d,S,pv_coupled::velocity_y,41.3878,0.5,1.5458,2,0.115,125.3953,2,0.1637,0.8191,2,0.1222,0.9698,5,0.0785,1.6757,5,0.076,129.6739,6,0.1222,0.126,5,0.076,0.9293,5,0.076,17.8301,4,0.0825,0.8217,5.0,0.0878
5,dimension_3d,prediction,geofno,drivaernet_3d_2d,S,pv_coupled::velocity_z,41.5843,0.5,1.5458,2,0.2006,125.3953,2,0.1226,0.8191,2,0.1878,2.3544,5,0.0706,3.2553,5,0.0706,102.8294,5,0.0664,0.5326,5,0.0706,0.6692,5,0.0706,39.1111,5,0.0706,0.8217,5.0,0.0695
5,dimension_3d,prediction,pointnet,drivaernet_3d_2d,S,velocity::velocity_x,41.1772,0.5,3.6681,4,0.1457,129.1082,4,0.1102,0.8614,4,0.1211,5.7969,5,0.0722,7.9692,5,0.0711,55.6897,5,0.0699,0.6522,5,0.0711,0.3431,5,0.0711,37.7926,1,0.1954,0.8701,5.0,0.0722
5,dimension_3d,prediction,regdgcnn,drivaernet_3d_2d,S,velocity::velocity_y,40.0897,0.5,1.4417,1,0.0936,354.0156,5,0.2083,0.9192,5,0.1462,0.887,4,0.0689,1.6117,4,0.0689,107.857,1,0.1055,0.1915,4,0.0689,0.8938,4,0.0689,18.626,5,0.0842,0.946,1.0,0.0868
5,dimension_3d,prediction,pointnet,drivaernet_3d_2d,S,velocity::velocity_z,41.1985,0.5,3.6681,4,0.1977,129.1082,4,0.2152,0.8614,4,0.0842,1.9317,5,0.0702,2.8377,5,0.0702,90.3201,5,0.0702,0.6448,5,0.0702,0.5834,5,0.0702,37.4218,4,0.0775,0.8701,5.0,0.0745
5,dimension_3d,prediction,pointnet,drivaernet_3d_2d,XL,pressure::pressure,40.0755,0.5,3.6678,4,0.3463,329.5492,1,0.1296,0.8022,1,0.0777,23.9136,5,0.0741,43.6137,5,0.0741,51.8494,5,0.0741,0.8807,5,0.0741,0.3333,5,0.0741,1161.1945,6,0.0759,,,0.0
5,dimension_3d,prediction,pointnet,drivaernet_3d_2d,XL,pv_coupled::pressure,40.1915,0.5,3.6682,4,0.1212,343.15,1,0.1145,0.8699,4,0.2254,24.7887,5,0.0849,45.8859,5,0.0849,50.8548,5,0.0849,0.868,5,0.0849,0.3506,5,0.0849,1157.646,6,0.1145,,,0.0
5,dimension_3d,prediction,pointnet,drivaernet_3d_2d,XL,pv_coupled::velocity_x,41.0963,0.5,3.6682,4,0.2098,343.15,1,0.0766,0.8699,4,0.1557,3.3633,5,0.0731,5.0811,5,0.0731,38.8814,5,0.0731,0.8586,5,0.0731,0.2188,5,0.0731,43.2822,4,0.1163,0.9448,5.0,0.076
5,dimension_3d,prediction,regdgcnn,drivaernet_3d_2d,XL,pv_coupled::velocity_y,40.0026,0.5,1.4418,1,0.1165,3124.4563,6,0.0927,0.8819,5,0.2131,0.8048,3,0.0808,1.4891,4,0.0782,96.5937,2,0.0863,0.3098,4,0.0782,0.8258,4,0.0782,19.5103,6,0.0982,0.9757,2.0,0.0776
5,dimension_3d,prediction,pointnet,drivaernet_3d_2d,XL,pv_coupled::velocity_z,41.203,0.5,3.6682,4,0.1331,343.15,1,0.0902,0.8699,4,0.2048,1.2582,5,0.0789,1.9882,5,0.0789,69.9164,5,0.0832,0.8256,5,0.0789,0.4088,5,0.0789,33.9917,5,0.0942,0.9448,5.0,0.0789
5,dimension_3d,prediction,pointnet,drivaernet_3d_2d,XL,velocity::velocity_x,41.6357,0.5,3.6681,4,0.1782,332.9639,1,0.0952,0.7975,1,0.1123,3.2748,5,0.0831,4.9869,5,0.0831,39.2633,5,0.0831,0.8638,5,0.0831,0.2147,5,0.0831,40.427,3,0.1155,0.9466,5.0,0.0831
5,dimension_3d,prediction,regdgcnn,drivaernet_3d_2d,XL,velocity::velocity_y,41.3472,0.5,1.4417,1,0.1141,3111.812,6,0.1141,0.9235,6,0.128,0.8107,4,0.0847,1.4992,5,0.0929,98.7196,2,0.1029,0.3005,5,0.0929,0.8314,5,0.0929,18.6427,4,0.0873,0.9741,2.0,0.09
5,dimension_3d,prediction,pointnet,drivaernet_3d_2d,XL,velocity::velocity_z,41.5282,0.5,3.6681,4,0.1881,332.9639,1,0.0899,0.7975,1,0.0978,1.2064,5,0.0849,1.9614,5,0.0843,69.0081,5,0.0919,0.8303,5,0.0843,0.4032,5,0.0843,34.1359,5,0.1101,0.9466,5.0,0.0843
6,dimension_3d,prediction,abupt,drivaernet_3d_2d,L,pressure::pressure,40.0,0.5,8.7512,6,0.2452,1292.6867,5,0.1274,0.8335,4,0.088,19.2502,4,0.0916,30.5533,4,0.0867,45.181,4,0.0916,0.9415,4,0.0867,0.2335,4,0.0867,1016.1168,3,0.0962,,,0.0
6,dimension_3d,prediction,geofno,drivaernet_3d_2d,L,pv_coupled::pressure,40.0,0.5,1.5458,2,0.2004,271.9156,2,0.0859,0.8215,2,0.1835,35.9051,6,0.0894,55.8272,6,0.0826,68.1652,6,0.0789,0.8045,6,0.0826,0.4266,6,0.0826,1120.7068,5,0.114,,,0.0
6,dimension_3d,prediction,geofno,drivaernet_3d_2d,L,pv_coupled::velocity_x,40.0,0.5,1.5458,2,0.2282,271.9156,2,0.0635,0.8215,2,0.1781,5.0467,6,0.0594,7.3633,6,0.0594,47.3455,6,0.0594,0.7031,6,0.0594,0.3171,6,0.0594,47.7888,5,0.1739,0.8884,6.0,0.0594
6,dimension_3d,prediction,geofno,drivaernet_3d_2d,L,pv_coupled::velocity_y,40.0,0.5,1.5458,2,0.1156,271.9156,2,0.0936,0.8215,2,0.1892,0.9016,6,0.0743,1.581,6,0.0757,119.3873,6,0.0764,0.222,6,0.0757,0.8768,6,0.0757,17.5023,3,0.1388,0.8884,6.0,0.085
6,dimension_3d,prediction,geofno,drivaernet_3d_2d,L,pv_coupled::velocity_z,40.0,0.5,1.5458,2,0.2396,271.9156,2,0.0832,0.8215,2,0.1307,1.7433,6,0.0724,2.5787,6,0.0768,84.1154,6,0.0818,0.7067,6,0.0768,0.5301,6,0.0768,36.2495,6,0.0792,0.8884,6.0,0.0825
6,dimension_3d,prediction,geofno,drivaernet_3d_2d,L,velocity::velocity_x,40.0,0.5,1.5457,2,0.3054,271.2914,2,0.0775,0.8173,2,0.0806,5.2094,6,0.072,7.497,6,0.0715,48.9795,6,0.072,0.6922,6,0.0715,0.3228,6,0.0715,46.4062,6,0.1061,0.8848,6.0,0.072
6,dimension_3d,prediction,geofno,drivaernet_3d_2d,L,velocity::velocity_y,40.0,0.5,1.5457,2,0.1466,271.2914,2,0.0992,0.8173,2,0.0945,0.909,6,0.0872,1.581,6,0.0887,119.0444,6,0.0954,0.222,6,0.0887,0.8768,6,0.0887,17.5426,1,0.1265,0.8848,6.0,0.0843
6,dimension_3d,prediction,geofno,drivaernet_3d_2d,L,velocity::velocity_z,40.0,0.5,1.5457,2,0.2684,271.2914,2,0.0939,0.8173,2,0.0854,1.7652,6,0.0767,2.6135,6,0.0767,89.2923,6,0.0854,0.6987,6,0.0767,0.5373,6,0.0767,40.6432,6,0.0835,0.8848,6.0,0.0767
6,dimension_3d,prediction,pointnet,drivaernet_3d_2d,M,pressure::pressure,40.0,0.5,3.6678,4,0.3317,78.6498,1,0.0926,0.7941,1,0.1177,65.9267,6,0.0751,100.0494,6,0.0751,103.6297,6,0.0751,0.3722,6,0.0751,0.7646,6,0.0751,1151.1787,6,0.0826,,,0.0
6,dimension_3d,prediction,pointnet,drivaernet_3d_2d,M,pv_coupled::pressure,40.0,0.5,3.6682,4,0.2424,160.8487,1,0.1051,0.8624,4,0.1327,54.6357,6,0.0808,86.6376,6,0.0808,75.999,6,0.0808,0.5292,6,0.0808,0.6621,6,0.0808,1155.4349,5,0.1158,,,0.0
6,dimension_3d,prediction,pointnet,drivaernet_3d_2d,M,pv_coupled::velocity_x,40.0,0.5,3.6682,4,0.1717,160.8487,1,0.0799,0.8624,4,0.1384,9.7961,6,0.0754,11.8337,6,0.0786,71.5471,6,0.082,0.2332,6,0.0786,0.5095,6,0.0786,43.2702,3,0.1384,0.7247,6.0,0.0786
6,dimension_3d,prediction,pointnet,drivaernet_3d_2d,M,pv_coupled::velocity_y,40.0,0.5,3.6682,4,0.1478,160.8487,1,0.0873,0.8624,4,0.195,0.9945,6,0.0716,1.7348,6,0.0716,124.5219,6,0.0818,0.0632,6,0.0716,0.9621,6,0.0716,19.7236,6,0.1222,0.7247,6.0,0.0797
6,dimension_3d,prediction,pointnet,drivaernet_3d_2d,M,pv_coupled::velocity_z,40.0,0.5,3.6682,4,0.1657,160.8487,1,0.089,0.8624,4,0.1314,2.7852,6,0.0816,3.6345,6,0.0781,124.9742,6,0.0816,0.4173,6,0.0781,0.7472,6,0.0781,43.6427,6,0.1211,0.7247,6.0,0.0953
6,dimension_3d,prediction,pointnet,drivaernet_3d_2d,M,velocity::velocity_x,40.0,0.5,3.6681,4,0.2161,154.1752,1,0.0798,0.8004,1,0.099,8.913,6,0.0798,11.0844,6,0.0798,69.9206,6,0.0798,0.3272,6,0.0798,0.4773,6,0.0798,46.0845,3,0.1264,0.7586,6.0,0.0798
6,dimension_3d,prediction,pointnet,drivaernet_3d_2d,M,velocity::velocity_y,40.0,0.5,3.6681,4,0.1534,154.1752,1,0.089,0.8004,1,0.1083,0.9778,6,0.0874,1.7795,6,0.0867,125.811,6,0.1083,0.0144,6,0.0867,0.9868,6,0.0867,18.9758,6,0.1045,0.7586,6.0,0.089
6,dimension_3d,prediction,pointnet,drivaernet_3d_2d,M,velocity::velocity_z,40.0,0.5,3.6681,4,0.1942,154.1752,1,0.0842,0.8004,1,0.1061,2.4508,6,0.0986,3.3818,6,0.0842,128.7536,6,0.0908,0.4955,6,0.0842,0.6952,6,0.0842,40.8137,5,0.0895,0.7586,6.0,0.0842
6,dimension_3d,prediction,pointnet,drivaernet_3d_2d,S,pressure::pressure,40.0,0.5,3.6678,4,0.1796,66.8545,1,0.1479,0.7981,1,0.0952,80.9888,6,0.0915,108.5314,6,0.0915,114.6721,6,0.0952,0.2613,6,0.0915,0.8294,6,0.0915,1278.3362,6,0.1159,,,0.0
6,dimension_3d,prediction,pointnet,drivaernet_3d_2d,S,pv_coupled::pressure,40.0,0.5,3.6682,4,0.2373,127.8401,3,0.1107,0.8396,4,0.2048,55.3378,6,0.0715,87.2153,6,0.0715,77.3622,6,0.0715,0.523,6,0.0715,0.6665,6,0.0715,1175.2827,3,0.0895,,,0.0
6,dimension_3d,prediction,pointnet,drivaernet_3d_2d,S,pv_coupled::velocity_x,40.0,0.5,3.6682,4,0.1876,127.8401,3,0.1106,0.8396,4,0.2105,9.8514,6,0.0702,11.8872,6,0.0664,71.5307,6,0.0702,0.2262,6,0.0664,0.5119,6,0.0664,42.6374,2,0.0854,0.7223,6.0,0.0664
6,dimension_3d,prediction,pointnet,drivaernet_3d_2d,S,pv_coupled::velocity_y,40.0,0.5,3.6682,4,0.115,127.8401,3,0.1637,0.8396,4,0.1222,0.9928,6,0.0785,1.7387,6,0.076,127.276,5,0.1222,0.0591,6,0.076,0.9642,6,0.076,19.283,6,0.0825,0.7223,6.0,0.0878
6,dimension_3d,prediction,pointnet,drivaernet_3d_2d,S,pv_coupled::velocity_z,40.0,0.5,3.6682,4,0.2006,127.8401,3,0.1226,0.8396,4,0.1878,2.7897,6,0.0706,3.6385,6,0.0706,125.7377,6,0.0664,0.416,6,0.0706,0.748,6,0.0706,43.2616,6,0.0706,0.7223,6.0,0.0695
6,dimension_3d,prediction,geofno,drivaernet_3d_2d,S,velocity::velocity_x,40.0,0.5,1.5457,2,0.1457,126.3013,3,0.1102,0.8158,1,0.1211,6.465,6,0.0722,8.8125,6,0.0711,55.866,6,0.0699,0.5747,6,0.0711,0.3795,6,0.0711,49.0229,6,0.1954,0.8419,6.0,0.0722
6,dimension_3d,prediction,geofno,drivaernet_3d_2d,S,velocity::velocity_y,40.0,0.5,1.5457,2,0.0936,126.3013,3,0.2083,0.8158,1,0.1462,0.9685,6,0.0689,1.6557,6,0.0689,130.9209,6,0.1055,0.1468,6,0.0689,0.9182,6,0.0689,18.5692,4,0.0842,0.8419,6.0,0.0868
6,dimension_3d,prediction,geofno,drivaernet_3d_2d,S,velocity::velocity_z,40.0,0.5,1.5457,2,0.1977,126.3013,3,0.2152,0.8158,1,0.0842,2.2371,6,0.0702,3.0975,6,0.0702,102.6837,6,0.0702,0.5768,6,0.0702,0.6368,6,0.0702,43.5411,6,0.0775,0.8419,6.0,0.0745
6,dimension_3d,prediction,abupt,drivaernet_3d_2d,XL,pressure::pressure,40.0,0.5,8.7512,6,0.3463,2247.042,5,0.1296,0.8351,3,0.0777,15.3501,4,0.0741,25.5165,4,0.0741,40.4649,4,0.0741,0.9592,4,0.0741,0.195,4,0.0741,993.634,4,0.0759,,,0.0
6,dimension_3d,prediction,geofno,drivaernet_3d_2d,XL,pv_coupled::pressure,40.0,0.5,1.5458,2,0.1212,352.1734,2,0.1145,0.8186,2,0.2254,32.0198,6,0.0849,50.0878,6,0.0849,62.8901,6,0.0849,0.8427,6,0.0849,0.3828,6,0.0849,1033.5103,5,0.1145,,,0.0
6,dimension_3d,prediction,geofno,drivaernet_3d_2d,XL,pv_coupled::velocity_x,40.0,0.5,1.5458,2,0.2098,352.1734,2,0.0766,0.8186,2,0.1557,4.2567,6,0.0731,6.3979,6,0.0731,44.1503,6,0.0731,0.7759,6,0.0731,0.2755,6,0.0731,47.5284,6,0.1163,0.9135,6.0,0.076
6,dimension_3d,prediction,geofno,drivaernet_3d_2d,XL,pv_coupled::velocity_y,40.0,0.5,1.5458,2,0.1165,352.1734,2,0.0927,0.8186,2,0.2131,0.8877,6,0.0808,1.5666,6,0.0782,116.1579,6,0.0863,0.2361,6,0.0782,0.8688,6,0.0782,17.4538,1,0.0982,0.9135,6.0,0.0776
6,dimension_3d,prediction,geofno,drivaernet_3d_2d,XL,pv_coupled::velocity_z,40.0,0.5,1.5458,2,0.1331,352.1734,2,0.0902,0.8186,2,0.2048,1.6063,6,0.0789,2.4026,6,0.0789,83.1643,6,0.0832,0.7454,6,0.0789,0.4939,6,0.0789,39.0556,6,0.0942,0.9135,6.0,0.0789
6,dimension_3d,prediction,geofno,drivaernet_3d_2d,XL,velocity::velocity_x,40.0,0.5,1.5457,2,0.1782,408.6842,2,0.0952,0.8181,2,0.1123,4.3742,6,0.0831,6.3722,6,0.0831,46.2095,6,0.0831,0.7777,6,0.0831,0.2744,6,0.0831,48.1601,5,0.1155,0.915,6.0,0.0831
6,dimension_3d,prediction,geofno,drivaernet_3d_2d,XL,velocity::velocity_y,40.0,0.5,1.5457,2,0.1141,408.6842,2,0.1141,0.8181,2,0.128,0.8694,6,0.0847,1.543,6,0.0929,112.1141,6,0.1029,0.259,6,0.0929,0.8557,6,0.0929,17.455,1,0.0873,0.915,6.0,0.09
6,dimension_3d,prediction,geofno,drivaernet_3d_2d,XL,velocity::velocity_z,40.0,0.5,1.5457,2,0.1881,408.6842,2,0.0899,0.8181,2,0.0978,1.5844,6,0.0849,2.3937,6,0.0843,80.9168,6,0.0919,0.7472,6,0.0843,0.4921,6,0.0843,37.4975,6,0.1101,0.915,6.0,0.0843
