{
    "model_parameters": 1741224,
    "training_time_sec": 6619.7428658008575,
    "inference_time_sec": 111.0495936870575,
    "total_generated": 500
}