{
    "model_parameters": 50717992,
    "training_time_sec": 6988.59482216835,
    "inference_time_sec": 13.711100578308105,
    "total_generated": 500
}