{
    "model_parameters": 1441673,
    "training_time_sec": 834.987818479538,
    "inference_time_sec": 110.07138705253601,
    "total_generated": 500
}