{
    "model_parameters": 74984193,
    "training_time_sec": 4608.862261533737,
    "inference_time_sec": 5.449731826782227,
    "total_generated": 500
}