{
    "model_parameters": 74984193,
    "training_time_sec": 4934.816945075989,
    "inference_time_sec": 5.42908501625061,
    "total_generated": 500
}