{
    "model_parameters": 74984193,
    "training_time_sec": 9526.121835947037,
    "inference_time_sec": 7.8227293491363525,
    "total_generated": 500
}