{
    "model_parameters": 23947136,
    "training_time_sec": 2387.4057915210724,
    "inference_time_sec": 18.87142252922058,
    "total_generated": 500
}