{
    "model_parameters": 39089792,
    "training_time_sec": 11094.561675548553,
    "inference_time_sec": 11.758249759674072,
    "total_generated": 500
}