{
    "model_parameters": 1426842,
    "training_time_sec": 16480.594615221024,
    "inference_time_sec": 83.0075831413269,
    "total_generated": 500
}