{
    "model_parameters": 3777993,
    "training_time_sec": 2215.21244096756,
    "inference_time_sec": 68.3298830986023,
    "total_generated": 500
}