{
    "model_parameters": 1741224,
    "training_time_sec": 730.3642225265503,
    "inference_time_sec": 162.58804440498352,
    "total_generated": 500
}