{
    "model_parameters": 1441801,
    "training_time_sec": 9711.989864826202,
    "inference_time_sec": 698.4982743263245,
    "total_generated": 500
}