{
    "model_parameters": 1740967,
    "training_time_sec": 2921.662619829178,
    "inference_time_sec": 102.41826629638672,
    "total_generated": 500
}