{
    "model_parameters": 3778764,
    "training_time_sec": 1402.559847354889,
    "inference_time_sec": 111.99196004867554,
    "total_generated": 500
}