{
    "model_parameters": 8751215,
    "training_time_sec": 1404.314138174057,
    "inference_time_sec": 83.40664935112,
    "total_generated": 500
}