{
    "model_parameters": 23947136,
    "training_time_sec": 1106.1463046073914,
    "inference_time_sec": 8.250490665435791,
    "total_generated": 500
}