{
    "model_parameters": 3668228,
    "training_time_sec": 1885.8047692775726,
    "inference_time_sec": 66.98287796974182,
    "total_generated": 500
}