{
    "model_parameters": 76365057,
    "training_time_sec": 7341.175724029541,
    "inference_time_sec": 19.47672748565674,
    "total_generated": 500
}