{
    "model_parameters": 3668228,
    "training_time_sec": 2654.2249054908752,
    "inference_time_sec": 110.87080311775208,
    "total_generated": 500
}