{
    "model_parameters": 50717992,
    "training_time_sec": 4448.359020471573,
    "inference_time_sec": 10.723543167114258,
    "total_generated": 500
}