{
    "model_parameters": 3778764,
    "training_time_sec": 4198.587288618088,
    "inference_time_sec": 107.51548147201538,
    "total_generated": 500
}