{
    "model_parameters": 1441673,
    "training_time_sec": 4935.809410095215,
    "inference_time_sec": 150.66401648521423,
    "total_generated": 500
}