{
    "model_parameters": 685913,
    "training_time_sec": 11163.834313631058,
    "inference_time_sec": 380.6259603500366,
    "total_generated": 500
}