{
    "model_parameters": 1426842,
    "training_time_sec": 115051.2963912487,
    "inference_time_sec": 85.9618079662323,
    "total_generated": 500
}