{
    "model_parameters": 3668228,
    "training_time_sec": 766.1087155342102,
    "inference_time_sec": 105.98653149604797,
    "total_generated": 500
}