{
    "model_parameters": 1741224,
    "training_time_sec": 7642.187848567963,
    "inference_time_sec": 71.13941359519958,
    "total_generated": 500
}