{
    "model_parameters": 3778764,
    "training_time_sec": 1375.6023244857788,
    "inference_time_sec": 108.18149495124817,
    "total_generated": 500
}