{
    "model_parameters": 3778764,
    "training_time_sec": 2251.7114260196686,
    "inference_time_sec": 107.06011009216309,
    "total_generated": 500
}