Rank,domain,task,model,dataset,size,Group Key,Unified Score,Graph Density,Parameters (M) (Value),Parameters (M) (Rank),Parameters (M) (Weight),Training Time (s) (Value),Training Time (s) (Rank),Training Time (s) (Weight),Inference Time (s) (Value),Inference Time (s) (Rank),Inference Time (s) (Weight),MAE (Value),MAE (Rank),MAE (Weight),RMSE (Value),RMSE (Rank),RMSE (Weight),MAPE (%) (Value),MAPE (%) (Rank),MAPE (%) (Weight),R² (Value),R² (Rank),R² (Weight),Rel-L2 (Value),Rel-L2 (Rank),Rel-L2 (Weight),MAC (Value),MAC (Rank),MAC (Weight),Sign Agree (Value),Sign Agree (Rank),Sign Agree (Weight),Extremal Agree (Value),Extremal Agree (Rank),Extremal Agree (Weight)
1,dimension_3d,prediction,transolver,deepjeb_3d_2d_diagonal,L,displacement+von_mises::displacement::x,100.0,0.35,3.7788,5,0,2779.4536,4,0,0.2551,4,0,0.0033,1,0.125,0.0066,1,0.125,42.4485,1,0.125,0.8527,1,0.125,0.3066,1,0.125,0.989,1.0,0.125,0.9333,1,0.125,0.873,1,0.125
1,dimension_3d,prediction,transolver,deepjeb_3d_2d_diagonal,L,displacement+von_mises::displacement::y,100.0,0.3,3.7788,5,0,2779.4536,4,0,0.2551,4,0,0.0026,1,0.1222,0.0051,2,0.1278,50.7064,1,0.1222,0.9146,2,0.1278,0.2921,2,0.1278,0.989,1.0,0.1222,0.9161,1,0.1278,0.8738,1,0.1222
1,dimension_3d,prediction,transolver,deepjeb_3d_2d_diagonal,L,displacement+von_mises::displacement::z,100.0,0.35,3.7788,5,0,2779.4536,4,0,0.2551,4,0,0.0067,1,0.1189,0.012,2,0.1302,30.6311,1,0.1262,0.9492,2,0.1302,0.1605,2,0.1302,0.989,1.0,0.1189,0.9536,1,0.1262,0.9333,1,0.1189
1,dimension_3d,prediction,transolver,deepjeb_3d_2d_diagonal,L,displacement+von_mises::von_mises,100.0,0.35,3.7788,5,0,2779.4536,4,0,0.2551,4,0,15.339,1,0.142,25.8652,2,0.142,53.038,1,0.1497,0.7054,2,0.142,0.4689,2,0.142,,,0.0,0.8979,1,0.1497,0.6917,1,0.1328
1,dimension_3d,prediction,transolver,deepjeb_3d_2d_diagonal,M,displacement+von_mises::displacement::x,100.0,0.35,3.7788,5,0,1452.2166,4,0,0.2242,3,0,0.0041,2,0.1192,0.0076,2,0.1192,51.5336,1,0.1423,0.8047,2,0.1192,0.3531,2,0.1192,0.9813,2.0,0.1192,0.9124,1,0.1423,0.837,2,0.1192
1,dimension_3d,prediction,regdgcnn,deepjeb_3d_2d_diagonal,M,displacement+von_mises::displacement::y,100.0,0.35,1.4418,1,0,1877.8838,5,0,0.2385,4,0,0.0032,1,0.1182,0.0058,1,0.1156,60.7888,3,0.1384,0.8901,1,0.1199,0.3315,1,0.1199,0.982,1.0,0.1285,0.8998,3,0.1422,0.845,1,0.1173
1,dimension_3d,prediction,transolver,deepjeb_3d_2d_diagonal,M,displacement+von_mises::displacement::z,100.0,0.4,3.7788,5,0,1452.2166,4,0,0.2242,3,0,0.0084,3,0.1174,0.0142,3,0.1174,36.4979,1,0.1333,0.9282,3,0.1174,0.1909,3,0.1174,0.9813,2.0,0.121,0.9471,1,0.1333,0.9109,2,0.143
1,dimension_3d,prediction,regdgcnn,deepjeb_3d_2d_diagonal,M,displacement+von_mises::von_mises,100.0,0.35,1.4418,1,0,1877.8838,5,0,0.2385,4,0,17.2344,1,0.1331,27.3695,1,0.1352,63.3333,3,0.195,0.6702,1,0.1352,0.4962,1,0.1352,,,0.0,0.8743,1,0.1331,0.6457,1,0.1331
1,dimension_3d,prediction,transolver,deepjeb_3d_2d_diagonal,S,displacement+von_mises::displacement::x,100.0,0.35,3.7788,5,0,652.1013,4,0,0.216,3,0,0.005,2,0.1207,0.0091,2,0.1207,57.9885,1,0.1256,0.7222,2,0.1207,0.421,2,0.1207,0.9703,2.0,0.1207,0.8977,1,0.1503,0.8056,2,0.1207
1,dimension_3d,prediction,regdgcnn,deepjeb_3d_2d_diagonal,S,displacement+von_mises::displacement::y,100.0,0.35,1.4418,1,0,779.5511,5,0,0.2102,2,0,0.004,1,0.1237,0.0076,1,0.1237,67.2089,1,0.1237,0.8074,1,0.1237,0.4388,1,0.1237,0.9731,1.0,0.1339,0.8908,1,0.1237,0.7993,1,0.1237
1,dimension_3d,prediction,regdgcnn,deepjeb_3d_2d_diagonal,S,displacement+von_mises::displacement::z,100.0,0.35,1.4418,1,0,779.5511,5,0,0.2102,2,0,0.0099,1,0.1237,0.0168,1,0.1237,41.7256,1,0.1237,0.8999,1,0.1237,0.2254,1,0.1237,0.9731,1.0,0.1237,0.9384,1,0.1237,0.895,2,0.1339
1,dimension_3d,prediction,regdgcnn,deepjeb_3d_2d_diagonal,S,displacement+von_mises::von_mises,100.0,0.3,1.4418,1,0,779.5511,5,0,0.2102,2,0,19.0642,1,0.141,29.5971,1,0.141,68.6505,1,0.141,0.6143,1,0.141,0.5366,1,0.141,,,0.0,0.8635,1,0.1475,0.6109,1,0.1475
1,dimension_3d,prediction,transolver_pp,deepjeb_3d_2d_diagonal,XL,displacement+von_mises::displacement::x,100.0,0.4,1.7412,3,0,5233.0234,3,0,0.207,2,0,0.0028,1,0.123,0.0057,1,0.123,37.7707,1,0.1245,0.8904,1,0.1279,0.2645,1,0.1279,0.992,1.0,0.1245,0.9404,1,0.1245,0.8823,1,0.1245
1,dimension_3d,prediction,transolver_pp,deepjeb_3d_2d_diagonal,XL,displacement+von_mises::displacement::y,100.0,0.35,1.7412,3,0,5233.0234,3,0,0.207,2,0,0.0021,1,0.1213,0.0041,1,0.1247,44.7802,1,0.1245,0.9437,2,0.128,0.2373,2,0.128,0.992,1.0,0.1245,0.9261,1,0.1245,0.8968,2,0.1245
1,dimension_3d,prediction,transolver_pp,deepjeb_3d_2d_diagonal,XL,displacement+von_mises::displacement::z,100.0,0.35,1.7412,3,0,5233.0234,3,0,0.207,2,0,0.0052,1,0.123,0.0098,1,0.123,26.7726,1,0.1245,0.9656,2,0.1279,0.1322,2,0.1279,0.992,1.0,0.1245,0.9576,1,0.1245,0.9363,1,0.1245
1,dimension_3d,prediction,transolver_pp,deepjeb_3d_2d_diagonal,XL,displacement+von_mises::von_mises,100.0,0.3,1.7412,3,0,5233.0234,3,0,0.207,2,0,13.5126,1,0.1424,23.5366,1,0.1402,47.8205,2,0.1543,0.7561,1,0.1402,0.4267,1,0.1402,,,0.0,0.9098,1,0.1424,0.7329,1,0.1402
1,dimension_3d,prediction,transolver_pp,deepjeb_3d_2d_horizontal,L,displacement+von_mises::displacement::x,100.0,0.35,1.7412,3,0,2643.8621,2,0,0.2034,2,0,0.0059,1,0.1194,0.0122,1,0.1222,33.4171,2,0.1237,0.9742,1,0.1319,0.1315,1,0.1319,0.9936,2.0,0.1237,0.9448,2,0.1237,0.9732,2,0.1237
1,dimension_3d,prediction,transolver_pp,deepjeb_3d_2d_horizontal,L,displacement+von_mises::displacement::y,100.0,0.35,1.7412,3,0,2643.8621,2,0,0.2034,2,0,0.0018,1,0.1224,0.0031,1,0.1199,61.287,1,0.1194,0.8378,1,0.127,0.4001,1,0.127,0.9936,2.0,0.1456,0.8857,1,0.1194,0.7741,1,0.1194
1,dimension_3d,prediction,transolver_pp,deepjeb_3d_2d_horizontal,L,displacement+von_mises::displacement::z,100.0,0.35,1.7412,3,0,2643.8621,2,0,0.2034,2,0,0.0064,1,0.1169,0.012,1,0.1278,38.4091,2,0.1221,0.9759,1,0.1278,0.1446,1,0.1278,0.9936,2.0,0.1259,0.9327,2,0.1259,0.9639,2,0.1259
1,dimension_3d,prediction,transolver,deepjeb_3d_2d_horizontal,L,displacement+von_mises::von_mises,100.0,0.35,3.7788,5,0,2788.6327,4,0,0.2589,5,0,21.001,1,0.1419,39.8897,2,0.1441,56.2869,1,0.1419,0.703,2,0.1441,0.5368,2,0.1441,,,0.0,0.8712,1,0.1419,0.685,1,0.1419
1,dimension_3d,prediction,transolver,deepjeb_3d_2d_horizontal,M,displacement+von_mises::displacement::x,100.0,0.35,3.7788,5,0,1458.171,4,0,0.2584,5,0,0.009,3,0.1292,0.0175,3,0.1213,39.8315,1,0.1213,0.9466,3,0.1213,0.1892,3,0.1213,0.9906,1.0,0.1213,0.9375,1,0.1433,0.9726,1,0.1213
1,dimension_3d,prediction,transolver,deepjeb_3d_2d_horizontal,M,displacement+von_mises::displacement::y,100.0,0.35,3.7788,5,0,1458.171,4,0,0.2584,5,0,0.0021,1,0.1192,0.0035,2,0.1249,67.9155,1,0.1333,0.7985,2,0.1249,0.446,2,0.1249,0.9906,1.0,0.1333,0.8715,1,0.1198,0.7435,1,0.1198
1,dimension_3d,prediction,transolver_pp,deepjeb_3d_2d_horizontal,M,displacement+von_mises::displacement::z,100.0,0.35,1.7412,3,0,1343.0296,2,0,0.202,2,0,0.008,1,0.1236,0.0145,1,0.1236,44.3358,1,0.1185,0.9646,1,0.1236,0.1751,1,0.1236,0.9895,2.0,0.1291,0.9213,2,0.1291,0.9595,2,0.1291
1,dimension_3d,prediction,transolver,deepjeb_3d_2d_horizontal,M,displacement+von_mises::von_mises,100.0,0.35,3.7788,5,0,1458.171,4,0,0.2584,5,0,25.3556,1,0.1419,43.4635,2,0.1441,69.8204,1,0.1419,0.6474,2,0.1441,0.5849,2,0.1441,,,0.0,0.8413,1,0.1419,0.6121,1,0.1419
1,dimension_3d,prediction,regdgcnn,deepjeb_3d_2d_horizontal,S,displacement+von_mises::displacement::x,100.0,0.4,1.4418,1,0,772.3909,5,0,0.2188,3,0,0.0107,1,0.1141,0.0217,1,0.1141,49.5989,1,0.1141,0.9177,1,0.1141,0.235,1,0.1141,0.9816,3.0,0.1487,0.9149,1,0.1602,0.9575,2,0.1207
1,dimension_3d,prediction,regdgcnn,deepjeb_3d_2d_horizontal,S,displacement+von_mises::displacement::y,100.0,0.35,1.4418,1,0,772.3909,5,0,0.2188,3,0,0.0026,1,0.1166,0.0041,1,0.1157,80.1222,1,0.1157,0.7206,1,0.1157,0.5253,1,0.1157,0.9816,3.0,0.1894,0.8363,1,0.1157,0.6779,1,0.1157
1,dimension_3d,prediction,transolver_pp,deepjeb_3d_2d_horizontal,S,displacement+von_mises::displacement::z,100.0,0.35,1.7412,3,0,565.7198,2,0,0.2198,4,0,0.0124,2,0.1234,0.0224,2,0.1234,55.2418,1,0.1234,0.916,2,0.1234,0.2699,2,0.1234,0.9825,2.0,0.1276,0.9052,2,0.1276,0.9436,2,0.1276
1,dimension_3d,prediction,regdgcnn,deepjeb_3d_2d_horizontal,S,displacement+von_mises::von_mises,100.0,0.3,1.4418,1,0,772.3909,5,0,0.2188,3,0,29.4711,1,0.141,47.0767,1,0.141,78.3834,1,0.1475,0.5864,1,0.141,0.6335,1,0.141,,,0.0,0.8188,1,0.141,0.5201,1,0.1475
1,dimension_3d,prediction,transolver,deepjeb_3d_2d_horizontal,XL,displacement+von_mises::displacement::x,100.0,0.4,3.7788,5,0,5417.5414,4,0,0.3307,5,0,0.005,2,0.1224,0.0114,2,0.1259,27.9396,1,0.1259,0.9774,2,0.1259,0.1233,2,0.1259,0.9951,2.0,0.1224,0.9573,1,0.1259,0.9792,1,0.1259
1,dimension_3d,prediction,transolver_pp,deepjeb_3d_2d_horizontal,XL,displacement+von_mises::displacement::y,100.0,0.35,1.7412,3,0,5218.3161,2,0,0.197,1,0,0.0015,1,0.1229,0.0028,1,0.1229,55.0622,1,0.1228,0.8708,1,0.1228,0.3572,1,0.1228,0.9953,1.0,0.1262,0.9005,2,0.1335,0.809,1,0.1262
1,dimension_3d,prediction,transolver_pp,deepjeb_3d_2d_horizontal,XL,displacement+von_mises::displacement::z,100.0,0.35,1.7412,3,0,5218.3161,2,0,0.197,1,0,0.005,1,0.1237,0.0103,1,0.1237,33.0966,1,0.1237,0.9823,1,0.1237,0.1238,1,0.1237,0.9953,1.0,0.1237,0.9443,1,0.1237,0.9684,2,0.1344
1,dimension_3d,prediction,transolver,deepjeb_3d_2d_horizontal,XL,displacement+von_mises::von_mises,100.0,0.3,3.7788,5,0,5417.5414,4,0,0.3307,5,0,18.3239,1,0.1419,36.0717,2,0.1441,50.6623,1,0.1419,0.7572,2,0.1441,0.4854,2,0.1441,,,0.0,0.8914,1,0.1419,0.7229,1,0.1419
1,dimension_3d,prediction,transolver_pp,deepjeb_3d_2d_modal,L,mode_shapes::mode_shape_1::x,100.0,0.45,1.7417,3,0,1626.6505,5,0,0.2824,1,0,258.8243,2,0.1166,357.3536,2,0.1166,186.9824,4,0.1166,-0.0003,2,0.1166,1.0001,2,0.1166,0.0072,5.0,0.1307,0.5031,1,0.1284,0.1078,4,0.1576
1,dimension_3d,prediction,transolver,deepjeb_3d_2d_modal,L,mode_shapes::mode_shape_1::y,100.0,0.4,3.7793,5,0,947.2759,4,0,0.2899,3,0,374.0311,1,0.1203,552.0406,1,0.1122,193.6136,4,0.1353,0.0003,1,0.1122,0.9999,1,0.1114,0.0094,4.0,0.1164,0.5048,1,0.1183,0.1467,2,0.174
1,dimension_3d,prediction,regdgcnn,deepjeb_3d_2d_modal,L,mode_shapes::mode_shape_1::z,100.0,0.45,1.4421,1,0,169.8998,2,0,0.283,2,0,649.2122,4,0.0934,809.5224,4,0.0934,160.39,1,0.0985,-0.0402,4,0.0934,1.0199,4,0.0934,0.0666,2.0,0.1003,0.5041,1,0.2121,0.2038,3,0.2155
1,dimension_3d,prediction,pointnet,deepjeb_3d_2d_modal,L,mode_shapes::mode_shape_2::x,100.0,0.5,3.6685,4,0,759.2331,3,0,0.2913,4,0,248.4321,1,0.0948,327.4036,1,0.0948,195.9105,5,0.1026,0.0,1,0.0948,1.0,1,0.0948,0.0012,5.0,0.1081,0.4999,2,0.2206,0.2041,1,0.1897
1,dimension_3d,prediction,transolver,deepjeb_3d_2d_modal,L,mode_shapes::mode_shape_2::y,100.0,0.45,3.7793,5,0,947.2759,4,0,0.2899,3,0,262.8617,2,0.1056,454.9009,2,0.1056,188.7298,4,0.1056,-0.0002,2,0.1056,1.0001,2,0.1056,0.0169,2.0,0.1217,0.503,3,0.126,0.1363,2,0.2244
1,dimension_3d,prediction,transolver,deepjeb_3d_2d_modal,L,mode_shapes::mode_shape_2::z,100.0,0.5,3.7793,5,0,947.2759,4,0,0.2899,3,0,673.8561,2,0.1027,904.0248,1,0.0976,195.7985,4,0.1027,0.0001,1,0.0976,1.0,1,0.0976,0.0169,2.0,0.1715,0.4985,5,0.1877,0.2394,1,0.1425
1,dimension_3d,prediction,transolver,deepjeb_3d_2d_modal,M,mode_shapes::mode_shape_1::x,100.0,0.5,3.7793,5,0,957.21,5,0,0.2907,3,0,260.2759,3,0.0931,358.7544,3,0.0931,175.3623,3,0.1033,-0.0081,3,0.0931,1.004,3,0.0954,0.0892,1.0,0.1239,0.4869,5,0.1226,0.2466,2,0.2756
1,dimension_3d,prediction,transolver_pp,deepjeb_3d_2d_modal,M,mode_shapes::mode_shape_1::y,100.0,0.5,1.7417,3,0,235.778,4,0,0.2799,1,0,374.6174,2,0.117,552.5784,2,0.117,175.5164,4,0.117,-0.0017,2,0.117,1.0008,2,0.117,0.0067,5.0,0.1556,0.5015,1,0.1234,0.3715,1,0.1358
1,dimension_3d,prediction,pointnet,deepjeb_3d_2d_modal,M,mode_shapes::mode_shape_1::z,100.0,0.5,3.6685,4,0,63.5931,1,0,0.3512,5,0,641.773,1,0.0944,794.2018,1,0.0944,187.7956,5,0.1164,-0.0012,1,0.0944,1.0006,1,0.0944,0.012,4.0,0.1251,0.5028,1,0.1725,0.288,1,0.2085
1,dimension_3d,prediction,transolver,deepjeb_3d_2d_modal,M,mode_shapes::mode_shape_2::x,100.0,0.5,3.7793,5,0,957.21,5,0,0.2907,3,0,248.5528,2,0.099,327.5738,2,0.099,185.6591,4,0.1386,-0.0011,2,0.099,1.0005,2,0.099,0.0504,2.0,0.1327,0.5025,1,0.1247,0.166,1,0.2079
1,dimension_3d,prediction,transolver_pp,deepjeb_3d_2d_modal,M,mode_shapes::mode_shape_2::y,100.0,0.5,1.7417,3,0,235.778,4,0,0.2799,1,0,265.3496,3,0.1052,456.6087,3,0.1052,158.3308,1,0.113,-0.0077,3,0.1052,1.0039,3,0.1052,0.0025,4.0,0.1564,0.5034,1,0.113,0.3061,1,0.1968
1,dimension_3d,prediction,transolver,deepjeb_3d_2d_modal,M,mode_shapes::mode_shape_2::z,100.0,0.45,3.7793,5,0,957.21,5,0,0.2907,3,0,674.201,3,0.1083,904.2357,2,0.115,185.8839,4,0.115,-0.0004,2,0.115,1.0002,2,0.115,0.0504,2.0,0.1416,0.4976,4,0.1227,0.2852,1,0.1673
1,dimension_3d,prediction,regdgcnn,deepjeb_3d_2d_modal,S,mode_shapes::mode_shape_1::x,100.0,0.5,1.4421,1,0,73.2771,3,0,0.2823,2,0,270.0243,3,0.0966,371.013,4,0.0997,156.0906,4,0.1365,-0.0782,4,0.0997,1.0383,4,0.0997,0.0299,2.0,0.1362,0.4985,4,0.0996,0.2815,1,0.232
1,dimension_3d,prediction,transolver_pp,deepjeb_3d_2d_modal,S,mode_shapes::mode_shape_1::y,100.0,0.5,1.7417,3,0,318.0501,5,0,0.2803,1,0,375.1642,2,0.1104,552.6558,2,0.1046,172.7587,4,0.1104,-0.002,2,0.1046,1.001,2,0.1046,0.0071,4.0,0.1656,0.5042,1,0.1703,0.1239,4,0.1296
1,dimension_3d,prediction,transolver_pp,deepjeb_3d_2d_modal,S,mode_shapes::mode_shape_1::z,100.0,0.5,1.7417,3,0,318.0501,5,0,0.2803,1,0,644.5459,2,0.1073,800.3707,2,0.1073,164.915,3,0.1194,-0.0168,2,0.1073,1.0083,2,0.1073,0.0071,4.0,0.1575,0.5026,2,0.1175,0.1803,5,0.1763
1,dimension_3d,prediction,transolver_pp,deepjeb_3d_2d_modal,S,mode_shapes::mode_shape_2::x,100.0,0.5,1.7417,3,0,318.0501,5,0,0.2803,1,0,248.4246,1,0.1084,327.5672,2,0.0949,184.6751,4,0.1107,-0.001,2,0.0949,1.0005,2,0.0949,0.1629,2.0,0.1207,0.5045,2,0.2043,0.2938,1,0.1713
1,dimension_3d,prediction,transolver,deepjeb_3d_2d_modal,S,mode_shapes::mode_shape_2::y,100.0,0.5,3.7793,5,0,112.6566,4,0,0.2911,3,0,265.4791,3,0.1042,458.1855,3,0.1042,161.0358,3,0.1042,-0.0147,3,0.1042,1.0073,3,0.1042,0.1028,3.0,0.1496,0.504,1,0.2085,0.3175,1,0.1207
1,dimension_3d,prediction,transolver,deepjeb_3d_2d_modal,S,mode_shapes::mode_shape_2::z,100.0,0.5,3.7793,5,0,112.6566,4,0,0.2911,3,0,680.0192,3,0.0983,912.2773,3,0.0983,163.3934,3,0.0983,-0.0183,3,0.0983,1.0091,3,0.1056,0.1028,3.0,0.1283,0.508,1,0.2444,0.274,3,0.1283
1,dimension_3d,prediction,pointnet,deepjeb_3d_2d_modal,XL,mode_shapes::mode_shape_1::x,100.0,0.45,3.6685,4,0,1343.3551,3,0,0.285,3,0,258.8074,1,0.0884,357.3543,1,0.0884,193.0289,5,0.0884,-0.0003,1,0.0884,1.0001,1,0.0876,0.012,5.0,0.1045,0.5005,3,0.1956,0.2143,1,0.2589
1,dimension_3d,prediction,transolver,deepjeb_3d_2d_modal,XL,mode_shapes::mode_shape_1::y,100.0,0.5,3.7793,5,0,3273.9797,5,0,0.2947,4,0,374.104,2,0.1094,552.0405,2,0.1048,187.1345,3,0.1012,0.0003,1,0.1022,0.9999,1,0.1022,0.0214,3.0,0.1539,0.502,3,0.1529,0.2415,1,0.1735
1,dimension_3d,prediction,transolver_pp,deepjeb_3d_2d_modal,XL,mode_shapes::mode_shape_1::z,100.0,0.5,1.7417,3,0,1931.3587,4,0,0.2829,1,0,642.0856,3,0.1008,794.5664,3,0.1008,190.0559,3,0.1093,-0.0021,3,0.1008,1.001,3,0.1022,0.0766,2.0,0.1227,0.5013,2,0.1217,0.5106,1,0.2416
1,dimension_3d,prediction,transolver,deepjeb_3d_2d_modal,XL,mode_shapes::mode_shape_2::x,100.0,0.5,3.7793,5,0,3273.9797,5,0,0.2947,4,0,248.4515,2,0.0939,327.434,2,0.0939,194.0943,4,0.0939,-0.0002,2,0.0939,1.0001,2,0.0939,0.0385,1.0,0.2146,0.5001,1,0.1156,0.1208,4,0.2003
1,dimension_3d,prediction,geofno,deepjeb_3d_2d_modal,XL,mode_shapes::mode_shape_2::y,100.0,0.5,1.5461,2,0,381.5716,2,0,0.3026,5,0,263.3181,4,0.1015,455.1825,4,0.0998,178.397,2,0.1015,-0.0014,4,0.0981,1.0007,4,0.0981,0.0029,4.0,0.1714,0.5009,1,0.2074,0.1288,5,0.1224
1,dimension_3d,prediction,transolver,deepjeb_3d_2d_modal,XL,mode_shapes::mode_shape_2::z,100.0,0.5,3.7793,5,0,3273.9797,5,0,0.2947,4,0,673.9944,2,0.1041,904.0779,2,0.1041,188.8067,4,0.1011,0.0,1,0.1089,1.0,1,0.1089,0.0385,1.0,0.243,0.4979,4,0.1149,0.3061,2,0.1149
1,dimension_3d,prediction,transolver_pp,deepjeb_3d_2d_torsion,L,displacement+von_mises::displacement::x,100.0,0.35,1.7412,3,0,2538.3008,2,0,0.1877,2,0,0.0013,2,0.1182,0.0027,2,0.1182,44.2744,2,0.1182,0.9763,2,0.1182,0.1539,2,0.1182,0.984,2.0,0.1182,0.9286,1,0.1727,0.9584,2,0.1182
1,dimension_3d,prediction,transolver,deepjeb_3d_2d_torsion,L,displacement+von_mises::displacement::y,100.0,0.35,3.7788,5,0,2674.32,4,0,0.2491,5,0,0.001,1,0.1237,0.0023,1,0.1237,65.6604,1,0.1237,0.9678,1,0.1237,0.1788,1,0.1237,0.986,1.0,0.1237,0.8684,1,0.1339,0.8731,1,0.1237
1,dimension_3d,prediction,transolver,deepjeb_3d_2d_torsion,L,displacement+von_mises::displacement::z,100.0,0.35,3.7788,5,0,2674.32,4,0,0.2491,5,0,0.0011,1,0.1237,0.0021,1,0.1237,49.8754,1,0.1237,0.967,1,0.1237,0.1817,1,0.1237,0.986,1.0,0.1237,0.9159,1,0.1339,0.905,1,0.1237
1,dimension_3d,prediction,transolver,deepjeb_3d_2d_torsion,L,displacement+von_mises::von_mises,100.0,0.35,3.7788,5,0,2674.32,4,0,0.2491,5,0,8.3925,1,0.1441,16.9017,1,0.1419,71.4068,1,0.1441,0.7993,1,0.1419,0.4479,1,0.1419,,,0.0,0.8296,1,0.1419,0.8582,1,0.1441
1,dimension_3d,prediction,transolver,deepjeb_3d_2d_torsion,M,displacement+von_mises::displacement::x,100.0,0.35,3.7788,5,0,1376.9374,3,0,0.2279,5,0,0.0015,1,0.117,0.0031,1,0.1225,46.6542,2,0.1316,0.9702,1,0.1204,0.1726,1,0.1204,0.9778,1.0,0.1169,0.9286,2,0.1316,0.9507,3,0.1396
1,dimension_3d,prediction,transolver,deepjeb_3d_2d_torsion,M,displacement+von_mises::displacement::y,100.0,0.3,3.7788,5,0,1376.9374,3,0,0.2279,5,0,0.0013,1,0.1153,0.0027,1,0.1175,78.5705,3,0.1449,0.954,1,0.1171,0.2138,1,0.1171,0.9778,1.0,0.1243,0.8309,3,0.1449,0.8297,2,0.1189
1,dimension_3d,prediction,transolver,deepjeb_3d_2d_torsion,M,displacement+von_mises::displacement::z,100.0,0.35,3.7788,5,0,1376.9374,3,0,0.2279,5,0,0.0015,1,0.1261,0.0027,1,0.121,60.5101,1,0.1281,0.9457,1,0.1272,0.2328,1,0.1272,0.9778,1.0,0.1212,0.8965,1,0.1281,0.8796,1,0.1212
1,dimension_3d,prediction,regdgcnn,deepjeb_3d_2d_torsion,M,displacement+von_mises::von_mises,100.0,0.3,1.4418,1,0,1775.2088,5,0,0.2031,3,0,9.9089,1,0.1371,17.9429,1,0.1371,84.3131,1,0.1371,0.7739,1,0.1371,0.4755,1,0.1371,,,0.0,0.8053,1,0.164,0.8062,2,0.1506
1,dimension_3d,prediction,regdgcnn,deepjeb_3d_2d_torsion,S,displacement+von_mises::displacement::x,100.0,0.35,1.4418,1,0,720.3761,5,0,0.2032,3,0,0.0018,1,0.1237,0.0037,1,0.1237,52.6514,1,0.1237,0.9562,1,0.1237,0.2092,1,0.1237,0.9663,1.0,0.1237,0.9204,1,0.1237,0.9453,2,0.1339
1,dimension_3d,prediction,transolver,deepjeb_3d_2d_torsion,S,displacement+von_mises::displacement::y,100.0,0.35,3.7788,5,0,622.2652,4,0,0.2087,4,0,0.0016,1,0.1201,0.0033,1,0.12,86.3137,1,0.1266,0.9316,1,0.12,0.2608,1,0.12,0.9653,2.0,0.1352,0.8109,1,0.1383,0.7878,1,0.12
1,dimension_3d,prediction,regdgcnn,deepjeb_3d_2d_torsion,S,displacement+von_mises::displacement::z,100.0,0.35,1.4418,1,0,720.3761,5,0,0.2032,3,0,0.0018,1,0.1271,0.0032,1,0.1247,66.6519,1,0.1247,0.9243,1,0.1247,0.275,1,0.1247,0.9663,1.0,0.1247,0.8809,1,0.1247,0.8532,1,0.1247
1,dimension_3d,prediction,regdgcnn,deepjeb_3d_2d_torsion,S,displacement+von_mises::von_mises,100.0,0.35,1.4418,1,0,720.3761,5,0,0.2032,3,0,11.0013,1,0.1429,19.5217,1,0.1429,91.2197,1,0.1429,0.7323,1,0.1429,0.5174,1,0.1429,,,0.0,0.7773,1,0.1429,0.7841,1,0.1429
1,dimension_3d,prediction,transolver,deepjeb_3d_2d_torsion,XL,displacement+von_mises::displacement::x,100.0,0.35,3.7788,5,0,5214.3823,4,0,0.3108,5,0,0.001,1,0.125,0.0022,1,0.125,35.1759,1,0.125,0.984,1,0.125,0.1266,1,0.125,0.9897,1.0,0.125,0.9468,1,0.125,0.9681,1,0.125
1,dimension_3d,prediction,transolver,deepjeb_3d_2d_torsion,XL,displacement+von_mises::displacement::y,100.0,0.3,3.7788,5,0,5214.3823,4,0,0.3108,5,0,0.0009,1,0.1217,0.002,1,0.1217,57.9934,1,0.1232,0.9744,2,0.1266,0.1596,2,0.1266,0.9897,1.0,0.1267,0.8914,1,0.1267,0.8861,1,0.1267
1,dimension_3d,prediction,transolver,deepjeb_3d_2d_torsion,XL,displacement+von_mises::displacement::z,100.0,0.3,3.7788,5,0,5214.3823,4,0,0.3108,5,0,0.0009,1,0.1238,0.0018,1,0.1238,43.8946,1,0.1238,0.976,1,0.1238,0.155,1,0.1238,0.9897,1.0,0.1271,0.9287,1,0.1271,0.9197,1,0.1271
1,dimension_3d,prediction,transolver,deepjeb_3d_2d_torsion,XL,displacement+von_mises::von_mises,100.0,0.35,3.7788,5,0,5214.3823,4,0,0.3108,5,0,7.3141,1,0.1413,15.6076,1,0.1413,61.6247,1,0.1523,0.8289,1,0.1413,0.4136,1,0.1413,,,0.0,0.865,1,0.1413,0.8734,1,0.1413
1,dimension_3d,prediction,transolver_pp,deepjeb_3d_2d_vertical,L,displacement+von_mises::displacement::x,100.0,0.3,1.7412,3,0,2637.771,3,0,0.2161,4,0,0.0054,2,0.125,0.0103,1,0.125,43.0828,2,0.125,0.9751,1,0.125,0.1434,1,0.125,0.9945,1.0,0.125,0.9245,2,0.125,0.9616,2,0.125
1,dimension_3d,prediction,transolver,deepjeb_3d_2d_vertical,L,displacement+von_mises::displacement::y,100.0,0.35,3.7788,5,0,2628.3527,2,0,0.278,5,0,0.0032,2,0.1206,0.0063,2,0.1206,58.8405,2,0.1324,0.9128,2,0.1206,0.295,2,0.1206,0.9941,2.0,0.1324,0.8925,2,0.1324,0.8664,3,0.1206
1,dimension_3d,prediction,transolver_pp,deepjeb_3d_2d_vertical,L,displacement+von_mises::displacement::z,100.0,0.35,1.7412,3,0,2637.771,3,0,0.2161,4,0,0.0104,1,0.1189,0.0187,2,0.1309,37.7853,1,0.1194,0.9734,2,0.1309,0.131,2,0.1309,0.9945,1.0,0.1194,0.9353,2,0.1248,0.9692,2,0.1248
1,dimension_3d,prediction,transolver,deepjeb_3d_2d_vertical,L,displacement+von_mises::von_mises,100.0,0.35,3.7788,5,0,2628.3527,2,0,0.278,5,0,25.4868,1,0.1357,43.1604,2,0.1431,63.2375,2,0.1431,0.7336,2,0.1431,0.4963,2,0.1431,,,0.0,0.8593,2,0.1431,0.6929,1,0.1485
1,dimension_3d,prediction,transolver_pp,deepjeb_3d_2d_vertical,M,displacement+von_mises::displacement::x,100.0,0.35,1.7412,3,0,1344.1831,2,0,0.1975,2,0,0.0068,1,0.1241,0.0126,1,0.1174,50.7516,2,0.1311,0.9632,1,0.1241,0.1743,1,0.1241,0.9914,1.0,0.1171,0.9063,2,0.1311,0.9543,2,0.1311
1,dimension_3d,prediction,regdgcnn,deepjeb_3d_2d_vertical,M,displacement+von_mises::displacement::y,100.0,0.3,1.4418,1,0,1860.8585,5,0,0.2126,4,0,0.0036,1,0.1174,0.0065,1,0.1174,69.2083,3,0.1333,0.9057,1,0.1174,0.3067,1,0.1174,0.9885,3.0,0.143,0.8611,3,0.1333,0.8515,1,0.121
1,dimension_3d,prediction,transolver_pp,deepjeb_3d_2d_vertical,M,displacement+von_mises::displacement::z,100.0,0.35,1.7412,3,0,1344.1831,2,0,0.1975,2,0,0.0118,1,0.1182,0.0206,2,0.1272,44.2589,1,0.1216,0.9675,2,0.1272,0.1449,2,0.1272,0.9914,1.0,0.1216,0.9194,1,0.1216,0.9616,2,0.1354
1,dimension_3d,prediction,regdgcnn,deepjeb_3d_2d_vertical,M,displacement+von_mises::von_mises,100.0,0.35,1.4418,1,0,1860.8585,5,0,0.2126,4,0,28.7323,1,0.139,45.8368,1,0.139,72.5063,2,0.1525,0.6995,1,0.139,0.5271,1,0.139,,,0.0,0.8383,1,0.139,0.6451,1,0.1525
1,dimension_3d,prediction,regdgcnn,deepjeb_3d_2d_vertical,S,displacement+von_mises::displacement::x,100.0,0.35,1.4418,1,0,756.5512,5,0,0.2108,4,0,0.0093,1,0.1165,0.0175,1,0.1165,62.3082,2,0.1191,0.9289,1,0.1165,0.2424,1,0.1165,0.9846,1.0,0.1186,0.8776,3,0.1481,0.9332,3,0.1481
1,dimension_3d,prediction,regdgcnn,deepjeb_3d_2d_vertical,S,displacement+von_mises::displacement::y,100.0,0.35,1.4418,1,0,756.5512,5,0,0.2108,4,0,0.0044,1,0.1208,0.0083,1,0.1208,76.9098,2,0.1285,0.8484,1,0.1208,0.3889,1,0.1208,0.9846,1.0,0.1325,0.8467,2,0.1285,0.804,1,0.1275
1,dimension_3d,prediction,transolver,deepjeb_3d_2d_vertical,S,displacement+von_mises::displacement::z,100.0,0.35,3.7788,5,0,657.209,4,0,0.2703,5,0,0.0176,2,0.1187,0.0317,2,0.1187,52.7843,1,0.1359,0.9233,2,0.1187,0.2225,2,0.1187,0.9845,2.0,0.1226,0.9055,1,0.1359,0.9567,1,0.1307
1,dimension_3d,prediction,regdgcnn,deepjeb_3d_2d_vertical,S,displacement+von_mises::von_mises,100.0,0.3,1.4418,1,0,756.5512,5,0,0.2108,4,0,32.0051,1,0.1429,49.8345,1,0.1429,78.4911,1,0.1429,0.6448,1,0.1429,0.573,1,0.1429,,,0.0,0.8195,1,0.1429,0.6082,1,0.1429
1,dimension_3d,prediction,transolver_pp,deepjeb_3d_2d_vertical,XL,displacement+von_mises::displacement::x,100.0,0.35,1.7412,3,0,5206.3391,2,0,0.2351,4,0,0.0043,1,0.1185,0.009,1,0.1291,37.7233,2,0.1236,0.9811,1,0.1291,0.1249,1,0.1291,0.9963,2.0,0.1236,0.936,2,0.1236,0.9693,2,0.1236
1,dimension_3d,prediction,transolver,deepjeb_3d_2d_vertical,XL,displacement+von_mises::displacement::y,100.0,0.4,3.7788,5,0,5452.8753,3,0,0.4178,5,0,0.0024,1,0.1224,0.0047,1,0.1294,48.9629,1,0.1224,0.9507,1,0.1294,0.2218,1,0.1294,0.9966,1.0,0.1224,0.9141,1,0.1224,0.9068,1,0.1224
1,dimension_3d,prediction,transolver_pp,deepjeb_3d_2d_vertical,XL,displacement+von_mises::displacement::z,100.0,0.35,1.7412,3,0,5206.3391,2,0,0.2351,4,0,0.008,1,0.119,0.0157,1,0.1284,32.9442,2,0.1256,0.9812,1,0.1284,0.1101,1,0.1284,0.9963,2.0,0.1256,0.9441,1,0.1188,0.9741,2,0.1256
1,dimension_3d,prediction,transolver,deepjeb_3d_2d_vertical,XL,displacement+von_mises::von_mises,100.0,0.3,3.7788,5,0,5452.8753,3,0,0.4178,5,0,20.687,1,0.1429,38.7051,1,0.1429,49.5123,1,0.1429,0.7858,1,0.1429,0.4451,1,0.1429,,,0.0,0.8908,1,0.1429,0.7578,1,0.1429
1,dimension_3d,prediction,geotransolver,drivaerml_3d_2d_surface,L,pressure+wall_shear_stress::pressure,100.0,0.3194,29.4907,9,0,31980.0,8,0,0.0963,7,0,11.3231,1,0.1442,20.075,1,0.1389,7.6407,1,0.1442,0.9944,1,0.1389,0.0567,1,0.1389,,,0.0,0.9953,1,0.1511,0.9604,1,0.1439
1,dimension_3d,prediction,geotransolver,drivaerml_3d_2d_surface,L,pressure+wall_shear_stress::wall_shear_stress::x,100.0,0.3333,29.4907,9,0,31980.0,8,0,0.0963,7,0,0.1051,1,0.1237,0.2073,1,0.1258,34.6634,1,0.128,0.99,1,0.1258,0.0864,1,0.1258,0.9896,1.0,0.1198,0.9438,1,0.1296,0.9571,1,0.1214
1,dimension_3d,prediction,geotransolver,drivaerml_3d_2d_surface,L,pressure+wall_shear_stress::wall_shear_stress::y,100.0,0.3611,29.4907,9,0,31980.0,8,0,0.0963,7,0,0.0716,1,0.1305,0.1654,1,0.1223,46.9363,1,0.1296,0.9851,1,0.1223,0.1221,1,0.1223,0.9896,1.0,0.1242,0.9168,1,0.1231,0.9495,1,0.1258
1,dimension_3d,prediction,geotransolver,drivaerml_3d_2d_surface,L,pressure+wall_shear_stress::wall_shear_stress::z,100.0,0.4028,29.4907,9,0,31980.0,8,0,0.0963,7,0,0.0718,1,0.1202,0.1493,1,0.1218,40.9809,1,0.1405,0.9819,1,0.1218,0.1342,1,0.1218,0.9896,1.0,0.1302,0.9331,1,0.1235,0.9342,1,0.1202
1,dimension_3d,prediction,geotransolver,drivaerml_3d_2d_surface,M,pressure+wall_shear_stress::pressure,100.0,0.375,29.4907,9,0,19800.0,8,0,0.0963,7,0,14.4628,1,0.1407,25.7617,1,0.1397,9.5202,1,0.1407,0.9908,1,0.1397,0.0728,1,0.1397,,,0.0,0.9938,1,0.1545,0.9513,1,0.145
1,dimension_3d,prediction,geotransolver,drivaerml_3d_2d_surface,M,pressure+wall_shear_stress::wall_shear_stress::x,100.0,0.4028,29.4907,9,0,19800.0,8,0,0.0963,7,0,0.1322,1,0.1254,0.2554,1,0.126,40.4175,1,0.1254,0.9849,1,0.126,0.1064,1,0.126,0.9837,1.0,0.122,0.9306,1,0.1254,0.9464,1,0.1237
1,dimension_3d,prediction,geotransolver,drivaerml_3d_2d_surface,M,pressure+wall_shear_stress::wall_shear_stress::y,100.0,0.375,29.4907,9,0,19800.0,8,0,0.0963,7,0,0.0931,1,0.1403,0.2138,1,0.123,56.245,1,0.1227,0.9751,1,0.123,0.1579,1,0.123,0.9837,1.0,0.1263,0.891,1,0.1209,0.9333,1,0.1209
1,dimension_3d,prediction,geotransolver,drivaerml_3d_2d_surface,M,pressure+wall_shear_stress::wall_shear_stress::z,100.0,0.3889,29.4907,9,0,19800.0,8,0,0.0963,7,0,0.0906,1,0.1211,0.1845,1,0.1232,48.1291,1,0.1399,0.9724,1,0.1232,0.1658,1,0.1232,0.9837,1.0,0.1266,0.9162,1,0.1216,0.9182,1,0.1211
1,dimension_3d,prediction,geotransolver,drivaerml_3d_2d_surface,S,pressure+wall_shear_stress::pressure,100.0,0.3333,29.4907,9,0,12540.0,8,0,0.0963,8,0,24.9893,1,0.1432,43.7691,1,0.1415,15.0037,1,0.1432,0.9736,1,0.1415,0.1237,1,0.1415,,,0.0,0.9893,1,0.1423,0.9222,1,0.1469
1,dimension_3d,prediction,geotransolver,drivaerml_3d_2d_surface,S,pressure+wall_shear_stress::wall_shear_stress::x,100.0,0.3889,29.4907,9,0,12540.0,8,0,0.0963,8,0,0.2118,1,0.1215,0.3983,1,0.1221,52.8609,1,0.1264,0.9633,1,0.1221,0.1659,1,0.1221,0.9602,1.0,0.1204,0.899,1,0.1462,0.9111,1,0.1191
1,dimension_3d,prediction,geotransolver,drivaerml_3d_2d_surface,S,pressure+wall_shear_stress::wall_shear_stress::y,100.0,0.4167,29.4907,9,0,12540.0,8,0,0.0963,8,0,0.1516,1,0.1347,0.3331,1,0.115,73.3989,1,0.161,0.9395,1,0.115,0.246,1,0.115,0.9602,1.0,0.1197,0.84,1,0.1194,0.8896,1,0.1203
1,dimension_3d,prediction,geotransolver,drivaerml_3d_2d_surface,S,pressure+wall_shear_stress::wall_shear_stress::z,100.0,0.375,29.4907,9,0,12540.0,8,0,0.0963,8,0,0.1442,1,0.1242,0.2935,1,0.1225,63.3305,1,0.1355,0.9301,1,0.1225,0.2638,1,0.1225,0.9602,1.0,0.1217,0.8765,1,0.1284,0.8686,1,0.1225
1,dimension_3d,prediction,geotransolver,drivaerml_3d_2d_surface,XL,pressure+wall_shear_stress::pressure,100.0,0.3333,29.4907,9,0,56280.0,8,0,0.0963,8,0,9.3454,1,0.1426,16.5014,1,0.1415,6.3627,1,0.1415,0.9962,1,0.1415,0.0466,1,0.1415,,,0.0,0.9962,1,0.1415,0.966,1,0.1498
1,dimension_3d,prediction,geotransolver,drivaerml_3d_2d_surface,XL,pressure+wall_shear_stress::wall_shear_stress::x,100.0,0.3611,29.4907,9,0,56280.0,8,0,0.0963,8,0,0.0892,1,0.1242,0.1801,1,0.1242,30.9132,1,0.125,0.9925,1,0.1242,0.075,1,0.1242,0.9925,1.0,0.1242,0.952,1,0.1282,0.9635,1,0.1258
1,dimension_3d,prediction,geotransolver,drivaerml_3d_2d_surface,XL,pressure+wall_shear_stress::wall_shear_stress::y,100.0,0.4028,29.4907,9,0,56280.0,8,0,0.0963,8,0,0.0597,1,0.1288,0.136,1,0.1253,41.4645,1,0.1228,0.9899,1,0.1253,0.1004,1,0.1253,0.9925,1.0,0.1248,0.9304,1,0.1228,0.9576,1,0.1248
1,dimension_3d,prediction,geotransolver,drivaerml_3d_2d_surface,XL,pressure+wall_shear_stress::wall_shear_stress::z,100.0,0.3611,29.4907,9,0,56280.0,8,0,0.0963,8,0,0.0603,1,0.1253,0.1256,1,0.1248,36.1662,1,0.1253,0.9872,1,0.1248,0.1129,1,0.1248,0.9925,1.0,0.1248,0.944,1,0.1253,0.9444,1,0.1248
1,dimension_3d,prediction,geotransolver,drivaerml_3d_3d_volume,L,pressure_coeff+velocity+vorticity::totalpcoeff,100.0,0.3333,29.4925,9,0,17820.0,8,0,0.1014,8,0,0.0283,1,0.1426,0.0497,1,0.1426,16.7457,1,0.1426,0.9902,1,0.1426,0.0939,1,0.1426,,,0.0,0.9806,1,0.1426,0.9275,1,0.1443
1,dimension_3d,prediction,geotransolver,drivaerml_3d_3d_volume,L,pressure_coeff+velocity+vorticity::velocity::x,100.0,0.3611,29.4925,9,0,17820.0,8,0,0.1014,8,0,1.0166,1,0.1245,1.6517,1,0.1245,26.5966,1,0.1245,0.9899,1,0.1245,0.0704,1,0.1245,0.9923,1.0,0.1245,0.9574,1,0.1256,0.9574,1,0.1272
1,dimension_3d,prediction,geotransolver,drivaerml_3d_3d_volume,L,pressure_coeff+velocity+vorticity::velocity::y,100.0,0.3889,29.4925,9,0,17820.0,8,0,0.1014,8,0,0.687,1,0.1241,1.1692,1,0.1241,43.3554,1,0.1268,0.9816,1,0.1241,0.1356,1,0.1241,0.9923,1.0,0.1241,0.9248,1,0.1268,0.9478,1,0.1262
1,dimension_3d,prediction,geotransolver,drivaerml_3d_3d_volume,L,pressure_coeff+velocity+vorticity::velocity::z,100.0,0.3611,29.4925,9,0,17820.0,8,0,0.1014,8,0,0.6008,1,0.1248,1.043,1,0.1248,48.0187,1,0.1248,0.9753,1,0.1248,0.1569,1,0.1248,0.9923,1.0,0.1248,0.9119,1,0.1264,0.923,1,0.1248
1,dimension_3d,prediction,geotransolver,drivaerml_3d_3d_volume,L,pressure_coeff+velocity+vorticity::vorticity::x,100.0,0.375,29.4925,9,0,17820.0,8,0,0.1014,8,0,1.2824,1,0.1369,2.5793,1,0.1386,47.2757,1,0.1376,0.7764,1,0.1386,0.4728,1,0.1386,,,0.0,0.8584,1,0.1369,0.8514,1,0.1727
1,dimension_3d,prediction,geotransolver,drivaerml_3d_3d_volume,L,pressure_coeff+velocity+vorticity::vorticity::y,100.0,0.375,29.4925,9,0,17820.0,8,0,0.1014,8,0,1.1592,1,0.1354,2.5705,1,0.1375,36.9799,1,0.1358,0.8016,1,0.1375,0.4413,1,0.1375,,,0.0,0.8901,1,0.1354,0.8522,1,0.1809
1,dimension_3d,prediction,geotransolver,drivaerml_3d_3d_volume,L,pressure_coeff+velocity+vorticity::vorticity::z,100.0,0.3472,29.4925,9,0,17820.0,8,0,0.1014,8,0,1.1471,1,0.1423,2.4178,1,0.1423,41.1477,1,0.1433,0.8038,1,0.1423,0.4429,1,0.1423,,,0.0,0.8807,1,0.1433,0.8038,1,0.144
1,dimension_3d,prediction,geotransolver,drivaerml_3d_3d_volume,M,pressure_coeff+velocity+vorticity::totalpcoeff,100.0,0.3611,29.4925,9,0,10860.0,8,0,0.1011,8,0,0.034,1,0.1423,0.0595,1,0.1423,19.3215,1,0.1443,0.9859,1,0.1423,0.1125,1,0.1423,,,0.0,0.9764,1,0.1423,0.9191,1,0.1443
1,dimension_3d,prediction,geotransolver,drivaerml_3d_3d_volume,M,pressure_coeff+velocity+vorticity::velocity::x,100.0,0.375,29.4925,9,0,10860.0,8,0,0.1011,8,0,1.2229,1,0.1246,1.988,1,0.1246,29.7941,1,0.1246,0.9853,1,0.1246,0.0847,1,0.1246,0.9887,1.0,0.1246,0.9503,1,0.1262,0.9488,1,0.1262
1,dimension_3d,prediction,geotransolver,drivaerml_3d_3d_volume,M,pressure_coeff+velocity+vorticity::velocity::y,100.0,0.3889,29.4925,9,0,10860.0,8,0,0.1011,8,0,0.8299,1,0.1255,1.4186,1,0.1244,48.4396,1,0.1252,0.9729,1,0.1244,0.1645,1,0.1245,0.9887,1.0,0.1243,0.9116,1,0.1252,0.9343,1,0.1263
1,dimension_3d,prediction,geotransolver,drivaerml_3d_3d_volume,M,pressure_coeff+velocity+vorticity::velocity::z,100.0,0.3611,29.4925,9,0,10860.0,8,0,0.1011,8,0,0.7285,1,0.125,1.2693,1,0.125,52.9041,1,0.125,0.9634,1,0.125,0.1909,1,0.125,0.9887,1.0,0.125,0.9,1,0.125,0.9049,1,0.125
1,dimension_3d,prediction,geotransolver,drivaerml_3d_3d_volume,M,pressure_coeff+velocity+vorticity::vorticity::x,100.0,0.3889,29.4925,9,0,10860.0,8,0,0.1011,8,0,1.4831,1,0.1372,2.8558,1,0.1406,51.7145,1,0.1374,0.7259,1,0.1397,0.5235,1,0.1397,,,0.0,0.8427,1,0.1374,0.8169,1,0.168
1,dimension_3d,prediction,geotransolver,drivaerml_3d_3d_volume,M,pressure_coeff+velocity+vorticity::vorticity::y,100.0,0.3611,29.4925,9,0,10860.0,8,0,0.1011,8,0,1.347,1,0.1408,2.8453,1,0.1412,41.1397,1,0.1408,0.7569,1,0.1412,0.4885,1,0.1412,,,0.0,0.8759,1,0.1408,0.8288,1,0.154
1,dimension_3d,prediction,geotransolver,drivaerml_3d_3d_volume,M,pressure_coeff+velocity+vorticity::vorticity::z,100.0,0.3472,29.4925,9,0,10860.0,8,0,0.1011,8,0,1.3122,1,0.142,2.6729,1,0.142,44.6996,1,0.142,0.7602,1,0.1419,0.4896,1,0.1419,,,0.0,0.8676,1,0.142,0.7701,1,0.1484
1,dimension_3d,prediction,geotransolver,drivaerml_3d_3d_volume,S,pressure_coeff+velocity+vorticity::totalpcoeff,100.0,0.3611,29.4925,9,0,6600.0,8,0,0.1097,8,0,0.0489,1,0.1411,0.0852,1,0.1397,25.519,1,0.1397,0.971,1,0.1397,0.1611,1,0.1397,,,0.0,0.9653,1,0.1428,0.897,1,0.1574
1,dimension_3d,prediction,geotransolver,drivaerml_3d_3d_volume,S,pressure_coeff+velocity+vorticity::velocity::x,100.0,0.375,29.4925,9,0,6600.0,8,0,0.1097,8,0,1.7242,1,0.1163,2.8191,1,0.1163,36.5694,1,0.1163,0.9705,1,0.1163,0.1201,1,0.1163,0.9771,1.0,0.1163,0.9338,1,0.1811,0.928,1,0.1211
1,dimension_3d,prediction,geotransolver,drivaerml_3d_3d_volume,S,pressure_coeff+velocity+vorticity::velocity::y,100.0,0.375,29.4925,9,0,6600.0,8,0,0.1097,8,0,1.1855,1,0.137,2.017,1,0.1221,59.5113,1,0.1221,0.9453,1,0.122,0.2339,1,0.122,0.9771,1.0,0.1294,0.8798,1,0.1221,0.9018,1,0.1234
1,dimension_3d,prediction,geotransolver,drivaerml_3d_3d_volume,S,pressure_coeff+velocity+vorticity::velocity::z,100.0,0.3333,29.4925,9,0,6600.0,8,0,0.1097,8,0,1.0452,1,0.1393,1.8386,1,0.1212,63.865,1,0.1267,0.9232,1,0.1212,0.2765,1,0.1212,0.9771,1.0,0.1212,0.8702,1,0.1262,0.8605,1,0.1228
1,dimension_3d,prediction,geotransolver,drivaerml_3d_3d_volume,S,pressure_coeff+velocity+vorticity::vorticity::x,100.0,0.4167,29.4925,9,0,6600.0,8,0,0.1097,8,0,1.857,1,0.1481,3.3546,1,0.1298,60.3586,1,0.1316,0.6219,1,0.1259,0.6149,1,0.1259,,,0.0,0.8133,1,0.1262,0.7606,1,0.2125
1,dimension_3d,prediction,geotransolver,drivaerml_3d_3d_volume,S,pressure_coeff+velocity+vorticity::vorticity::y,100.0,0.4028,29.4925,9,0,6600.0,8,0,0.1097,8,0,1.6974,1,0.1376,3.3421,1,0.1376,48.6096,1,0.1393,0.6645,1,0.1376,0.5738,1,0.1376,,,0.0,0.8492,1,0.1401,0.7863,1,0.1701
1,dimension_3d,prediction,geotransolver,drivaerml_3d_3d_volume,S,pressure_coeff+velocity+vorticity::vorticity::z,100.0,0.3611,29.4925,9,0,6600.0,8,0,0.1097,8,0,1.6206,1,0.1329,3.0964,1,0.132,51.4507,1,0.1322,0.6782,1,0.132,0.5672,1,0.132,,,0.0,0.8449,1,0.1322,0.7037,1,0.2065
1,dimension_3d,prediction,geotransolver,drivaerml_3d_3d_volume,XL,pressure_coeff+velocity+vorticity::totalpcoeff,100.0,0.3333,29.4925,9,0,32040.0,8,0,0.1007,8,0,0.024,1,0.1428,0.0418,1,0.1425,14.7914,1,0.1445,0.993,1,0.1425,0.0791,1,0.1425,,,0.0,0.9836,1,0.1425,0.9404,1,0.1428
1,dimension_3d,prediction,geotransolver,drivaerml_3d_3d_volume,XL,pressure_coeff+velocity+vorticity::velocity::x,100.0,0.3333,29.4925,9,0,32040.0,8,0,0.1007,8,0,0.8691,1,0.1247,1.4042,1,0.1247,24.0936,1,0.1258,0.9927,1,0.1247,0.0598,1,0.1247,0.9945,1.0,0.1247,0.9627,1,0.1258,0.9636,1,0.1247
1,dimension_3d,prediction,geotransolver,drivaerml_3d_3d_volume,XL,pressure_coeff+velocity+vorticity::velocity::y,100.0,0.3611,29.4925,9,0,32040.0,8,0,0.1007,8,0,0.586,1,0.1251,0.9857,1,0.1246,39.5068,1,0.1265,0.9869,1,0.1246,0.1143,1,0.1246,0.9945,1.0,0.1246,0.9342,1,0.1253,0.9568,1,0.1246
1,dimension_3d,prediction,geotransolver,drivaerml_3d_3d_volume,XL,pressure_coeff+velocity+vorticity::velocity::z,100.0,0.3333,29.4925,9,0,32040.0,8,0,0.1007,8,0,0.5056,1,0.1248,0.8679,1,0.1248,43.8917,1,0.1248,0.9829,1,0.1248,0.1305,1,0.1248,0.9945,1.0,0.1264,0.9215,1,0.1248,0.9364,1,0.1248
1,dimension_3d,prediction,geotransolver,drivaerml_3d_3d_volume,XL,pressure_coeff+velocity+vorticity::vorticity::x,100.0,0.375,29.4925,9,0,32040.0,8,0,0.1007,8,0,1.1406,1,0.1396,2.3613,1,0.1421,44.0833,1,0.1421,0.8126,1,0.1421,0.4329,1,0.1421,,,0.0,0.8708,1,0.1396,0.8723,1,0.1524
1,dimension_3d,prediction,geotransolver,drivaerml_3d_3d_volume,XL,pressure_coeff+velocity+vorticity::vorticity::y,100.0,0.3611,29.4925,9,0,32040.0,8,0,0.1007,8,0,1.021,1,0.14,2.3625,1,0.1425,33.9612,1,0.1421,0.8324,1,0.1425,0.4056,1,0.1425,,,0.0,0.9003,1,0.14,0.8751,1,0.1504
1,dimension_3d,prediction,geotransolver,drivaerml_3d_3d_volume,XL,pressure_coeff+velocity+vorticity::vorticity::z,100.0,0.3611,29.4925,9,0,32040.0,8,0,0.1007,8,0,1.0187,1,0.1429,2.2174,1,0.1429,38.3756,1,0.1429,0.835,1,0.1429,0.4062,1,0.1429,,,0.0,0.8903,1,0.1429,0.832,1,0.1429
1,dimension_3d,prediction,linearno,drivaernet_3d_2d_centerplane,L,pressure+velocity::pressure,100.0,0.3571,3.327,4,0,292.2291,5,0,0.8066,7,0,14.5558,1,0.1352,23.6181,1,0.1344,38.841,1,0.1393,0.965,1,0.1344,0.1805,1,0.1344,,,0.0,0.9427,2,0.1768,0.8836,1,0.1455
1,dimension_3d,prediction,linearno_big,drivaernet_3d_2d_centerplane,L,pressure+velocity::velocity::x,100.0,0.3333,11.0469,7,0,438.9095,6,0,0.7308,3,0,2.038,2,0.1211,3.3462,2,0.1211,31.1465,1,0.1206,0.9387,2,0.1211,0.1441,2,0.1211,0.9729,1.0,0.1206,0.9372,1,0.1206,0.8843,2,0.1538
1,dimension_3d,prediction,transolver,drivaernet_3d_2d_centerplane,L,pressure+velocity::velocity::y,100.0,0.4048,3.7788,6,0,267.9986,3,0,0.7088,2,0,0.7986,3,0.1213,1.4626,3,0.1172,97.5523,1,0.1538,0.3342,3,0.1172,0.8111,3,0.1172,0.9709,4.0,0.1349,0.7539,3,0.1172,0.4546,3,0.1213
1,dimension_3d,prediction,linearno_big,drivaernet_3d_2d_centerplane,L,pressure+velocity::velocity::z,100.0,0.3333,11.0469,7,0,438.9095,6,0,0.7308,3,0,0.9179,1,0.1089,1.5243,1,0.1095,64.8486,5,0.1666,0.8975,1,0.1095,0.3134,1,0.1095,0.9729,1.0,0.1101,0.8484,5,0.1559,0.8511,1,0.1299
1,dimension_3d,prediction,transolver_pp,drivaernet_3d_2d_centerplane,M,pressure+velocity::pressure,100.0,0.3571,1.7412,3,0,174.5358,4,0,0.7758,6,0,16.4837,2,0.1324,27.7642,3,0.1348,40.7959,1,0.1643,0.9517,3,0.1348,0.2122,3,0.1348,,,0.0,0.9387,1,0.1643,0.8623,3,0.1348
1,dimension_3d,prediction,linearno_big,drivaernet_3d_2d_centerplane,M,pressure+velocity::velocity::x,100.0,0.3095,11.0469,7,0,408.1825,6,0,0.7216,3,0,2.0968,1,0.1239,3.563,1,0.1234,32.0888,1,0.1312,0.9305,1,0.1234,0.1534,1,0.1234,0.9697,1.0,0.1234,0.9318,1,0.1275,0.8871,1,0.1239
1,dimension_3d,prediction,transolver,drivaernet_3d_2d_centerplane,M,pressure+velocity::velocity::y,100.0,0.4286,3.7788,6,0,172.7022,3,0,0.7115,2,0,0.8154,1,0.1079,1.4892,1,0.1127,105.3063,2,0.1172,0.3097,1,0.1127,0.8259,1,0.1127,0.9658,4.0,0.1572,0.7298,2,0.1734,0.4362,1,0.1062
1,dimension_3d,prediction,transolver_pp,drivaernet_3d_2d_centerplane,M,pressure+velocity::velocity::z,100.0,0.3571,1.7412,3,0,174.5358,4,0,0.7758,6,0,0.9778,2,0.112,1.665,4,0.112,60.9579,1,0.1542,0.8777,4,0.112,0.3423,4,0.112,0.9642,5.0,0.1193,0.859,2,0.1554,0.8477,1,0.123
1,dimension_3d,prediction,transolver,drivaernet_3d_2d_centerplane,S,pressure+velocity::pressure,100.0,0.3333,3.7788,6,0,111.2667,3,0,0.7105,1,0,20.8744,1,0.1407,34.4148,1,0.1407,46.8952,1,0.1437,0.9257,1,0.1407,0.263,1,0.1407,,,0.0,0.9275,2,0.1476,0.8103,1,0.146
1,dimension_3d,prediction,transolver,drivaernet_3d_2d_centerplane,S,pressure+velocity::velocity::x,100.0,0.3095,3.7788,6,0,111.2667,3,0,0.7105,1,0,2.6245,1,0.1235,4.1224,1,0.1235,35.612,1,0.1258,0.9069,1,0.1235,0.1775,1,0.1235,0.9606,1.0,0.1235,0.9265,1,0.1258,0.8448,1,0.1307
1,dimension_3d,prediction,linearno,drivaernet_3d_2d_centerplane,S,pressure+velocity::velocity::y,100.0,0.4286,3.327,4,0,139.4548,5,0,0.8168,7,0,0.844,1,0.1116,1.5365,3,0.1019,107.0994,2,0.1661,0.2652,3,0.1032,0.8521,3,0.1019,0.9512,4.0,0.1175,0.7486,1,0.1952,0.4088,3,0.1026
1,dimension_3d,prediction,linearno,drivaernet_3d_2d_centerplane,S,pressure+velocity::velocity::z,100.0,0.3571,3.327,4,0,139.4548,5,0,0.8168,7,0,1.1687,3,0.1174,1.8908,4,0.1203,66.393,1,0.1301,0.8423,4,0.1203,0.3887,4,0.1203,0.9512,4.0,0.1338,0.8521,1,0.1247,0.8094,1,0.133
1,dimension_3d,prediction,transolver,drivaernet_3d_2d_centerplane,XL,pressure+velocity::pressure,100.0,0.3571,3.7788,6,0,446.3336,3,0,0.7105,2,0,13.8043,1,0.1374,22.455,2,0.1374,36.9689,1,0.1424,0.9684,2,0.1374,0.1716,2,0.1374,,,0.0,0.9469,1,0.1424,0.8897,1,0.1655
1,dimension_3d,prediction,transolver,drivaernet_3d_2d_centerplane,XL,pressure+velocity::velocity::x,100.0,0.3333,3.7788,6,0,446.3336,3,0,0.7105,2,0,2.051,3,0.1169,3.3684,3,0.1169,31.2189,3,0.1203,0.9379,3,0.1169,0.145,3,0.1169,0.973,4.0,0.1215,0.9362,3,0.1203,0.8916,1,0.1701
1,dimension_3d,prediction,linearno_big,drivaernet_3d_2d_centerplane,XL,pressure+velocity::velocity::y,100.0,0.5,11.0469,7,0,685.1181,6,0,0.7372,3,0,0.7839,2,0.1344,1.4348,2,0.1166,98.3995,3,0.145,0.3593,2,0.1166,0.7957,2,0.1166,0.9762,1.0,0.1201,0.7759,1,0.1353,0.4643,2,0.1153
1,dimension_3d,prediction,regdgcnn,drivaernet_3d_2d_centerplane,XL,pressure+velocity::velocity::z,100.0,0.381,1.4418,1,0,2476.4348,7,0,0.699,1,0,0.8704,3,0.117,1.4599,2,0.1129,59.3338,3,0.1544,0.906,2,0.1129,0.3001,2,0.1129,0.9757,2.0,0.1189,0.8693,1,0.1566,0.8483,3,0.1146
1,dimension_3d,prediction,transolver,drivaernet_3d_2d_surface,L,pressure::pressure,100.0,0.3571,3.7775,6,0,649.8573,3,0,0.1121,4,0,15.8698,1,0.1443,28.4669,1,0.1421,21.2995,1,0.1443,0.9387,1,0.1421,0.1917,1,0.1421,,,,0.9844,1,0.143,0.8765,1,0.1421
1,dimension_3d,prediction,linearno_big,drivaernet_3d_2d_surface,M,pressure::pressure,100.0,0.3571,11.045,7,0,749.4002,6,0,0.1047,1,0,17.2117,1,0.1423,30.7793,1,0.1422,22.6082,1,0.1423,0.9284,1,0.1444,0.2073,1,0.1444,,,,0.9835,1,0.1423,0.8654,1,0.1423
1,dimension_3d,prediction,linearno_big,drivaernet_3d_2d_surface,S,pressure::pressure,100.0,0.3571,11.045,7,0,623.5493,7,0,0.106,1,0,19.9883,1,0.1404,35.7664,1,0.1404,25.5049,1,0.1427,0.9033,1,0.1404,0.2409,1,0.1404,,,,0.9794,1,0.1404,0.8458,1,0.1551
1,dimension_3d,prediction,linearno_big,drivaernet_3d_2d_surface,XL,pressure::pressure,100.0,0.3571,11.045,7,0,1221.3138,5,0,0.1033,1,0,15.052,1,0.1408,27.0858,3,0.14,20.4145,1,0.1476,0.9445,3,0.14,0.1824,3,0.14,,,,0.9857,1,0.1392,0.8829,2,0.1522
2,dimension_3d,prediction,transolver_pp,deepjeb_3d_2d_diagonal,L,displacement+von_mises::displacement::x,96.7768,0.35,1.7412,3,0,2682.03,2,0,0.2573,5,0,0.0034,2,0.125,0.0067,2,0.125,44.1307,2,0.125,0.8475,2,0.125,0.312,2,0.125,0.9872,2.0,0.125,0.9269,2,0.125,0.8573,2,0.125
2,dimension_3d,prediction,regdgcnn,deepjeb_3d_2d_diagonal,L,displacement+von_mises::displacement::y,98.5362,0.3,1.4418,1,0,3731.4653,5,0,0.2087,2,0,0.0028,3,0.1222,0.005,1,0.1278,55.6381,3,0.1222,0.9168,1,0.1278,0.2885,1,0.1278,0.9865,3.0,0.1222,0.9097,2,0.1278,0.861,3,0.1222
2,dimension_3d,prediction,transolver_pp,deepjeb_3d_2d_diagonal,L,displacement+von_mises::displacement::z,97.9498,0.35,1.7412,3,0,2682.03,2,0,0.2573,5,0,0.0068,2,0.1189,0.0124,3,0.1302,31.9399,2,0.1262,0.9453,3,0.1302,0.1665,3,0.1302,0.9872,2.0,0.1189,0.9508,2,0.1262,0.9281,2,0.1189
2,dimension_3d,prediction,transolver_pp,deepjeb_3d_2d_diagonal,L,displacement+von_mises::von_mises,98.8192,0.35,1.7412,3,0,2682.03,2,0,0.2573,5,0,15.633,2,0.142,26.0759,3,0.142,54.0775,2,0.1497,0.7006,3,0.142,0.4727,3,0.142,,,0.0,0.8952,2,0.1497,0.6811,3,0.1328
2,dimension_3d,prediction,regdgcnn,deepjeb_3d_2d_diagonal,M,displacement+von_mises::displacement::x,98.9806,0.35,1.4418,1,0,1877.8838,5,0,0.2385,4,0,0.004,1,0.1192,0.0075,1,0.1192,53.2516,3,0.1423,0.8113,1,0.1192,0.347,1,0.1192,0.982,1.0,0.1192,0.903,3,0.1423,0.8389,1,0.1192
2,dimension_3d,prediction,transolver,deepjeb_3d_2d_diagonal,M,displacement+von_mises::displacement::y,99.1236,0.35,3.7788,5,0,1452.2166,4,0,0.2242,3,0,0.0032,1,0.1182,0.0065,2,0.1156,58.4834,1,0.1384,0.8596,3,0.1199,0.3746,3,0.1199,0.9813,2.0,0.1285,0.9018,2,0.1422,0.8313,2,0.1173
2,dimension_3d,prediction,transolver_pp,deepjeb_3d_2d_diagonal,M,displacement+von_mises::displacement::z,54.9875,0.4,1.7412,3,0,1387.8267,2,0,0.2518,5,0,0.0082,2,0.1174,0.014,2,0.1174,36.7795,2,0.1333,0.9307,2,0.1174,0.1875,2,0.1174,0.9807,3.0,0.121,0.9429,2,0.1333,0.9119,1,0.143
2,dimension_3d,prediction,transolver,deepjeb_3d_2d_diagonal,M,displacement+von_mises::von_mises,97.5775,0.35,3.7788,5,0,1452.2166,4,0,0.2242,3,0,18.2708,2,0.1331,29.4004,3,0.1352,61.8716,1,0.195,0.6194,3,0.1352,0.533,3,0.1352,,,0.0,0.8743,2,0.1331,0.6228,2,0.1331
2,dimension_3d,prediction,regdgcnn,deepjeb_3d_2d_diagonal,S,displacement+von_mises::displacement::x,94.9776,0.35,1.4418,1,0,779.5511,5,0,0.2102,2,0,0.0049,1,0.1207,0.009,1,0.1207,58.5747,2,0.1256,0.7273,1,0.1207,0.4172,1,0.1207,0.9731,1.0,0.1207,0.885,3,0.1503,0.8081,1,0.1207
2,dimension_3d,prediction,transolver,deepjeb_3d_2d_diagonal,S,displacement+von_mises::displacement::y,97.911,0.35,3.7788,5,0,652.1013,4,0,0.216,3,0,0.0043,2,0.1237,0.008,2,0.1237,68.9483,2,0.1237,0.7846,2,0.1237,0.4641,2,0.1237,0.9703,2.0,0.1339,0.8877,2,0.1237,0.7836,2,0.1237
2,dimension_3d,prediction,transolver,deepjeb_3d_2d_diagonal,S,displacement+von_mises::displacement::z,98.0961,0.35,3.7788,5,0,652.1013,4,0,0.216,3,0,0.0101,2,0.1237,0.0172,2,0.1237,41.9414,2,0.1237,0.8944,2,0.1237,0.2315,2,0.1237,0.9703,2.0,0.1237,0.9371,2,0.1237,0.9031,1,0.1339
2,dimension_3d,prediction,transolver,deepjeb_3d_2d_diagonal,S,displacement+von_mises::von_mises,85.7428,0.3,3.7788,5,0,652.1013,4,0,0.216,3,0,21.7125,2,0.141,33.6238,2,0.141,72.5178,2,0.141,0.5022,2,0.141,0.6096,2,0.141,,,0.0,0.8458,2,0.1475,0.5446,2,0.1475
2,dimension_3d,prediction,transolver,deepjeb_3d_2d_diagonal,XL,displacement+von_mises::displacement::x,55.6431,0.4,3.7788,5,0,4968.2435,2,0,0.3055,5,0,0.003,2,0.123,0.006,2,0.123,40.8412,2,0.1245,0.8775,3,0.1279,0.2796,3,0.1279,0.9918,2.0,0.1245,0.9351,2,0.1245,0.8808,2,0.1245
2,dimension_3d,prediction,transolver,deepjeb_3d_2d_diagonal,XL,displacement+von_mises::displacement::y,99.9167,0.35,3.7788,5,0,4968.2435,2,0,0.3055,5,0,0.0021,1,0.1213,0.0041,1,0.1247,45.5037,2,0.1245,0.9453,1,0.128,0.2339,1,0.128,0.9918,2.0,0.1245,0.9253,2,0.1245,0.8975,1,0.1245
2,dimension_3d,prediction,transolver,deepjeb_3d_2d_diagonal,XL,displacement+von_mises::displacement::z,99.0914,0.35,3.7788,5,0,4968.2435,2,0,0.3055,5,0,0.0052,1,0.123,0.0098,1,0.123,27.7593,2,0.1245,0.9662,1,0.1279,0.131,1,0.1279,0.9918,2.0,0.1245,0.9561,2,0.1245,0.9357,2,0.1245
2,dimension_3d,prediction,transolver,deepjeb_3d_2d_diagonal,XL,displacement+von_mises::von_mises,99.1142,0.3,3.7788,5,0,4968.2435,2,0,0.3055,5,0,13.5462,2,0.1424,23.6921,2,0.1402,47.8161,1,0.1543,0.7528,2,0.1402,0.4295,2,0.1402,,,0.0,0.9071,2,0.1424,0.7299,2,0.1402
2,dimension_3d,prediction,transolver,deepjeb_3d_2d_horizontal,L,displacement+von_mises::displacement::x,98.8213,0.35,3.7788,5,0,2788.6327,4,0,0.2589,5,0,0.0063,2,0.1194,0.0138,2,0.1222,32.5713,1,0.1237,0.9667,3,0.1319,0.1494,3,0.1319,0.9938,1.0,0.1237,0.9476,1,0.1237,0.9769,1,0.1237
2,dimension_3d,prediction,transolver,deepjeb_3d_2d_horizontal,L,displacement+von_mises::displacement::y,99.1259,0.35,3.7788,5,0,2788.6327,4,0,0.2589,5,0,0.0018,1,0.1224,0.0032,2,0.1199,61.9362,2,0.1194,0.8282,3,0.127,0.4119,3,0.127,0.9938,1.0,0.1456,0.8857,2,0.1194,0.7717,2,0.1194
2,dimension_3d,prediction,transolver,deepjeb_3d_2d_horizontal,L,displacement+von_mises::displacement::z,99.9406,0.35,3.7788,5,0,2788.6327,4,0,0.2589,5,0,0.0065,2,0.1169,0.0129,3,0.1278,36.9475,1,0.1221,0.972,3,0.1278,0.1558,3,0.1278,0.9938,1.0,0.1259,0.9384,1,0.1259,0.9662,1,0.1259
2,dimension_3d,prediction,transolver_pp,deepjeb_3d_2d_horizontal,L,displacement+von_mises::von_mises,98.7875,0.35,1.7412,3,0,2643.8621,2,0,0.2034,2,0,21.9357,2,0.1419,39.6929,1,0.1441,60.4494,2,0.1419,0.706,1,0.1441,0.5341,1,0.1441,,,0.0,0.8698,2,0.1419,0.6661,2,0.1419
2,dimension_3d,prediction,regdgcnn,deepjeb_3d_2d_horizontal,M,displacement+von_mises::displacement::x,97.2297,0.35,1.4418,1,0,1848.6567,5,0,0.2079,3,0,0.0082,1,0.1292,0.0165,2,0.1213,43.7511,3,0.1213,0.9527,2,0.1213,0.1782,2,0.1213,0.9867,3.0,0.1213,0.9261,2,0.1433,0.9564,3,0.1213
2,dimension_3d,prediction,regdgcnn,deepjeb_3d_2d_horizontal,M,displacement+von_mises::displacement::y,99.4818,0.35,1.4418,1,0,1848.6567,5,0,0.2079,3,0,0.0021,1,0.1192,0.0034,1,0.1249,69.8803,3,0.1333,0.8039,1,0.1249,0.44,1,0.1249,0.9867,3.0,0.1333,0.8668,2,0.1198,0.7379,2,0.1198
2,dimension_3d,prediction,regdgcnn,deepjeb_3d_2d_horizontal,M,displacement+von_mises::displacement::z,95.4781,0.35,1.4418,1,0,1848.6567,5,0,0.2079,3,0,0.0082,2,0.1236,0.0149,2,0.1236,50.5184,3,0.1185,0.963,2,0.1236,0.1792,2,0.1236,0.9867,3.0,0.1291,0.8987,3,0.1291,0.9396,3,0.1291
2,dimension_3d,prediction,regdgcnn,deepjeb_3d_2d_horizontal,M,displacement+von_mises::von_mises,99.7618,0.35,1.4418,1,0,1848.6567,5,0,0.2079,3,0,25.6554,2,0.1419,42.7655,1,0.1441,71.9416,2,0.1419,0.6587,1,0.1441,0.5755,1,0.1441,,,0.0,0.8407,2,0.1419,0.5907,2,0.1419
2,dimension_3d,prediction,transolver,deepjeb_3d_2d_horizontal,S,displacement+von_mises::displacement::x,55.3023,0.4,3.7788,5,0,652.8664,4,0,0.2429,5,0,0.0122,2,0.1141,0.0223,2,0.1141,51.0249,2,0.1141,0.9131,2,0.1141,0.2415,2,0.1141,0.9845,1.0,0.1487,0.9073,3,0.1602,0.9602,1,0.1207
2,dimension_3d,prediction,transolver_pp,deepjeb_3d_2d_horizontal,S,displacement+von_mises::displacement::y,97.109,0.35,1.7412,3,0,565.7198,2,0,0.2198,4,0,0.0028,2,0.1166,0.0045,2,0.1157,82.8409,2,0.1157,0.6644,2,0.1157,0.5756,2,0.1157,0.9825,2.0,0.1894,0.827,2,0.1157,0.6617,2,0.1157
2,dimension_3d,prediction,transolver,deepjeb_3d_2d_horizontal,S,displacement+von_mises::displacement::z,99.7437,0.35,3.7788,5,0,652.8664,4,0,0.2429,5,0,0.013,3,0.1234,0.0229,3,0.1234,56.3499,2,0.1234,0.9124,3,0.1234,0.2756,3,0.1234,0.9845,1.0,0.1276,0.9071,1,0.1276,0.9497,1,0.1276
2,dimension_3d,prediction,transolver_pp,deepjeb_3d_2d_horizontal,S,displacement+von_mises::von_mises,90.3338,0.3,1.7412,3,0,565.7198,2,0,0.2198,4,0,32.2163,2,0.141,50.4415,2,0.141,85.3678,3,0.1475,0.5251,2,0.141,0.6788,2,0.141,,,0.0,0.7981,2,0.141,0.4712,3,0.1475
2,dimension_3d,prediction,transolver_pp,deepjeb_3d_2d_horizontal,XL,displacement+von_mises::displacement::x,56.9634,0.4,1.7412,3,0,5218.3161,2,0,0.197,1,0,0.0049,1,0.1224,0.0111,1,0.1259,29.3792,2,0.1259,0.9787,1,0.1259,0.1196,1,0.1259,0.9953,1.0,0.1224,0.9514,2,0.1259,0.9774,2,0.1259
2,dimension_3d,prediction,transolver,deepjeb_3d_2d_horizontal,XL,displacement+von_mises::displacement::y,99.8142,0.35,3.7788,5,0,5417.5414,4,0,0.3307,5,0,0.0015,1,0.1229,0.0028,1,0.1229,55.1997,2,0.1228,0.8705,2,0.1228,0.3576,2,0.1228,0.9951,2.0,0.1262,0.9012,1,0.1335,0.807,2,0.1262
2,dimension_3d,prediction,transolver,deepjeb_3d_2d_horizontal,XL,displacement+von_mises::displacement::z,97.284,0.35,3.7788,5,0,5417.5414,4,0,0.3307,5,0,0.0054,2,0.1237,0.0111,2,0.1237,34.0709,2,0.1237,0.9795,2,0.1237,0.1333,2,0.1237,0.9951,2.0,0.1237,0.9411,2,0.1237,0.9702,1,0.1344
2,dimension_3d,prediction,transolver_pp,deepjeb_3d_2d_horizontal,XL,displacement+von_mises::von_mises,98.2655,0.3,1.7412,3,0,5218.3161,2,0,0.197,1,0,19.0559,2,0.1419,35.7967,1,0.1441,53.3293,2,0.1419,0.7608,1,0.1441,0.4817,1,0.1441,,,0.0,0.8896,2,0.1419,0.7067,2,0.1419
2,dimension_3d,prediction,transolver,deepjeb_3d_2d_modal,L,mode_shapes::mode_shape_1::x,48.26,0.45,3.7793,5,0,947.2759,4,0,0.2899,3,0,258.9088,3,0.1166,357.4775,3,0.1166,182.6282,3,0.1166,-0.0009,3,0.1166,1.0004,3,0.1166,0.0094,4.0,0.1307,0.5005,2,0.1284,0.1068,5,0.1576
2,dimension_3d,prediction,pointnet,deepjeb_3d_2d_modal,L,mode_shapes::mode_shape_1::y,54.5436,0.4,3.6685,4,0,759.2331,3,0,0.2913,4,0,374.057,2,0.1203,552.1151,3,0.1122,196.9204,5,0.1353,0.0,3,0.1122,1.0,3,0.1114,0.0114,3.0,0.1164,0.5015,3,0.1183,0.1208,4,0.174
2,dimension_3d,prediction,pointnet,deepjeb_3d_2d_modal,L,mode_shapes::mode_shape_1::z,45.1553,0.45,3.6685,4,0,759.2331,3,0,0.2913,4,0,641.7167,2,0.0934,793.8007,1,0.0934,196.724,5,0.0985,-0.0002,1,0.0934,1.0001,1,0.0934,0.0114,3.0,0.1003,0.5028,2,0.2121,0.3733,1,0.2155
2,dimension_3d,prediction,transolver,deepjeb_3d_2d_modal,L,mode_shapes::mode_shape_2::x,55.3396,0.5,3.7793,5,0,947.2759,4,0,0.2899,3,0,248.5017,3,0.0948,327.4917,3,0.0948,190.046,4,0.1026,-0.0006,3,0.0948,1.0003,3,0.0948,0.0169,2.0,0.1081,0.499,5,0.2206,0.1272,4,0.1897
2,dimension_3d,prediction,transolver_pp,deepjeb_3d_2d_modal,L,mode_shapes::mode_shape_2::y,48.5042,0.45,1.7417,3,0,1626.6505,5,0,0.2824,1,0,263.0322,3,0.1056,454.9283,3,0.1056,184.1266,3,0.1056,-0.0003,3,0.1056,1.0002,3,0.1056,0.0023,4.0,0.1217,0.4987,4,0.126,0.116,3,0.2244
2,dimension_3d,prediction,pointnet,deepjeb_3d_2d_modal,L,mode_shapes::mode_shape_2::z,61.7608,0.5,3.6685,4,0,759.2331,3,0,0.2913,4,0,673.8455,1,0.1027,904.0584,2,0.0976,199.8841,5,0.1027,0.0,2,0.0976,1.0,1,0.0976,0.0012,5.0,0.1715,0.5038,2,0.1877,0.1132,4,0.1425
2,dimension_3d,prediction,transolver_pp,deepjeb_3d_2d_modal,M,mode_shapes::mode_shape_1::x,61.0149,0.5,1.7417,3,0,235.778,4,0,0.2799,1,0,259.2027,2,0.0931,357.8668,2,0.0931,184.0293,4,0.1033,-0.0031,2,0.0931,1.0015,2,0.0954,0.0067,5.0,0.1239,0.4926,3,0.1226,0.2739,1,0.2756
2,dimension_3d,prediction,transolver,deepjeb_3d_2d_modal,M,mode_shapes::mode_shape_1::y,51.6641,0.5,3.7793,5,0,957.21,5,0,0.2907,3,0,376.8737,3,0.117,555.851,3,0.117,168.9748,3,0.117,-0.0136,3,0.117,1.0068,3,0.117,0.0892,1.0,0.1556,0.496,4,0.1234,0.2227,3,0.1358
2,dimension_3d,prediction,regdgcnn,deepjeb_3d_2d_modal,M,mode_shapes::mode_shape_1::z,56.8043,0.5,1.4421,1,0,129.5686,3,0,0.2837,2,0,651.4053,5,0.0944,810.4023,5,0.0944,164.365,1,0.1164,-0.0425,5,0.0944,1.021,5,0.0944,0.0856,2.0,0.1251,0.5009,2,0.1725,0.2836,2,0.2085
2,dimension_3d,prediction,transolver_pp,deepjeb_3d_2d_modal,M,mode_shapes::mode_shape_2::x,50.3863,0.5,1.7417,3,0,235.778,4,0,0.2799,1,0,250.3203,3,0.099,329.1642,3,0.099,163.7199,1,0.1386,-0.0108,3,0.099,1.0054,3,0.099,0.0025,4.0,0.1327,0.5001,2,0.1247,0.1258,2,0.2079
2,dimension_3d,prediction,transolver,deepjeb_3d_2d_modal,M,mode_shapes::mode_shape_2::y,74.6528,0.5,3.7793,5,0,957.21,5,0,0.2907,3,0,263.1489,2,0.1052,455.1762,2,0.1052,178.9426,4,0.113,-0.0014,2,0.1052,1.0007,2,0.1052,0.0504,2.0,0.1564,0.5015,4,0.113,0.2272,2,0.1968
2,dimension_3d,prediction,transolver_pp,deepjeb_3d_2d_modal,M,mode_shapes::mode_shape_2::z,45.8726,0.45,1.7417,3,0,235.778,4,0,0.2799,1,0,674.0845,2,0.1083,904.4919,3,0.115,183.818,3,0.115,-0.001,3,0.115,1.0005,3,0.115,0.0025,4.0,0.1416,0.5039,2,0.1227,0.1319,4,0.1673
2,dimension_3d,prediction,transolver,deepjeb_3d_2d_modal,S,mode_shapes::mode_shape_1::x,71.9208,0.5,3.7793,5,0,112.6566,4,0,0.2911,3,0,265.7328,2,0.0966,363.822,2,0.0997,154.1481,3,0.1365,-0.0368,2,0.0997,1.0182,2,0.0997,0.0056,5.0,0.1362,0.5005,1,0.0996,0.2542,2,0.232
2,dimension_3d,prediction,regdgcnn,deepjeb_3d_2d_modal,S,mode_shapes::mode_shape_1::y,97.8584,0.5,1.4421,1,0,73.2771,3,0,0.2823,2,0,391.1766,3,0.1104,566.1536,3,0.1046,158.2125,3,0.1104,-0.0515,3,0.1046,1.0254,3,0.1046,0.0299,2.0,0.1656,0.5022,3,0.1703,0.166,3,0.1296
2,dimension_3d,prediction,transolver,deepjeb_3d_2d_modal,S,mode_shapes::mode_shape_1::z,98.4778,0.5,3.7793,5,0,112.6566,4,0,0.2911,3,0,645.5399,3,0.1073,801.8021,3,0.1073,172.1537,4,0.1194,-0.0205,3,0.1073,1.0101,3,0.1073,0.0056,5.0,0.1575,0.4926,4,0.1175,0.2778,2,0.1763
2,dimension_3d,prediction,regdgcnn,deepjeb_3d_2d_modal,S,mode_shapes::mode_shape_2::x,60.2897,0.5,1.4421,1,0,73.2771,3,0,0.2823,2,0,257.8601,4,0.1084,337.7161,4,0.0949,156.3409,3,0.1107,-0.064,4,0.0949,1.0315,4,0.0949,0.0299,4.0,0.1207,0.5053,1,0.2043,0.1377,4,0.1713
2,dimension_3d,prediction,transolver_pp,deepjeb_3d_2d_modal,S,mode_shapes::mode_shape_2::y,63.3315,0.5,1.7417,3,0,318.0501,5,0,0.2803,1,0,263.8595,2,0.1042,455.4342,2,0.1042,172.455,4,0.1042,-0.0025,2,0.1042,1.0013,2,0.1042,0.1629,2.0,0.1496,0.5021,3,0.2085,0.1848,4,0.1207
2,dimension_3d,prediction,transolver_pp,deepjeb_3d_2d_modal,S,mode_shapes::mode_shape_2::z,61.7021,0.5,1.7417,3,0,318.0501,5,0,0.2803,1,0,673.9357,2,0.0983,904.0947,2,0.0983,181.9935,4,0.0983,-0.0001,2,0.0983,1.0,1,0.1056,0.1629,2.0,0.1283,0.5024,4,0.2444,0.4038,2,0.1283
2,dimension_3d,prediction,geofno,deepjeb_3d_2d_modal,XL,mode_shapes::mode_shape_1::x,48.2666,0.45,1.5461,2,0,381.5716,2,0,0.3026,5,0,259.1653,4,0.0884,357.4452,4,0.0884,179.8292,2,0.0884,-0.0008,4,0.0884,1.0003,3,0.0876,0.0177,4.0,0.1045,0.5033,1,0.1956,0.1466,3,0.2589
2,dimension_3d,prediction,transolver_pp,deepjeb_3d_2d_modal,XL,mode_shapes::mode_shape_1::y,61.1556,0.5,1.7417,3,0,1931.3587,4,0,0.2829,1,0,374.1101,3,0.1094,552.0322,1,0.1048,187.309,4,0.1012,0.0003,1,0.1022,0.9999,1,0.1022,0.0766,2.0,0.1539,0.5049,1,0.1529,0.1705,3,0.1735
2,dimension_3d,prediction,pointnet,deepjeb_3d_2d_modal,XL,mode_shapes::mode_shape_1::z,62.7577,0.5,3.6685,4,0,1343.3551,3,0,0.285,3,0,641.7138,1,0.1008,793.903,1,0.1008,193.1565,4,0.1093,-0.0005,1,0.1008,1.0002,1,0.1022,0.012,5.0,0.1227,0.5028,1,0.1217,0.2719,4,0.2416
2,dimension_3d,prediction,pointnet,deepjeb_3d_2d_modal,XL,mode_shapes::mode_shape_2::x,64.8223,0.5,3.6685,4,0,1343.3551,3,0,0.285,3,0,248.4317,1,0.0939,327.403,1,0.0939,196.1709,5,0.0939,0.0,1,0.0939,1.0,1,0.0939,0.0013,5.0,0.2146,0.4999,2,0.1156,0.2054,1,0.2003
2,dimension_3d,prediction,transolver,deepjeb_3d_2d_modal,XL,mode_shapes::mode_shape_2::y,54.5396,0.5,3.7793,5,0,3273.9797,5,0,0.2947,4,0,262.9669,2,0.1015,454.9109,3,0.0998,186.727,4,0.1015,-0.0002,2,0.0981,1.0001,2,0.0981,0.0385,1.0,0.1714,0.497,2,0.2074,0.1297,4,0.1224
2,dimension_3d,prediction,transolver_pp,deepjeb_3d_2d_modal,XL,mode_shapes::mode_shape_2::z,51.8426,0.5,1.7417,3,0,1931.3587,4,0,0.2829,1,0,674.1879,3,0.1041,904.3358,3,0.1041,180.1778,2,0.1011,-0.0006,3,0.1089,1.0003,3,0.1089,0.0111,3.0,0.243,0.5043,1,0.1149,0.008,5,0.1149
2,dimension_3d,prediction,transolver,deepjeb_3d_2d_torsion,L,displacement+von_mises::displacement::x,98.9607,0.35,3.7788,5,0,2674.32,4,0,0.2491,5,0,0.0012,1,0.1182,0.0025,1,0.1182,43.7147,1,0.1182,0.9797,1,0.1182,0.1423,1,0.1182,0.986,1.0,0.1182,0.9246,3,0.1727,0.9621,1,0.1182
2,dimension_3d,prediction,transolver_pp,deepjeb_3d_2d_torsion,L,displacement+von_mises::displacement::y,94.5739,0.35,1.7412,3,0,2538.3008,2,0,0.1877,2,0,0.0011,2,0.1237,0.0024,2,0.1237,71.082,2,0.1237,0.9649,2,0.1237,0.1868,2,0.1237,0.984,2.0,0.1237,0.8536,2,0.1339,0.8562,2,0.1237
2,dimension_3d,prediction,transolver_pp,deepjeb_3d_2d_torsion,L,displacement+von_mises::displacement::z,94.0819,0.35,1.7412,3,0,2538.3008,2,0,0.1877,2,0,0.0012,2,0.1237,0.0023,2,0.1237,54.2839,2,0.1237,0.9609,2,0.1237,0.1976,2,0.1237,0.984,2.0,0.1237,0.9051,2,0.1339,0.8951,2,0.1237
2,dimension_3d,prediction,regdgcnn,deepjeb_3d_2d_torsion,L,displacement+von_mises::von_mises,96.1072,0.35,1.4418,1,0,3539.7906,5,0,0.2039,3,0,9.1444,3,0.1441,17.0195,2,0.1419,78.278,3,0.1441,0.7965,2,0.1419,0.451,2,0.1419,,,0.0,0.8224,2,0.1419,0.8212,3,0.1441
2,dimension_3d,prediction,regdgcnn,deepjeb_3d_2d_torsion,M,displacement+von_mises::displacement::x,99.209,0.35,1.4418,1,0,1775.2088,5,0,0.2031,3,0,0.0015,1,0.117,0.0033,3,0.1225,46.6074,1,0.1316,0.9655,3,0.1204,0.1858,3,0.1204,0.977,2.0,0.1169,0.9288,1,0.1316,0.9514,2,0.1396
2,dimension_3d,prediction,regdgcnn,deepjeb_3d_2d_torsion,M,displacement+von_mises::displacement::y,99.2984,0.3,1.4418,1,0,1775.2088,5,0,0.2031,3,0,0.0013,1,0.1153,0.0028,2,0.1175,77.2301,2,0.1449,0.9488,2,0.1171,0.2257,2,0.1171,0.977,2.0,0.1243,0.836,2,0.1449,0.8343,1,0.1189
2,dimension_3d,prediction,regdgcnn,deepjeb_3d_2d_torsion,M,displacement+von_mises::displacement::z,97.8595,0.35,1.4418,1,0,1775.2088,5,0,0.2031,3,0,0.0015,1,0.1261,0.0028,2,0.121,60.8732,2,0.1281,0.9395,3,0.1272,0.2459,3,0.1272,0.977,2.0,0.1212,0.8935,2,0.1281,0.8709,2,0.1212
2,dimension_3d,prediction,transolver,deepjeb_3d_2d_torsion,M,displacement+von_mises::von_mises,97.2826,0.3,3.7788,5,0,1376.9374,3,0,0.2279,5,0,10.1363,2,0.1371,18.4372,2,0.1371,85.5885,2,0.1371,0.7612,2,0.1371,0.4886,2,0.1371,,,0.0,0.7896,3,0.164,0.8136,1,0.1506
2,dimension_3d,prediction,transolver,deepjeb_3d_2d_torsion,S,displacement+von_mises::displacement::x,98.4591,0.35,3.7788,5,0,622.2652,4,0,0.2087,4,0,0.0019,2,0.1237,0.0038,2,0.1237,55.0165,2,0.1237,0.9543,2,0.1237,0.2137,2,0.1237,0.9653,2.0,0.1237,0.9,2,0.1237,0.9487,1,0.1339
2,dimension_3d,prediction,regdgcnn,deepjeb_3d_2d_torsion,S,displacement+von_mises::displacement::y,97.6141,0.35,1.4418,1,0,720.3761,5,0,0.2032,3,0,0.0017,2,0.1201,0.0034,2,0.12,89.0102,3,0.1266,0.9257,2,0.12,0.2717,2,0.12,0.9663,1.0,0.1352,0.8046,3,0.1383,0.7797,2,0.12
2,dimension_3d,prediction,transolver,deepjeb_3d_2d_torsion,S,displacement+von_mises::displacement::z,96.7231,0.35,3.7788,5,0,622.2652,4,0,0.2087,4,0,0.002,2,0.1271,0.0035,2,0.1247,69.2616,2,0.1247,0.9056,2,0.1247,0.3071,2,0.1247,0.9653,2.0,0.1247,0.8801,2,0.1247,0.845,2,0.1247
2,dimension_3d,prediction,transolver,deepjeb_3d_2d_torsion,S,displacement+von_mises::von_mises,93.1098,0.35,3.7788,5,0,622.2652,4,0,0.2087,4,0,11.8736,2,0.1429,21.1664,2,0.1429,97.5386,2,0.1429,0.6853,2,0.1429,0.5609,2,0.1429,,,0.0,0.7624,2,0.1429,0.7787,2,0.1429
2,dimension_3d,prediction,transolver_pp,deepjeb_3d_2d_torsion,XL,displacement+von_mises::displacement::x,94.7275,0.35,1.7412,3,0,5013.0968,2,0,0.1975,2,0,0.0011,2,0.125,0.0023,2,0.125,37.7405,2,0.125,0.9827,2,0.125,0.1316,2,0.125,0.9887,2.0,0.125,0.9408,2,0.125,0.9641,2,0.125
2,dimension_3d,prediction,transolver_pp,deepjeb_3d_2d_torsion,XL,displacement+von_mises::displacement::y,98.2167,0.3,1.7412,3,0,5013.0968,2,0,0.1975,2,0,0.0009,1,0.1217,0.002,1,0.1217,60.6512,2,0.1232,0.9749,1,0.1266,0.158,1,0.1266,0.9887,2.0,0.1267,0.8842,2,0.1267,0.8803,2,0.1267
2,dimension_3d,prediction,transolver_pp,deepjeb_3d_2d_torsion,XL,displacement+von_mises::displacement::z,94.9696,0.3,1.7412,3,0,5013.0968,2,0,0.1975,2,0,0.001,2,0.1238,0.0019,2,0.1238,46.3148,2,0.1238,0.9719,2,0.1238,0.1674,2,0.1238,0.9887,2.0,0.1271,0.9228,2,0.1271,0.913,2,0.1271
2,dimension_3d,prediction,transolver_pp,deepjeb_3d_2d_torsion,XL,displacement+von_mises::von_mises,93.8157,0.35,1.7412,3,0,5013.0968,2,0,0.1975,2,0,7.8869,2,0.1413,15.9063,2,0.1413,66.43,2,0.1523,0.8223,2,0.1413,0.4215,2,0.1413,,,0.0,0.8542,2,0.1413,0.85,2,0.1413
2,dimension_3d,prediction,transolver,deepjeb_3d_2d_vertical,L,displacement+von_mises::displacement::x,99.0132,0.3,3.7788,5,0,2628.3527,2,0,0.278,5,0,0.0053,1,0.125,0.011,2,0.125,41.9531,1,0.125,0.9718,2,0.125,0.1527,2,0.125,0.9941,2.0,0.125,0.9293,1,0.125,0.9625,1,0.125
2,dimension_3d,prediction,transolver_pp,deepjeb_3d_2d_vertical,L,displacement+von_mises::displacement::y,99.8648,0.35,1.7412,3,0,2637.771,3,0,0.2161,4,0,0.0033,3,0.1206,0.0064,3,0.1206,58.2352,1,0.1324,0.911,3,0.1206,0.2979,3,0.1206,0.9945,1.0,0.1324,0.8933,1,0.1324,0.8694,2,0.1206
2,dimension_3d,prediction,transolver,deepjeb_3d_2d_vertical,L,displacement+von_mises::displacement::z,99.006,0.35,3.7788,5,0,2628.3527,2,0,0.278,5,0,0.0104,1,0.1189,0.0194,3,0.1309,38.1486,2,0.1194,0.9712,3,0.1309,0.1363,3,0.1309,0.9941,2.0,0.1194,0.9364,1,0.1248,0.9704,1,0.1248
2,dimension_3d,prediction,transolver_pp,deepjeb_3d_2d_vertical,L,displacement+von_mises::von_mises,99.319,0.35,1.7412,3,0,2637.771,3,0,0.2161,4,0,25.8944,2,0.1357,43.7569,3,0.1431,62.7303,1,0.1431,0.7262,3,0.1431,0.5032,3,0.1431,,,0.0,0.8609,1,0.1431,0.6878,2,0.1485
2,dimension_3d,prediction,transolver,deepjeb_3d_2d_vertical,M,displacement+von_mises::displacement::x,99.7772,0.35,3.7788,5,0,1445.0374,4,0,0.2656,5,0,0.0072,3,0.1241,0.0131,2,0.1174,50.2881,1,0.1311,0.9599,3,0.1241,0.1819,3,0.1241,0.991,2.0,0.1171,0.9139,1,0.1311,0.9546,1,0.1311
2,dimension_3d,prediction,transolver,deepjeb_3d_2d_vertical,M,displacement+von_mises::displacement::y,98.2245,0.3,3.7788,5,0,1445.0374,4,0,0.2656,5,0,0.0038,2,0.1174,0.0074,2,0.1174,64.7642,1,0.1333,0.878,2,0.1174,0.3489,2,0.1174,0.991,2.0,0.143,0.876,1,0.1333,0.8381,2,0.121
2,dimension_3d,prediction,transolver,deepjeb_3d_2d_vertical,M,displacement+von_mises::displacement::z,97.9351,0.35,3.7788,5,0,1445.0374,4,0,0.2656,5,0,0.0126,3,0.1182,0.0216,3,0.1272,49.0425,2,0.1216,0.9645,3,0.1272,0.1515,3,0.1272,0.991,2.0,0.1216,0.9011,2,0.1216,0.963,1,0.1354
2,dimension_3d,prediction,transolver_pp,deepjeb_3d_2d_vertical,M,displacement+von_mises::von_mises,98.2855,0.35,1.7412,3,0,1344.1831,2,0,0.1975,2,0,29.6785,2,0.139,47.666,2,0.139,71.6177,1,0.1525,0.6751,2,0.139,0.5481,2,0.139,,,0.0,0.8371,2,0.139,0.6341,3,0.1525
2,dimension_3d,prediction,transolver,deepjeb_3d_2d_vertical,S,displacement+von_mises::displacement::x,99.8793,0.35,3.7788,5,0,657.209,4,0,0.2703,5,0,0.0102,2,0.1165,0.0184,2,0.1165,61.5281,1,0.1191,0.9213,2,0.1165,0.2549,2,0.1165,0.9845,2.0,0.1186,0.8868,1,0.1481,0.9373,2,0.1481
2,dimension_3d,prediction,transolver,deepjeb_3d_2d_vertical,S,displacement+von_mises::displacement::y,98.3976,0.35,3.7788,5,0,657.209,4,0,0.2703,5,0,0.005,2,0.1208,0.0093,2,0.1208,76.1875,1,0.1285,0.808,2,0.1208,0.4377,2,0.1208,0.9845,2.0,0.1325,0.8507,1,0.1285,0.786,2,0.1275
2,dimension_3d,prediction,transolver_pp,deepjeb_3d_2d_vertical,S,displacement+von_mises::displacement::z,99.2193,0.35,1.7412,3,0,565.1095,2,0,0.2006,2,0,0.0183,3,0.1187,0.0323,3,0.1187,53.4988,2,0.1359,0.9202,3,0.1187,0.227,3,0.1187,0.9845,2.0,0.1226,0.9021,2,0.1359,0.9436,3,0.1307
2,dimension_3d,prediction,transolver,deepjeb_3d_2d_vertical,S,displacement+von_mises::von_mises,89.4023,0.3,3.7788,5,0,657.209,4,0,0.2703,5,0,35.4191,2,0.1429,54.6291,2,0.1429,85.0048,2,0.1429,0.5732,2,0.1429,0.6282,2,0.1429,,,0.0,0.797,2,0.1429,0.5273,2,0.1429
2,dimension_3d,prediction,transolver,deepjeb_3d_2d_vertical,XL,displacement+von_mises::displacement::x,97.7145,0.35,3.7788,5,0,5452.8753,3,0,0.4178,5,0,0.0045,2,0.1185,0.0098,3,0.1291,36.6134,1,0.1236,0.9775,3,0.1291,0.1363,3,0.1291,0.9966,1.0,0.1236,0.9384,1,0.1236,0.9707,1,0.1236
2,dimension_3d,prediction,transolver_pp,deepjeb_3d_2d_vertical,XL,displacement+von_mises::displacement::y,55.7551,0.4,1.7412,3,0,5206.3391,2,0,0.2351,4,0,0.0026,2,0.1224,0.0052,3,0.1294,51.4797,2,0.1224,0.9395,3,0.1294,0.2457,3,0.1294,0.9963,2.0,0.1224,0.9081,2,0.1224,0.8966,2,0.1224
2,dimension_3d,prediction,transolver,deepjeb_3d_2d_vertical,XL,displacement+von_mises::displacement::z,99.2932,0.35,3.7788,5,0,5452.8753,3,0,0.4178,5,0,0.008,1,0.119,0.0161,3,0.1284,32.8496,1,0.1256,0.9802,3,0.1284,0.1131,3,0.1284,0.9966,1.0,0.1256,0.9417,2,0.1188,0.9759,1,0.1256
2,dimension_3d,prediction,transolver_pp,deepjeb_3d_2d_vertical,XL,displacement+von_mises::von_mises,93.4248,0.3,1.7412,3,0,5206.3391,2,0,0.2351,4,0,22.4413,2,0.1429,39.6642,2,0.1429,54.8612,2,0.1429,0.775,2,0.1429,0.4561,2,0.1429,,,0.0,0.8853,2,0.1429,0.7325,2,0.1429
2,dimension_3d,prediction,domino,drivaerml_3d_2d_surface,L,pressure+wall_shear_stress::pressure,35.5553,0.3194,24.3143,8,0,103020.0,9,0,1.5134,9,0,85.6431,2,0.1442,156.6933,4,0.1389,38.1268,2,0.1442,0.6612,4,0.1389,0.4428,4,0.1389,,,0.0,0.9416,6,0.1511,0.7308,2,0.1439
2,dimension_3d,prediction,domino,drivaerml_3d_2d_surface,L,pressure+wall_shear_stress::wall_shear_stress::x,36.7753,0.3333,24.3143,8,0,103020.0,9,0,1.5134,9,0,0.7609,2,0.1237,1.3613,6,0.1258,96.5387,2,0.128,0.5711,6,0.1258,0.567,6,0.1258,0.5875,3.0,0.1198,0.763,2,0.1296,0.6541,2,0.1214
2,dimension_3d,prediction,domino,drivaerml_3d_2d_surface,L,pressure+wall_shear_stress::wall_shear_stress::y,38.3436,0.3611,24.3143,8,0,103020.0,9,0,1.5134,9,0,0.4976,2,0.1305,1.0262,2,0.1223,125.8124,2,0.1296,0.4256,2,0.1223,0.7579,2,0.1223,0.5875,3.0,0.1242,0.642,2,0.1231,0.5552,2,0.1258
2,dimension_3d,prediction,transolver,drivaerml_3d_2d_surface,L,pressure+wall_shear_stress::wall_shear_stress::z,40.0926,0.4028,3.7783,6,0,472.7258,4,0,0.0156,3,0,0.43,2,0.1202,0.7887,2,0.1218,118.4266,4,0.1405,0.4955,2,0.1218,0.7089,2,0.1218,0.5885,2.0,0.1302,0.6851,3,0.1235,0.5384,2,0.1202
2,dimension_3d,prediction,domino,drivaerml_3d_2d_surface,M,pressure+wall_shear_stress::pressure,39.626,0.375,24.3143,8,0,72180.0,9,0,1.6024,9,0,86.4894,2,0.1407,154.2105,2,0.1397,38.5271,2,0.1407,0.6719,2,0.1397,0.4357,2,0.1397,,,0.0,0.9405,5,0.1545,0.7225,2,0.145
2,dimension_3d,prediction,domino,drivaerml_3d_2d_surface,M,pressure+wall_shear_stress::wall_shear_stress::x,40.7495,0.4028,24.3143,8,0,72180.0,9,0,1.6024,9,0,0.7991,2,0.1254,1.435,6,0.126,97.6455,2,0.1254,0.5234,6,0.126,0.5977,6,0.126,0.5485,5.0,0.122,0.7606,2,0.1254,0.6165,2,0.1237
2,dimension_3d,prediction,domino,drivaerml_3d_2d_surface,M,pressure+wall_shear_stress::wall_shear_stress::y,38.9968,0.375,24.3143,8,0,72180.0,9,0,1.6024,9,0,0.519,6,0.1403,1.0921,2,0.123,126.8174,2,0.1227,0.3496,2,0.123,0.8065,2,0.123,0.5485,5.0,0.1263,0.6353,2,0.1209,0.5273,2,0.1209
2,dimension_3d,prediction,linearno_big,drivaerml_3d_2d_surface,M,pressure+wall_shear_stress::wall_shear_stress::z,40.0982,0.3889,11.0461,7,0,1287.6212,7,0,0.0597,6,0,0.4426,2,0.1211,0.8168,2,0.1232,120.8507,3,0.1399,0.4589,2,0.1232,0.7341,2,0.1232,0.559,3.0,0.1266,0.6764,2,0.1216,0.5131,2,0.1211
2,dimension_3d,prediction,domino,drivaerml_3d_2d_surface,S,pressure+wall_shear_stress::pressure,37.311,0.3333,24.3143,8,0,54060.0,9,0,1.6046,9,0,100.9097,2,0.1432,176.9886,4,0.1415,42.7187,2,0.1432,0.5678,4,0.1415,0.5001,4,0.1415,,,0.0,0.9339,4,0.1423,0.6478,2,0.1469
2,dimension_3d,prediction,domino,drivaerml_3d_2d_surface,S,pressure+wall_shear_stress::wall_shear_stress::x,39.993,0.3889,24.3143,8,0,54060.0,9,0,1.6046,9,0,0.9223,3,0.1215,1.5965,6,0.1221,105.4119,2,0.1264,0.4101,6,0.1221,0.6649,6,0.1221,0.469,5.0,0.1204,0.7381,2,0.1462,0.544,5,0.1191
2,dimension_3d,prediction,domino,drivaerml_3d_2d_surface,S,pressure+wall_shear_stress::wall_shear_stress::y,42.5008,0.4167,24.3143,8,0,54060.0,9,0,1.6046,9,0,0.5327,6,0.1347,1.1406,2,0.115,132.9867,2,0.161,0.2905,2,0.115,0.8423,2,0.115,0.469,5.0,0.1197,0.6142,2,0.1194,0.4777,5,0.1203
2,dimension_3d,prediction,linearno_big,drivaerml_3d_2d_surface,S,pressure+wall_shear_stress::wall_shear_stress::z,40.1633,0.375,11.0461,7,0,745.7638,7,0,0.0305,5,0,0.4769,2,0.1242,0.8624,2,0.1225,127.7122,3,0.1355,0.3968,2,0.1225,0.7751,2,0.1225,0.5241,2.0,0.1217,0.6476,2,0.1284,0.4878,2,0.1225
2,dimension_3d,prediction,transolver,drivaerml_3d_2d_surface,XL,pressure+wall_shear_stress::pressure,39.3955,0.3333,3.7783,6,0,919.3915,5,0,0.0157,1,0,57.9049,2,0.1426,105.2293,2,0.1415,30.0512,2,0.1415,0.8472,2,0.1415,0.2973,2,0.1415,,,0.0,0.9647,2,0.1415,0.8003,2,0.1498
2,dimension_3d,prediction,transolver,drivaerml_3d_2d_surface,XL,pressure+wall_shear_stress::wall_shear_stress::x,40.9807,0.3611,3.7783,6,0,919.3915,5,0,0.0157,1,0,0.541,2,0.1242,0.9225,2,0.1242,89.9551,2,0.125,0.803,2,0.1242,0.3842,2,0.1242,0.7897,2.0,0.1242,0.7813,2,0.1282,0.7711,2,0.1258
2,dimension_3d,prediction,transolver,drivaerml_3d_2d_surface,XL,pressure+wall_shear_stress::wall_shear_stress::y,45.7798,0.4028,3.7783,6,0,919.3915,5,0,0.0157,1,0,0.392,2,0.1288,0.795,2,0.1253,118.7031,2,0.1228,0.6553,2,0.1253,0.5871,2,0.1253,0.7897,2.0,0.1248,0.673,2,0.1228,0.6728,2,0.1248
2,dimension_3d,prediction,transolver,drivaerml_3d_2d_surface,XL,pressure+wall_shear_stress::wall_shear_stress::z,41.6284,0.3611,3.7783,6,0,919.3915,5,0,0.0157,1,0,0.3307,2,0.1253,0.6144,2,0.1248,102.7202,2,0.1253,0.6938,2,0.1248,0.5522,2,0.1248,0.7897,2.0,0.1248,0.7416,2,0.1253,0.6817,2,0.1248
2,dimension_3d,prediction,domino,drivaerml_3d_3d_volume,L,pressure_coeff+velocity+vorticity::totalpcoeff,48.3711,0.3333,24.3143,8,0,103020.0,9,0,1.5134,9,0,0.0504,2,0.1426,0.0926,2,0.1426,25.3557,2,0.1426,0.9658,2,0.1426,0.1751,2,0.1426,,,0.0,0.9658,2,0.1426,0.9016,2,0.1443
2,dimension_3d,prediction,domino,drivaerml_3d_3d_volume,L,pressure_coeff+velocity+vorticity::velocity::x,47.3892,0.3611,24.3143,8,0,103020.0,9,0,1.5134,9,0,1.7577,2,0.1245,2.8544,2,0.1245,35.2953,2,0.1245,0.9697,2,0.1245,0.1216,2,0.1245,0.9763,2.0,0.1245,0.94,2,0.1256,0.9138,2,0.1272
2,dimension_3d,prediction,domino,drivaerml_3d_3d_volume,L,pressure_coeff+velocity+vorticity::velocity::y,57.5329,0.3889,24.3143,8,0,103020.0,9,0,1.5134,9,0,1.2402,2,0.1241,2.0971,2,0.1241,60.3405,2,0.1268,0.9408,2,0.1241,0.2432,2,0.1241,0.9763,2.0,0.1241,0.8849,2,0.1268,0.885,2,0.1262
2,dimension_3d,prediction,domino,drivaerml_3d_3d_volume,L,pressure_coeff+velocity+vorticity::velocity::z,43.5026,0.3611,24.3143,8,0,103020.0,9,0,1.5134,9,0,1.0328,2,0.1248,1.8168,2,0.1248,63.8342,2,0.1248,0.925,2,0.1248,0.2733,2,0.1248,0.9763,2.0,0.1248,0.8745,2,0.1264,0.8596,2,0.1248
2,dimension_3d,prediction,domino,drivaerml_3d_3d_volume,L,pressure_coeff+velocity+vorticity::vorticity::x,83.8727,0.375,24.3143,8,0,103020.0,9,0,1.5134,9,0,1.8578,2,0.1369,2.971,2,0.1386,66.5489,2,0.1376,0.7034,2,0.1386,0.5446,2,0.1386,,,0.0,0.8272,2,0.1369,0.7133,2,0.1727
2,dimension_3d,prediction,domino,drivaerml_3d_3d_volume,L,pressure_coeff+velocity+vorticity::vorticity::y,76.7,0.375,24.3143,8,0,103020.0,9,0,1.5134,9,0,1.6532,2,0.1354,2.8891,2,0.1375,52.7385,2,0.1358,0.7493,2,0.1375,0.496,2,0.1375,,,0.0,0.8662,2,0.1354,0.7496,2,0.1809
2,dimension_3d,prediction,domino,drivaerml_3d_3d_volume,L,pressure_coeff+velocity+vorticity::vorticity::z,78.0812,0.3472,24.3143,8,0,103020.0,9,0,1.5134,9,0,1.6097,2,0.1423,2.7721,2,0.1423,56.089,2,0.1433,0.7421,2,0.1423,0.5078,2,0.1423,,,0.0,0.8556,2,0.1433,0.6869,2,0.144
2,dimension_3d,prediction,domino,drivaerml_3d_3d_volume,M,pressure_coeff+velocity+vorticity::totalpcoeff,65.97,0.3611,24.3143,8,0,72180.0,9,0,1.6024,9,0,0.0572,2,0.1423,0.1022,2,0.1423,28.1304,2,0.1443,0.9583,2,0.1423,0.1933,2,0.1423,,,0.0,0.9601,2,0.1423,0.8989,2,0.1443
2,dimension_3d,prediction,domino,drivaerml_3d_3d_volume,M,pressure_coeff+velocity+vorticity::velocity::x,80.269,0.375,24.3143,8,0,72180.0,9,0,1.6024,9,0,2.0439,2,0.1246,3.3028,2,0.1246,38.6957,2,0.1246,0.9595,2,0.1246,0.1407,2,0.1246,0.9685,2.0,0.1246,0.9326,2,0.1262,0.9022,2,0.1262
2,dimension_3d,prediction,domino,drivaerml_3d_3d_volume,M,pressure_coeff+velocity+vorticity::velocity::y,77.8272,0.3889,24.3143,8,0,72180.0,9,0,1.6024,9,0,1.4383,2,0.1255,2.4694,2,0.1244,64.9258,2,0.1252,0.918,2,0.1244,0.2864,2,0.1245,0.9685,2.0,0.1243,0.872,2,0.1252,0.8603,2,0.1263
2,dimension_3d,prediction,domino,drivaerml_3d_3d_volume,M,pressure_coeff+velocity+vorticity::velocity::z,63.6981,0.3611,24.3143,8,0,72180.0,9,0,1.6024,9,0,1.1717,2,0.125,2.0387,2,0.125,68.6422,2,0.125,0.9056,2,0.125,0.3066,2,0.125,0.9685,2.0,0.125,0.8618,2,0.125,0.8402,2,0.125
2,dimension_3d,prediction,domino,drivaerml_3d_3d_volume,M,pressure_coeff+velocity+vorticity::vorticity::x,91.0184,0.3889,24.3143,8,0,72180.0,9,0,1.6024,9,0,2.0644,2,0.1372,3.2362,2,0.1406,70.9431,2,0.1374,0.6481,2,0.1397,0.5932,2,0.1397,,,0.0,0.8126,2,0.1374,0.6741,2,0.168
2,dimension_3d,prediction,domino,drivaerml_3d_3d_volume,M,pressure_coeff+velocity+vorticity::vorticity::y,90.8023,0.3611,24.3143,8,0,72180.0,9,0,1.6024,9,0,1.8319,2,0.1408,3.136,2,0.1412,56.5272,2,0.1408,0.7047,2,0.1412,0.5384,2,0.1412,,,0.0,0.8531,2,0.1408,0.7197,2,0.154
2,dimension_3d,prediction,domino,drivaerml_3d_3d_volume,M,pressure_coeff+velocity+vorticity::vorticity::z,87.6753,0.3472,24.3143,8,0,72180.0,9,0,1.6024,9,0,1.7735,2,0.142,2.985,2,0.142,60.2222,2,0.142,0.701,2,0.1419,0.5468,2,0.1419,,,0.0,0.8428,2,0.142,0.6495,2,0.1484
2,dimension_3d,prediction,domino,drivaerml_3d_3d_volume,S,pressure_coeff+velocity+vorticity::totalpcoeff,94.5848,0.3611,24.3143,8,0,54060.0,9,0,1.6046,9,0,0.072,2,0.1411,0.1222,2,0.1397,33.6047,2,0.1397,0.9403,2,0.1397,0.2311,2,0.1397,,,0.0,0.9481,2,0.1428,0.8749,2,0.1574
2,dimension_3d,prediction,domino,drivaerml_3d_3d_volume,S,pressure_coeff+velocity+vorticity::velocity::x,64.1636,0.375,24.3143,8,0,54060.0,9,0,1.6046,9,0,2.6287,2,0.1163,4.1793,2,0.1163,45.3773,2,0.1163,0.9351,2,0.1163,0.178,2,0.1163,0.95,2.0,0.1163,0.915,2,0.1811,0.8747,2,0.1211
2,dimension_3d,prediction,domino,drivaerml_3d_3d_volume,S,pressure_coeff+velocity+vorticity::velocity::y,63.6669,0.375,24.3143,8,0,54060.0,9,0,1.6046,9,0,1.8555,2,0.137,3.1367,2,0.1221,76.0371,2,0.1221,0.8677,2,0.122,0.3638,2,0.122,0.95,2.0,0.1294,0.8381,2,0.1221,0.8171,2,0.1234
2,dimension_3d,prediction,domino,drivaerml_3d_3d_volume,S,pressure_coeff+velocity+vorticity::velocity::z,62.6039,0.3333,24.3143,8,0,54060.0,9,0,1.6046,9,0,1.4939,2,0.1393,2.526,2,0.1212,79.2096,2,0.1267,0.8551,2,0.1212,0.3799,2,0.1212,0.95,2.0,0.1212,0.8297,2,0.1262,0.7945,2,0.1228
2,dimension_3d,prediction,domino,drivaerml_3d_3d_volume,S,pressure_coeff+velocity+vorticity::vorticity::x,65.412,0.4167,24.3143,8,0,54060.0,9,0,1.6046,9,0,2.4198,2,0.1481,3.671,2,0.1298,79.807,2,0.1316,0.5471,2,0.1259,0.6729,2,0.1259,,,0.0,0.7826,2,0.1262,0.6161,2,0.2125
2,dimension_3d,prediction,domino,drivaerml_3d_3d_volume,S,pressure_coeff+velocity+vorticity::vorticity::y,64.8122,0.4028,24.3143,8,0,54060.0,9,0,1.6046,9,0,2.1362,2,0.1376,3.5077,2,0.1376,63.6418,2,0.1393,0.6305,2,0.1376,0.6023,2,0.1376,,,0.0,0.8292,2,0.1401,0.663,2,0.1701
2,dimension_3d,prediction,domino,drivaerml_3d_3d_volume,S,pressure_coeff+velocity+vorticity::vorticity::z,63.5517,0.3611,24.3143,8,0,54060.0,9,0,1.6046,9,0,2.0791,2,0.1329,3.3815,2,0.132,67.135,2,0.1322,0.6163,2,0.132,0.6195,2,0.132,,,0.0,0.8179,2,0.1322,0.5978,2,0.2065
2,dimension_3d,prediction,domino,drivaerml_3d_3d_volume,XL,pressure_coeff+velocity+vorticity::totalpcoeff,60.3053,0.3333,24.3143,8,0,161280.0,9,0,1.5127,9,0,0.0421,2,0.1428,0.0781,2,0.1425,22.1753,2,0.1445,0.9756,2,0.1425,0.1477,2,0.1425,,,0.0,0.9716,2,0.1425,0.9156,2,0.1428
2,dimension_3d,prediction,domino,drivaerml_3d_3d_volume,XL,pressure_coeff+velocity+vorticity::velocity::x,51.48,0.3333,24.3143,8,0,161280.0,9,0,1.5127,9,0,1.5075,2,0.1247,2.5197,2,0.1247,31.5908,2,0.1258,0.9764,2,0.1247,0.1073,2,0.1247,0.9819,2.0,0.1247,0.9484,2,0.1258,0.9256,2,0.1247
2,dimension_3d,prediction,domino,drivaerml_3d_3d_volume,XL,pressure_coeff+velocity+vorticity::velocity::y,61.8779,0.3611,24.3143,8,0,161280.0,9,0,1.5127,9,0,1.0593,2,0.1251,1.8488,2,0.1246,54.6702,2,0.1265,0.954,2,0.1246,0.2144,2,0.1246,0.9819,2.0,0.1246,0.8995,2,0.1253,0.9026,2,0.1246
2,dimension_3d,prediction,domino,drivaerml_3d_3d_volume,XL,pressure_coeff+velocity+vorticity::velocity::z,51.6431,0.3333,24.3143,8,0,161280.0,9,0,1.5127,9,0,0.8728,2,0.1248,1.5498,2,0.1248,58.2301,2,0.1248,0.9454,2,0.1248,0.2331,2,0.1248,0.9819,2.0,0.1264,0.8902,2,0.1248,0.8823,2,0.1248
2,dimension_3d,prediction,domino,drivaerml_3d_3d_volume,XL,pressure_coeff+velocity+vorticity::vorticity::x,61.218,0.375,24.3143,8,0,161280.0,9,0,1.5127,9,0,1.6809,2,0.1396,2.7619,2,0.1421,61.6992,2,0.1421,0.7437,2,0.1421,0.5063,2,0.1421,,,0.0,0.8422,2,0.1396,0.7392,2,0.1524
2,dimension_3d,prediction,domino,drivaerml_3d_3d_volume,XL,pressure_coeff+velocity+vorticity::vorticity::y,54.2089,0.3611,24.3143,8,0,161280.0,9,0,1.5127,9,0,1.4981,2,0.14,2.6976,2,0.1425,48.8094,2,0.1421,0.7815,2,0.1425,0.4632,2,0.1425,,,0.0,0.8775,2,0.14,0.7752,2,0.1504
2,dimension_3d,prediction,domino,drivaerml_3d_3d_volume,XL,pressure_coeff+velocity+vorticity::vorticity::z,69.8131,0.3611,24.3143,8,0,161280.0,9,0,1.5127,9,0,1.4514,2,0.1429,2.572,2,0.1429,52.0144,2,0.1429,0.778,2,0.1429,0.4712,2,0.1429,,,0.0,0.8668,2,0.1429,0.7205,2,0.1429
2,dimension_3d,prediction,transolver_pp,drivaernet_3d_2d_centerplane,L,pressure+velocity::pressure,49.3011,0.3571,1.7412,3,0,272.2569,4,0,0.777,6,0,16.0591,5,0.1352,26.7295,5,0.1344,39.5632,3,0.1393,0.9552,5,0.1344,0.2043,5,0.1344,,,0.0,0.9446,1,0.1768,0.8634,5,0.1455
2,dimension_3d,prediction,regdgcnn,drivaernet_3d_2d_centerplane,L,pressure+velocity::velocity::x,94.0599,0.3333,1.4418,1,0,1258.2914,7,0,0.6961,1,0,2.0318,1,0.1211,3.3244,1,0.1211,31.7029,2,0.1206,0.9395,1,0.1211,0.1431,1,0.1211,0.9728,2.0,0.1206,0.9354,2,0.1206,0.8696,4,0.1538
2,dimension_3d,prediction,linearno_big,drivaernet_3d_2d_centerplane,L,pressure+velocity::velocity::y,75.4943,0.4048,11.0469,7,0,438.9095,6,0,0.7308,3,0,0.7955,2,0.1213,1.4453,1,0.1172,98.2932,2,0.1538,0.3499,1,0.1172,0.8015,1,0.1172,0.9729,1.0,0.1349,0.7714,1,0.1172,0.4579,2,0.1213
2,dimension_3d,prediction,regdgcnn,drivaernet_3d_2d_centerplane,L,pressure+velocity::velocity::z,39.4775,0.3333,1.4418,1,0,1258.2914,7,0,0.6961,1,0,0.9227,3,0.1089,1.5515,3,0.1095,60.9927,2,0.1666,0.8938,3,0.1095,0.319,3,0.1095,0.9728,2.0,0.1101,0.8636,2,0.1559,0.8409,5,0.1299
2,dimension_3d,prediction,linearno_big,drivaernet_3d_2d_centerplane,M,pressure+velocity::pressure,66.4465,0.3571,11.0469,7,0,408.1825,6,0,0.7216,3,0,17.493,3,0.1324,25.995,1,0.1348,45.9756,5,0.1643,0.9576,1,0.1348,0.1986,1,0.1348,,,0.0,0.9281,5,0.1643,0.8691,1,0.1348
2,dimension_3d,prediction,linearno,drivaernet_3d_2d_centerplane,M,pressure+velocity::velocity::x,41.1623,0.3095,3.327,4,0,256.5747,5,0,0.7798,7,0,2.201,2,0.1239,3.5709,2,0.1234,33.1804,2,0.1312,0.9302,2,0.1234,0.1538,2,0.1234,0.9694,2.0,0.1234,0.9308,3,0.1275,0.8704,2,0.1239
2,dimension_3d,prediction,linearno_big,drivaernet_3d_2d_centerplane,M,pressure+velocity::velocity::y,62.2273,0.4286,11.0469,7,0,408.1825,6,0,0.7216,3,0,0.8515,5,0.1079,1.5554,5,0.1127,107.4887,3,0.1172,0.247,5,0.1127,0.8626,5,0.1127,0.9697,1.0,0.1572,0.7081,3,0.1734,0.4267,4,0.1062
2,dimension_3d,prediction,regdgcnn,drivaernet_3d_2d_centerplane,M,pressure+velocity::velocity::z,68.0218,0.3571,1.4418,1,0,654.1431,7,0,0.6965,1,0,1.0092,4,0.112,1.6485,3,0.112,63.9284,2,0.1542,0.8801,3,0.112,0.3389,3,0.112,0.9683,3.0,0.1193,0.8591,1,0.1554,0.8232,5,0.123
2,dimension_3d,prediction,linearno_big,drivaernet_3d_2d_centerplane,S,pressure+velocity::pressure,54.3096,0.3333,11.0469,7,0,262.3325,6,0,0.7353,3,0,21.3942,2,0.1407,35.9604,2,0.1407,47.0739,2,0.1437,0.9189,2,0.1407,0.2748,2,0.1407,,,0.0,0.9293,1,0.1476,0.7821,2,0.146
2,dimension_3d,prediction,regdgcnn,drivaernet_3d_2d_centerplane,S,pressure+velocity::velocity::x,41.2597,0.3095,1.4418,1,0,293.7707,7,0,0.7819,6,0,2.7866,2,0.1235,4.3573,2,0.1235,37.1631,3,0.1258,0.896,2,0.1235,0.1876,2,0.1235,0.957,2.0,0.1235,0.9253,3,0.1258,0.8184,2,0.1307
2,dimension_3d,prediction,transolver_pp,drivaernet_3d_2d_centerplane,S,pressure+velocity::velocity::y,62.4846,0.4286,1.7412,3,0,93.6017,1,0,0.7764,5,0,0.8621,4,0.1116,1.5633,4,0.1019,107.2066,3,0.1661,0.2394,4,0.1032,0.8669,4,0.1019,0.9429,5.0,0.1175,0.7237,2,0.1952,0.4025,4,0.1026
2,dimension_3d,prediction,linearno_big,drivaernet_3d_2d_centerplane,S,pressure+velocity::velocity::z,69.893,0.3571,11.0469,7,0,262.3325,6,0,0.7353,3,0,1.1285,1,0.1174,1.813,1,0.1203,66.8228,2,0.1301,0.855,1,0.1203,0.3727,1,0.1203,0.9564,3.0,0.1338,0.8511,2,0.1247,0.8009,2,0.133
2,dimension_3d,prediction,linearno_big,drivaernet_3d_2d_centerplane,XL,pressure+velocity::pressure,54.6907,0.3571,11.0469,7,0,685.1181,6,0,0.7372,3,0,14.3758,3,0.1374,21.3727,1,0.1374,40.0112,4,0.1424,0.9714,1,0.1374,0.1633,1,0.1374,,,0.0,0.9422,4,0.1424,0.8836,3,0.1655
2,dimension_3d,prediction,linearno_big,drivaernet_3d_2d_centerplane,XL,pressure+velocity::velocity::x,73.2686,0.3333,11.0469,7,0,685.1181,6,0,0.7372,3,0,1.8697,1,0.1169,3.1002,1,0.1169,30.4346,2,0.1203,0.9474,1,0.1169,0.1335,1,0.1169,0.9762,1.0,0.1215,0.9376,2,0.1203,0.8831,2,0.1701
2,dimension_3d,prediction,linearno,drivaernet_3d_2d_centerplane,XL,pressure+velocity::velocity::y,67.8989,0.5,3.327,4,0,458.4889,5,0,0.8126,7,0,0.7756,1,0.1344,1.4394,3,0.1166,96.6673,2,0.145,0.3551,3,0.1166,0.7983,3,0.1166,0.9731,3.0,0.1201,0.7516,4,0.1353,0.4661,1,0.1153
2,dimension_3d,prediction,linearno_big,drivaernet_3d_2d_centerplane,XL,pressure+velocity::velocity::z,76.3315,0.381,11.0469,7,0,685.1181,6,0,0.7372,3,0,0.8226,1,0.117,1.3986,1,0.1129,60.2619,4,0.1544,0.9137,1,0.1129,0.2875,1,0.1129,0.9762,1.0,0.1189,0.8608,5,0.1566,0.8713,1,0.1146
2,dimension_3d,prediction,linearno,drivaernet_3d_2d_surface,L,pressure::pressure,99.484,0.3571,3.3257,4,0,605.1785,2,0,0.1136,5,0,16.1456,2,0.1443,28.7429,2,0.1421,21.5439,2,0.1443,0.9375,2,0.1421,0.1936,2,0.1421,,,,0.9844,1,0.143,0.8755,2,0.1421
2,dimension_3d,prediction,transolver_pp,drivaernet_3d_2d_surface,M,pressure::pressure,99.6637,0.3571,1.7399,3,0,540.1335,4,0,0.107,3,0,17.4787,2,0.1423,30.8724,3,0.1422,22.8941,2,0.1423,0.9279,3,0.1444,0.2079,3,0.1444,,,,0.9829,2,0.1423,0.865,2,0.1423
2,dimension_3d,prediction,transolver_pp,drivaernet_3d_2d_surface,S,pressure::pressure,98.6668,0.3571,1.7399,3,0,349.2952,2,0,0.1067,2,0,20.8086,2,0.1404,36.2017,2,0.1404,26.4583,3,0.1427,0.9009,2,0.1404,0.2438,2,0.1404,,,,0.9786,2,0.1404,0.8364,4,0.1551
2,dimension_3d,prediction,transolver,drivaernet_3d_2d_surface,XL,pressure::pressure,99.3776,0.3571,3.7775,6,0,731.1771,2,0,0.111,4,0,15.3001,3,0.1408,26.8734,1,0.14,20.6742,2,0.1476,0.9454,1,0.14,0.181,1,0.14,,,,0.9851,2,0.1392,0.8799,4,0.1522
3,dimension_3d,prediction,regdgcnn,deepjeb_3d_2d_diagonal,L,displacement+von_mises::displacement::x,88.2139,0.35,1.4418,1,0,3731.4653,5,0,0.2087,2,0,0.0036,3,0.125,0.007,3,0.125,49.5769,3,0.125,0.8374,3,0.125,0.3221,3,0.125,0.9865,3.0,0.125,0.9094,3,0.125,0.8565,3,0.125
3,dimension_3d,prediction,transolver_pp,deepjeb_3d_2d_diagonal,L,displacement+von_mises::displacement::y,98.296,0.3,1.7412,3,0,2682.03,2,0,0.2573,5,0,0.0027,2,0.1222,0.0053,3,0.1278,53.01,2,0.1222,0.9078,3,0.1278,0.3036,3,0.1278,0.9872,2.0,0.1222,0.9097,3,0.1278,0.8671,2,0.1222
3,dimension_3d,prediction,regdgcnn,deepjeb_3d_2d_diagonal,L,displacement+von_mises::displacement::z,95.4133,0.35,1.4418,1,0,3731.4653,5,0,0.2087,2,0,0.0069,3,0.1189,0.0117,1,0.1302,36.1207,3,0.1262,0.9513,1,0.1302,0.1571,1,0.1302,0.9865,3.0,0.1189,0.9426,3,0.1262,0.9121,3,0.1189
3,dimension_3d,prediction,regdgcnn,deepjeb_3d_2d_diagonal,L,displacement+von_mises::von_mises,98.3599,0.35,1.4418,1,0,3731.4653,5,0,0.2087,2,0,15.6348,3,0.142,25.5395,1,0.142,57.8131,3,0.1497,0.7128,1,0.142,0.463,1,0.142,,,0.0,0.8876,3,0.1497,0.6845,2,0.1328
3,dimension_3d,prediction,transolver_pp,deepjeb_3d_2d_diagonal,M,displacement+von_mises::displacement::x,98.9138,0.35,1.7412,3,0,1387.8267,2,0,0.2518,5,0,0.0043,3,0.1192,0.0078,3,0.1192,52.0047,2,0.1423,0.7944,3,0.1192,0.3622,3,0.1192,0.9807,3.0,0.1192,0.9117,2,0.1423,0.8317,3,0.1192
3,dimension_3d,prediction,transolver_pp,deepjeb_3d_2d_diagonal,M,displacement+von_mises::displacement::y,98.8411,0.35,1.7412,3,0,1387.8267,2,0,0.2518,5,0,0.0034,3,0.1182,0.0065,2,0.1156,58.9281,2,0.1384,0.8605,2,0.1199,0.3734,2,0.1199,0.9807,3.0,0.1285,0.9022,1,0.1422,0.8247,3,0.1173
3,dimension_3d,prediction,regdgcnn,deepjeb_3d_2d_diagonal,M,displacement+von_mises::displacement::z,54.5183,0.4,1.4418,1,0,1877.8838,5,0,0.2385,4,0,0.008,1,0.1174,0.0134,1,0.1174,38.9031,3,0.1333,0.9366,1,0.1174,0.1794,1,0.1174,0.982,1.0,0.121,0.9368,3,0.1333,0.9003,3,0.143
3,dimension_3d,prediction,transolver_pp,deepjeb_3d_2d_diagonal,M,displacement+von_mises::von_mises,97.2031,0.35,1.7412,3,0,1387.8267,2,0,0.2518,5,0,18.399,3,0.1331,29.2007,2,0.1352,62.987,2,0.195,0.6245,2,0.1352,0.5294,2,0.1352,,,0.0,0.8732,3,0.1331,0.617,3,0.1331
3,dimension_3d,prediction,transolver_pp,deepjeb_3d_2d_diagonal,S,displacement+von_mises::displacement::x,91.7752,0.35,1.7412,3,0,583.258,2,0,0.2359,5,0,0.0055,3,0.1207,0.0099,3,0.1207,61.1783,3,0.1256,0.6733,3,0.1207,0.4566,3,0.1207,0.9658,3.0,0.1207,0.8901,2,0.1503,0.7838,3,0.1207
3,dimension_3d,prediction,transolver_pp,deepjeb_3d_2d_diagonal,S,displacement+von_mises::displacement::y,95.5526,0.35,1.7412,3,0,583.258,2,0,0.2359,5,0,0.0045,3,0.1237,0.0085,3,0.1237,70.6871,3,0.1237,0.7615,3,0.1237,0.4883,3,0.1237,0.9658,3.0,0.1339,0.8812,3,0.1237,0.7628,3,0.1237
3,dimension_3d,prediction,transolver_pp,deepjeb_3d_2d_diagonal,S,displacement+von_mises::displacement::z,66.964,0.35,1.7412,3,0,583.258,2,0,0.2359,5,0,0.0109,3,0.1237,0.0191,3,0.1237,43.6318,3,0.1237,0.8703,3,0.1237,0.2566,3,0.1237,0.9658,3.0,0.1237,0.929,3,0.1237,0.8908,3,0.1339
3,dimension_3d,prediction,transolver_pp,deepjeb_3d_2d_diagonal,S,displacement+von_mises::von_mises,83.1079,0.3,1.7412,3,0,583.258,2,0,0.2359,5,0,21.995,3,0.141,33.7931,3,0.141,74.7954,3,0.141,0.4972,3,0.141,0.6127,3,0.141,,,0.0,0.8419,3,0.1475,0.5195,3,0.1475
3,dimension_3d,prediction,regdgcnn,deepjeb_3d_2d_diagonal,XL,displacement+von_mises::displacement::x,51.8748,0.4,1.4418,1,0,7297.144,5,0,0.2082,3,0,0.003,2,0.123,0.006,2,0.123,45.4526,3,0.1245,0.8789,2,0.1279,0.278,2,0.1279,0.9894,3.0,0.1245,0.922,3,0.1245,0.8703,3,0.1245
3,dimension_3d,prediction,regdgcnn,deepjeb_3d_2d_diagonal,XL,displacement+von_mises::displacement::y,92.7228,0.35,1.4418,1,0,7297.144,5,0,0.2082,3,0,0.0024,3,0.1213,0.0042,3,0.1247,51.5575,3,0.1245,0.9411,3,0.128,0.2427,3,0.128,0.9894,3.0,0.1245,0.9168,3,0.1245,0.8832,3,0.1245
3,dimension_3d,prediction,regdgcnn,deepjeb_3d_2d_diagonal,XL,displacement+von_mises::displacement::z,84.0185,0.35,1.4418,1,0,7297.144,5,0,0.2082,3,0,0.0062,3,0.123,0.0104,3,0.123,33.7536,3,0.1245,0.9618,3,0.1279,0.1393,3,0.1279,0.9894,3.0,0.1245,0.9446,3,0.1245,0.9143,3,0.1245
3,dimension_3d,prediction,regdgcnn,deepjeb_3d_2d_diagonal,XL,displacement+von_mises::von_mises,94.3245,0.3,1.4418,1,0,7297.144,5,0,0.2082,3,0,14.3113,3,0.1424,23.9013,3,0.1402,52.9262,3,0.1543,0.7485,3,0.1402,0.4333,3,0.1402,,,0.0,0.8985,3,0.1424,0.71,3,0.1402
3,dimension_3d,prediction,regdgcnn,deepjeb_3d_2d_horizontal,L,displacement+von_mises::displacement::x,89.1978,0.35,1.4418,1,0,3715.4519,5,0,0.2096,4,0,0.0069,3,0.1194,0.0138,2,0.1222,38.8343,3,0.1237,0.9668,2,0.1319,0.1493,2,0.1319,0.9905,3.0,0.1237,0.9355,3,0.1237,0.9668,3,0.1237
3,dimension_3d,prediction,regdgcnn,deepjeb_3d_2d_horizontal,L,displacement+von_mises::displacement::y,98.0735,0.35,1.4418,1,0,3715.4519,5,0,0.2096,4,0,0.0019,3,0.1224,0.0032,2,0.1199,64.2196,3,0.1194,0.8351,2,0.127,0.4035,2,0.127,0.9905,3.0,0.1456,0.8815,3,0.1194,0.7621,3,0.1194
3,dimension_3d,prediction,regdgcnn,deepjeb_3d_2d_horizontal,L,displacement+von_mises::displacement::z,93.0715,0.35,1.4418,1,0,3715.4519,5,0,0.2096,4,0,0.0072,3,0.1169,0.0128,2,0.1278,44.5636,3,0.1221,0.9724,2,0.1278,0.1547,2,0.1278,0.9905,3.0,0.1259,0.9184,3,0.1259,0.9539,3,0.1259
3,dimension_3d,prediction,regdgcnn,deepjeb_3d_2d_horizontal,L,displacement+von_mises::von_mises,94.8113,0.35,1.4418,1,0,3715.4519,5,0,0.2096,4,0,23.4904,3,0.1419,40.3775,3,0.1441,65.9293,3,0.1419,0.6957,3,0.1441,0.5433,3,0.1441,,,0.0,0.8544,3,0.1419,0.6329,3,0.1419
3,dimension_3d,prediction,transolver_pp,deepjeb_3d_2d_horizontal,M,displacement+von_mises::displacement::x,96.5713,0.35,1.7412,3,0,1343.0296,2,0,0.202,2,0,0.0083,2,0.1292,0.0156,1,0.1213,42.9101,2,0.1213,0.9576,1,0.1213,0.1687,1,0.1213,0.9895,2.0,0.1213,0.9247,3,0.1433,0.9667,2,0.1213
3,dimension_3d,prediction,transolver_pp,deepjeb_3d_2d_horizontal,M,displacement+von_mises::displacement::y,95.436,0.35,1.7412,3,0,1343.0296,2,0,0.202,2,0,0.0022,3,0.1192,0.0037,3,0.1249,69.8213,2,0.1333,0.7779,3,0.1249,0.4683,3,0.1249,0.9895,2.0,0.1333,0.8612,3,0.1198,0.7316,3,0.1198
3,dimension_3d,prediction,transolver,deepjeb_3d_2d_horizontal,M,displacement+von_mises::displacement::z,93.9817,0.35,3.7788,5,0,1458.171,4,0,0.2584,5,0,0.0089,3,0.1236,0.0165,3,0.1236,44.7946,2,0.1185,0.9545,3,0.1236,0.1987,3,0.1236,0.9906,1.0,0.1291,0.9239,1,0.1291,0.9601,1,0.1291
3,dimension_3d,prediction,transolver_pp,deepjeb_3d_2d_horizontal,M,displacement+von_mises::von_mises,97.5399,0.35,1.7412,3,0,1343.0296,2,0,0.202,2,0,26.4659,3,0.1419,44.1311,3,0.1441,72.3046,3,0.1419,0.6365,3,0.1441,0.5939,3,0.1441,,,0.0,0.838,3,0.1419,0.5833,3,0.1419
3,dimension_3d,prediction,transolver_pp,deepjeb_3d_2d_horizontal,S,displacement+von_mises::displacement::x,54.2521,0.4,1.7412,3,0,565.7198,2,0,0.2198,4,0,0.0124,3,0.1141,0.023,3,0.1141,53.6404,3,0.1141,0.908,3,0.1141,0.2485,3,0.1141,0.9825,2.0,0.1487,0.8992,4,0.1602,0.9563,3,0.1207
3,dimension_3d,prediction,transolver,deepjeb_3d_2d_horizontal,S,displacement+von_mises::displacement::y,92.5397,0.35,3.7788,5,0,652.8664,4,0,0.2429,5,0,0.0032,3,0.1166,0.0051,3,0.1157,86.5438,3,0.1157,0.575,3,0.1157,0.6478,3,0.1157,0.9845,1.0,0.1894,0.8088,3,0.1157,0.6589,3,0.1157
3,dimension_3d,prediction,regdgcnn,deepjeb_3d_2d_horizontal,S,displacement+von_mises::displacement::z,99.6503,0.35,1.4418,1,0,772.3909,5,0,0.2188,3,0,0.011,1,0.1234,0.0209,1,0.1234,57.7081,3,0.1234,0.9266,1,0.1234,0.2523,1,0.1234,0.9816,3.0,0.1276,0.8836,3,0.1276,0.9399,3,0.1276
3,dimension_3d,prediction,transolver,deepjeb_3d_2d_horizontal,S,displacement+von_mises::von_mises,86.6922,0.3,3.7788,5,0,652.8664,4,0,0.2429,5,0,33.1846,3,0.141,52.5652,3,0.141,85.0464,2,0.1475,0.4843,3,0.141,0.7073,3,0.141,,,0.0,0.7906,3,0.141,0.4816,2,0.1475
3,dimension_3d,prediction,regdgcnn,deepjeb_3d_2d_horizontal,XL,displacement+von_mises::displacement::x,51.7995,0.4,1.4418,1,0,7299.464,5,0,0.2084,3,0,0.0059,3,0.1224,0.0118,3,0.1259,38.2213,3,0.1259,0.9757,3,0.1259,0.1277,3,0.1259,0.992,3.0,0.1224,0.9309,3,0.1259,0.9686,3,0.1259
3,dimension_3d,prediction,regdgcnn,deepjeb_3d_2d_horizontal,XL,displacement+von_mises::displacement::y,90.3375,0.35,1.4418,1,0,7299.464,5,0,0.2084,3,0,0.0017,3,0.1229,0.0029,3,0.1229,60.8926,3,0.1228,0.8648,3,0.1228,0.3653,3,0.1228,0.992,3.0,0.1262,0.8896,3,0.1335,0.7838,3,0.1262
3,dimension_3d,prediction,regdgcnn,deepjeb_3d_2d_horizontal,XL,displacement+von_mises::displacement::z,79.463,0.35,1.4418,1,0,7299.464,5,0,0.2084,3,0,0.0063,3,0.1237,0.0114,3,0.1237,42.3234,3,0.1237,0.9782,3,0.1237,0.1376,3,0.1237,0.992,3.0,0.1237,0.9219,3,0.1237,0.9564,3,0.1344
3,dimension_3d,prediction,regdgcnn,deepjeb_3d_2d_horizontal,XL,displacement+von_mises::von_mises,82.3975,0.3,1.4418,1,0,7299.464,5,0,0.2084,3,0,21.8729,3,0.1419,38.2492,3,0.1441,62.3963,3,0.1419,0.727,3,0.1441,0.5147,3,0.1441,,,0.0,0.8648,3,0.1419,0.6655,3,0.1419
3,dimension_3d,prediction,pointnet,deepjeb_3d_2d_modal,L,mode_shapes::mode_shape_1::x,48.1235,0.45,3.6685,4,0,759.2331,3,0,0.2913,4,0,258.8007,1,0.1166,357.3368,1,0.1166,195.9888,5,0.1166,-0.0002,1,0.1166,1.0,1,0.1166,0.0114,3.0,0.1307,0.5005,2,0.1284,0.1186,3,0.1576
3,dimension_3d,prediction,transolver_pp,deepjeb_3d_2d_modal,L,mode_shapes::mode_shape_1::y,54.0025,0.4,1.7417,3,0,1626.6505,5,0,0.2824,1,0,374.0726,3,0.1203,552.078,2,0.1122,191.533,3,0.1353,0.0001,2,0.1122,0.9999,1,0.1114,0.0072,5.0,0.1164,0.5046,2,0.1183,0.0828,5,0.174
3,dimension_3d,prediction,transolver_pp,deepjeb_3d_2d_modal,L,mode_shapes::mode_shape_1::z,42.1044,0.45,1.7417,3,0,1626.6505,5,0,0.2824,1,0,641.7149,1,0.0934,793.9338,2,0.0934,192.5717,4,0.0985,-0.0005,2,0.0934,1.0002,2,0.0934,0.0072,5.0,0.1003,0.5028,2,0.2121,0.2029,4,0.2155
3,dimension_3d,prediction,transolver_pp,deepjeb_3d_2d_modal,L,mode_shapes::mode_shape_2::x,50.1181,0.5,1.7417,3,0,1626.6505,5,0,0.2824,1,0,248.4934,2,0.0948,327.4697,2,0.0948,188.616,3,0.1026,-0.0004,2,0.0948,1.0002,2,0.0948,0.0023,4.0,0.1081,0.4991,4,0.2206,0.1402,3,0.1897
3,dimension_3d,prediction,pointnet,deepjeb_3d_2d_modal,L,mode_shapes::mode_shape_2::y,45.194,0.45,3.6685,4,0,759.2331,3,0,0.2913,4,0,262.8459,1,0.1056,454.858,1,0.1056,193.016,5,0.1056,0.0,1,0.1056,1.0,1,0.1056,0.0012,5.0,0.1217,0.4966,5,0.126,0.082,4,0.2244
3,dimension_3d,prediction,transolver_pp,deepjeb_3d_2d_modal,L,mode_shapes::mode_shape_2::z,49.9726,0.5,1.7417,3,0,1626.6505,5,0,0.2824,1,0,674.0057,3,0.1027,904.1834,3,0.0976,187.9617,3,0.1027,-0.0003,3,0.0976,1.0001,3,0.0976,0.0023,4.0,0.1715,0.5002,4,0.1877,0.1688,3,0.1425
3,dimension_3d,prediction,pointnet,deepjeb_3d_2d_modal,M,mode_shapes::mode_shape_1::x,43.2088,0.5,3.6685,4,0,63.5931,1,0,0.3512,5,0,258.869,1,0.0931,357.4413,1,0.0931,185.924,5,0.1033,-0.0007,1,0.0931,1.0003,1,0.0954,0.012,4.0,0.1239,0.5005,1,0.1226,0.0534,5,0.2756
3,dimension_3d,prediction,pointnet,deepjeb_3d_2d_modal,M,mode_shapes::mode_shape_1::y,50.9841,0.5,3.6685,4,0,63.5931,1,0,0.3512,5,0,374.0627,1,0.117,552.1237,1,0.117,193.2916,5,0.117,0.0,1,0.117,1.0,1,0.117,0.012,4.0,0.1556,0.5015,1,0.1234,0.2903,2,0.1358
3,dimension_3d,prediction,transolver,deepjeb_3d_2d_modal,M,mode_shapes::mode_shape_1::z,50.0555,0.5,3.7793,5,0,957.21,5,0,0.2907,3,0,645.0947,3,0.0944,798.0202,3,0.0944,171.6088,3,0.1164,-0.0109,3,0.0944,1.0054,3,0.0944,0.0892,1.0,0.1251,0.4963,5,0.1725,0.0024,4,0.2085
3,dimension_3d,prediction,pointnet,deepjeb_3d_2d_modal,M,mode_shapes::mode_shape_2::x,46.9339,0.5,3.6685,4,0,63.5931,1,0,0.3512,5,0,248.4294,1,0.099,327.3996,1,0.099,198.1272,5,0.1386,0.0,1,0.099,1.0,1,0.099,0.0008,5.0,0.1327,0.4999,3,0.1247,0.0902,4,0.2079
3,dimension_3d,prediction,regdgcnn,deepjeb_3d_2d_modal,M,mode_shapes::mode_shape_2::y,42.9597,0.5,1.4421,1,0,129.5686,3,0,0.2837,2,0,268.2078,4,0.1052,458.2706,4,0.1052,161.5694,2,0.113,-0.0151,4,0.1052,1.0075,4,0.1052,0.0643,1.0,0.1564,0.503,2,0.113,0.1963,3,0.1968
3,dimension_3d,prediction,pointnet,deepjeb_3d_2d_modal,M,mode_shapes::mode_shape_2::z,43.8029,0.45,3.6685,4,0,63.5931,1,0,0.3512,5,0,673.8246,1,0.1083,904.0641,1,0.115,195.2324,5,0.115,0.0,1,0.115,1.0,1,0.115,0.0008,5.0,0.1416,0.5043,1,0.1227,0.1119,5,0.1673
3,dimension_3d,prediction,pointnet,deepjeb_3d_2d_modal,S,mode_shapes::mode_shape_1::x,45.037,0.5,3.6685,4,0,27.9267,1,0,0.3572,5,0,259.2578,1,0.0966,357.8349,1,0.0997,174.7421,5,0.1365,-0.0029,1,0.0997,1.0014,1,0.0997,0.0116,3.0,0.1362,0.5005,1,0.0996,0.1591,3,0.232
3,dimension_3d,prediction,geofno,deepjeb_3d_2d_modal,S,mode_shapes::mode_shape_1::y,83.9365,0.5,1.5461,2,0,32.4022,2,0,0.3124,4,0,408.2036,4,0.1104,591.2391,5,0.1046,150.411,2,0.1104,-0.1468,5,0.1046,1.0709,5,0.1046,0.3394,1.0,0.1656,0.4939,5,0.1703,0.2833,2,0.1296
3,dimension_3d,prediction,pointnet,deepjeb_3d_2d_modal,S,mode_shapes::mode_shape_1::z,87.1154,0.5,3.6685,4,0,27.9267,1,0,0.3572,5,0,642.0752,1,0.1073,795.0477,1,0.1073,180.4527,5,0.1194,-0.0034,1,0.1073,1.0016,1,0.1073,0.0116,3.0,0.1575,0.5028,1,0.1175,0.2521,3,0.1763
3,dimension_3d,prediction,transolver,deepjeb_3d_2d_modal,S,mode_shapes::mode_shape_2::x,49.583,0.5,3.7793,5,0,112.6566,4,0,0.2911,3,0,254.2075,3,0.1084,333.3004,3,0.0949,151.882,1,0.1107,-0.0364,3,0.0949,1.018,3,0.0949,0.1028,3.0,0.1207,0.5011,3,0.2043,0.2295,2,0.1713
3,dimension_3d,prediction,regdgcnn,deepjeb_3d_2d_modal,S,mode_shapes::mode_shape_2::y,42.5428,0.5,1.4421,1,0,73.2771,3,0,0.2823,2,0,272.1226,4,0.1042,461.4292,4,0.1042,156.0153,2,0.1042,-0.0291,4,0.1042,1.0144,4,0.1042,0.0299,4.0,0.1496,0.5029,2,0.2085,0.1921,3,0.1207
3,dimension_3d,prediction,pointnet,deepjeb_3d_2d_modal,S,mode_shapes::mode_shape_2::z,48.6688,0.5,3.6685,4,0,27.9267,1,0,0.3572,5,0,673.8383,1,0.0983,904.0584,1,0.0983,198.3688,5,0.0983,0.0,1,0.0983,1.0,1,0.1056,0.0015,5.0,0.1283,0.5043,2,0.2444,0.1334,5,0.1283
3,dimension_3d,prediction,transolver,deepjeb_3d_2d_modal,XL,mode_shapes::mode_shape_1::x,46.798,0.45,3.7793,5,0,3273.9797,5,0,0.2947,4,0,258.9022,3,0.0884,357.43,3,0.0884,184.1434,3,0.0884,-0.0007,3,0.0884,1.0003,3,0.0876,0.0214,3.0,0.1045,0.5019,2,0.1956,0.1192,5,0.2589
3,dimension_3d,prediction,pointnet,deepjeb_3d_2d_modal,XL,mode_shapes::mode_shape_1::y,44.3409,0.5,3.6685,4,0,1343.3551,3,0,0.285,3,0,374.0573,1,0.1094,552.116,3,0.1048,196.2293,5,0.1012,0.0,3,0.1022,1.0,3,0.1022,0.012,5.0,0.1539,0.5015,4,0.1529,0.1392,5,0.1735
3,dimension_3d,prediction,transolver,deepjeb_3d_2d_modal,XL,mode_shapes::mode_shape_1::z,48.0425,0.5,3.7793,5,0,3273.9797,5,0,0.2947,4,0,641.8714,2,0.1008,794.1134,2,0.1008,194.1753,5,0.1093,-0.001,2,0.1008,1.0005,2,0.1022,0.0214,3.0,0.1227,0.501,3,0.1217,0.3317,2,0.2416
3,dimension_3d,prediction,transolver_pp,deepjeb_3d_2d_modal,XL,mode_shapes::mode_shape_2::x,45.7904,0.5,1.7417,3,0,1931.3587,4,0,0.2829,1,0,248.4833,3,0.0939,327.4658,3,0.0939,192.2417,3,0.0939,-0.0004,3,0.0939,1.0002,3,0.0939,0.0111,3.0,0.2146,0.4976,4,0.1156,0.1332,3,0.2003
3,dimension_3d,prediction,transolver_pp,deepjeb_3d_2d_modal,XL,mode_shapes::mode_shape_2::y,46.6456,0.5,1.7417,3,0,1931.3587,4,0,0.2829,1,0,263.0839,3,0.1015,454.9075,2,0.0998,182.5134,3,0.1015,-0.0002,2,0.0981,1.0001,2,0.0981,0.0111,3.0,0.1714,0.4964,4,0.2074,0.2242,2,0.1224
3,dimension_3d,prediction,pointnet,deepjeb_3d_2d_modal,XL,mode_shapes::mode_shape_2::z,47.8581,0.5,3.6685,4,0,1343.3551,3,0,0.285,3,0,673.8573,1,0.1041,904.0598,1,0.1041,198.0522,5,0.1011,0.0,1,0.1089,1.0,1,0.1089,0.0013,5.0,0.243,0.4957,5,0.1149,0.3097,1,0.1149
3,dimension_3d,prediction,regdgcnn,deepjeb_3d_2d_torsion,L,displacement+von_mises::displacement::x,97.886,0.35,1.4418,1,0,3539.7906,5,0,0.2039,3,0,0.0014,3,0.1182,0.0028,3,0.1182,46.4219,3,0.1182,0.9742,3,0.1182,0.1607,3,0.1182,0.9823,3.0,0.1182,0.9271,2,0.1727,0.9565,3,0.1182
3,dimension_3d,prediction,regdgcnn,deepjeb_3d_2d_torsion,L,displacement+von_mises::displacement::y,89.6473,0.35,1.4418,1,0,3539.7906,5,0,0.2039,3,0,0.0012,3,0.1237,0.0025,3,0.1237,74.4766,3,0.1237,0.959,3,0.1237,0.2019,3,0.1237,0.9823,3.0,0.1237,0.8435,3,0.1339,0.8528,3,0.1237
3,dimension_3d,prediction,regdgcnn,deepjeb_3d_2d_torsion,L,displacement+von_mises::displacement::z,81.3357,0.35,1.4418,1,0,3539.7906,5,0,0.2039,3,0,0.0013,3,0.1237,0.0024,3,0.1237,58.1614,3,0.1237,0.9552,3,0.1237,0.2116,3,0.1237,0.9823,3.0,0.1237,0.8945,3,0.1339,0.8861,3,0.1237
3,dimension_3d,prediction,transolver_pp,deepjeb_3d_2d_torsion,L,displacement+von_mises::von_mises,95.5875,0.35,1.7412,3,0,2538.3008,2,0,0.1877,2,0,9.0948,2,0.1441,17.3936,3,0.1419,76.6406,2,0.1441,0.7875,3,0.1419,0.461,3,0.1419,,,0.0,0.8184,3,0.1419,0.8294,2,0.1441
3,dimension_3d,prediction,transolver_pp,deepjeb_3d_2d_torsion,M,displacement+von_mises::displacement::x,97.8293,0.35,1.7412,3,0,1293.0761,2,0,0.1968,2,0,0.0016,3,0.117,0.0031,1,0.1225,48.9909,3,0.1316,0.9701,2,0.1204,0.1729,2,0.1204,0.9743,3.0,0.1169,0.9213,3,0.1316,0.9524,1,0.1396
3,dimension_3d,prediction,transolver_pp,deepjeb_3d_2d_torsion,M,displacement+von_mises::displacement::y,95.6145,0.3,1.7412,3,0,1293.0761,2,0,0.1968,2,0,0.0014,3,0.1153,0.003,3,0.1175,76.5125,1,0.1449,0.9414,3,0.1171,0.2414,3,0.1171,0.9743,3.0,0.1243,0.8434,1,0.1449,0.8181,3,0.1189
3,dimension_3d,prediction,transolver_pp,deepjeb_3d_2d_torsion,M,displacement+von_mises::displacement::z,96.5282,0.35,1.7412,3,0,1293.0761,2,0,0.1968,2,0,0.0016,3,0.1261,0.0028,2,0.121,62.9717,3,0.1281,0.9416,2,0.1272,0.2415,2,0.1272,0.9743,3.0,0.1212,0.8883,3,0.1281,0.8708,3,0.1212
3,dimension_3d,prediction,transolver_pp,deepjeb_3d_2d_torsion,M,displacement+von_mises::von_mises,94.1486,0.3,1.7412,3,0,1293.0761,2,0,0.1968,2,0,10.512,3,0.1371,19.2328,3,0.1371,86.3885,3,0.1371,0.7402,3,0.1371,0.5097,3,0.1371,,,0.0,0.7908,2,0.164,0.8001,3,0.1506
3,dimension_3d,prediction,transolver_pp,deepjeb_3d_2d_torsion,S,displacement+von_mises::displacement::x,86.393,0.35,1.7412,3,0,545.1804,2,0,0.1945,2,0,0.0021,3,0.1237,0.0044,3,0.1237,57.7692,3,0.1237,0.9386,3,0.1237,0.2478,3,0.1237,0.9606,3.0,0.1237,0.8913,3,0.1237,0.9431,3,0.1339
3,dimension_3d,prediction,transolver_pp,deepjeb_3d_2d_torsion,S,displacement+von_mises::displacement::y,96.3198,0.35,1.7412,3,0,545.1804,2,0,0.1945,2,0,0.0017,2,0.1201,0.0036,3,0.12,88.1641,2,0.1266,0.9194,3,0.12,0.283,3,0.12,0.9606,3.0,0.1352,0.8086,2,0.1383,0.7677,3,0.12
3,dimension_3d,prediction,transolver_pp,deepjeb_3d_2d_torsion,S,displacement+von_mises::displacement::z,88.6651,0.35,1.7412,3,0,545.1804,2,0,0.1945,2,0,0.002,2,0.1271,0.0037,3,0.1247,69.7421,3,0.1247,0.8966,3,0.1247,0.3214,3,0.1247,0.9606,3.0,0.1247,0.8767,3,0.1247,0.8424,3,0.1247
3,dimension_3d,prediction,transolver_pp,deepjeb_3d_2d_torsion,S,displacement+von_mises::von_mises,84.3549,0.35,1.7412,3,0,545.1804,2,0,0.1945,2,0,12.6657,3,0.1429,22.3206,3,0.1429,101.8131,3,0.1429,0.6501,3,0.1429,0.5915,3,0.1429,,,0.0,0.7496,3,0.1429,0.7467,3,0.1429
3,dimension_3d,prediction,regdgcnn,deepjeb_3d_2d_torsion,XL,displacement+von_mises::displacement::x,84.4564,0.35,1.4418,1,0,7097.435,5,0,0.2017,3,0,0.0012,3,0.125,0.0025,3,0.125,42.6344,3,0.125,0.9804,3,0.125,0.1401,3,0.125,0.9859,3.0,0.125,0.9325,3,0.125,0.9609,3,0.125
3,dimension_3d,prediction,regdgcnn,deepjeb_3d_2d_torsion,XL,displacement+von_mises::displacement::y,85.0212,0.3,1.4418,1,0,7097.435,5,0,0.2017,3,0,0.001,3,0.1217,0.0022,3,0.1217,69.8428,3,0.1232,0.9686,3,0.1266,0.1767,3,0.1266,0.9859,3.0,0.1267,0.8576,3,0.1267,0.8662,3,0.1267
3,dimension_3d,prediction,regdgcnn,deepjeb_3d_2d_torsion,XL,displacement+von_mises::displacement::z,82.5775,0.3,1.4418,1,0,7097.435,5,0,0.2017,3,0,0.0012,3,0.1238,0.0021,3,0.1238,54.5316,3,0.1238,0.9668,3,0.1238,0.1821,3,0.1238,0.9859,3.0,0.1271,0.903,3,0.1271,0.8968,3,0.1271
3,dimension_3d,prediction,regdgcnn,deepjeb_3d_2d_torsion,XL,displacement+von_mises::von_mises,87.2628,0.35,1.4418,1,0,7097.435,5,0,0.2017,3,0,8.4476,3,0.1413,16.0415,3,0.1413,73.4884,3,0.1523,0.8193,3,0.1413,0.4251,3,0.1413,,,0.0,0.8352,3,0.1413,0.8352,3,0.1413
3,dimension_3d,prediction,regdgcnn,deepjeb_3d_2d_vertical,L,displacement+von_mises::displacement::x,52.6062,0.3,1.4418,1,0,3675.6553,5,0,0.2097,3,0,0.006,3,0.125,0.0116,3,0.125,50.2947,3,0.125,0.9686,3,0.125,0.161,3,0.125,0.9923,3.0,0.125,0.9041,3,0.125,0.9519,3,0.125
3,dimension_3d,prediction,regdgcnn,deepjeb_3d_2d_vertical,L,displacement+von_mises::displacement::y,93.9412,0.35,1.4418,1,0,3675.6553,5,0,0.2097,3,0,0.0031,1,0.1206,0.0054,1,0.1206,63.7179,3,0.1324,0.9352,1,0.1206,0.2542,1,0.1206,0.9923,3.0,0.1324,0.8779,3,0.1324,0.8718,1,0.1206
3,dimension_3d,prediction,regdgcnn,deepjeb_3d_2d_vertical,L,displacement+von_mises::displacement::z,90.2993,0.35,1.4418,1,0,3675.6553,5,0,0.2097,3,0,0.0105,3,0.1189,0.0183,1,0.1309,45.2425,3,0.1194,0.9745,1,0.1309,0.1284,1,0.1309,0.9923,3.0,0.1194,0.9137,3,0.1248,0.9572,3,0.1248
3,dimension_3d,prediction,regdgcnn,deepjeb_3d_2d_vertical,L,displacement+von_mises::von_mises,99.0831,0.35,1.4418,1,0,3675.6553,5,0,0.2097,3,0,26.1612,3,0.1357,43.0186,1,0.1431,65.8314,3,0.1431,0.7353,1,0.1431,0.4947,1,0.1431,,,0.0,0.8585,3,0.1431,0.6806,3,0.1485
3,dimension_3d,prediction,regdgcnn,deepjeb_3d_2d_vertical,M,displacement+von_mises::displacement::x,98.3989,0.35,1.4418,1,0,1860.8585,5,0,0.2126,4,0,0.0071,2,0.1241,0.0131,2,0.1174,55.1418,3,0.1311,0.9602,2,0.1241,0.1812,2,0.1241,0.9885,3.0,0.1171,0.8938,3,0.1311,0.9419,3,0.1311
3,dimension_3d,prediction,transolver_pp,deepjeb_3d_2d_vertical,M,displacement+von_mises::displacement::y,95.8904,0.3,1.7412,3,0,1344.1831,2,0,0.1975,2,0,0.004,3,0.1174,0.0078,3,0.1174,66.4215,2,0.1333,0.8655,3,0.1174,0.3663,3,0.1174,0.9914,1.0,0.143,0.8749,2,0.1333,0.8223,3,0.121
3,dimension_3d,prediction,regdgcnn,deepjeb_3d_2d_vertical,M,displacement+von_mises::displacement::z,96.8507,0.35,1.4418,1,0,1860.8585,5,0,0.2126,4,0,0.0122,2,0.1182,0.0202,1,0.1272,52.7706,3,0.1216,0.9689,1,0.1272,0.1416,1,0.1272,0.9885,3.0,0.1216,0.8861,3,0.1216,0.9505,3,0.1354
3,dimension_3d,prediction,transolver,deepjeb_3d_2d_vertical,M,displacement+von_mises::von_mises,97.5827,0.35,3.7788,5,0,1445.0374,4,0,0.2656,5,0,29.9839,3,0.139,48.0082,3,0.139,72.8089,3,0.1525,0.6704,3,0.139,0.552,3,0.139,,,0.0,0.8333,3,0.139,0.6358,2,0.1525
3,dimension_3d,prediction,transolver_pp,deepjeb_3d_2d_vertical,S,displacement+von_mises::displacement::x,99.6588,0.35,1.7412,3,0,565.1095,2,0,0.2006,2,0,0.0105,3,0.1165,0.0187,3,0.1165,62.9396,3,0.1191,0.9184,3,0.1165,0.2595,3,0.1165,0.9845,2.0,0.1186,0.8861,2,0.1481,0.9406,1,0.1481
3,dimension_3d,prediction,transolver_pp,deepjeb_3d_2d_vertical,S,displacement+von_mises::displacement::y,94.8787,0.35,1.7412,3,0,565.1095,2,0,0.2006,2,0,0.0054,3,0.1208,0.0101,3,0.1208,79.6988,3,0.1285,0.7731,3,0.1208,0.4758,3,0.1208,0.9845,2.0,0.1325,0.8424,3,0.1285,0.7714,3,0.1275
3,dimension_3d,prediction,regdgcnn,deepjeb_3d_2d_vertical,S,displacement+von_mises::displacement::z,97.7822,0.35,1.4418,1,0,756.5512,5,0,0.2108,4,0,0.016,1,0.1187,0.0281,1,0.1187,59.31,3,0.1359,0.9399,1,0.1187,0.197,1,0.1187,0.9846,1.0,0.1226,0.8639,3,0.1359,0.949,2,0.1307
3,dimension_3d,prediction,transolver_pp,deepjeb_3d_2d_vertical,S,displacement+von_mises::von_mises,84.8855,0.3,1.7412,3,0,565.1095,2,0,0.2006,2,0,37.3504,3,0.1429,57.0222,3,0.1429,86.8487,3,0.1429,0.535,3,0.1429,0.6557,3,0.1429,,,0.0,0.7879,3,0.1429,0.5132,3,0.1429
3,dimension_3d,prediction,regdgcnn,deepjeb_3d_2d_vertical,XL,displacement+von_mises::displacement::x,74.6636,0.35,1.4418,1,0,7317.9966,5,0,0.2122,2,0,0.0053,3,0.1185,0.0096,2,0.1291,46.1826,3,0.1236,0.9784,2,0.1291,0.1335,2,0.1291,0.994,3.0,0.1236,0.9159,3,0.1236,0.9586,3,0.1236
3,dimension_3d,prediction,regdgcnn,deepjeb_3d_2d_vertical,XL,displacement+von_mises::displacement::y,51.5354,0.4,1.4418,1,0,7317.9966,5,0,0.2122,2,0,0.0028,3,0.1224,0.005,2,0.1294,60.096,3,0.1224,0.9447,2,0.1294,0.235,2,0.1294,0.994,3.0,0.1224,0.8869,3,0.1224,0.8909,3,0.1224
3,dimension_3d,prediction,regdgcnn,deepjeb_3d_2d_vertical,XL,displacement+von_mises::displacement::z,83.9289,0.35,1.4418,1,0,7317.9966,5,0,0.2122,2,0,0.0095,3,0.119,0.016,2,0.1284,41.7116,3,0.1256,0.9805,2,0.1284,0.1121,2,0.1284,0.994,3.0,0.1256,0.9246,3,0.1188,0.9631,3,0.1256
3,dimension_3d,prediction,regdgcnn,deepjeb_3d_2d_vertical,XL,displacement+von_mises::von_mises,83.4523,0.3,1.4418,1,0,7317.9966,5,0,0.2122,2,0,24.5217,3,0.1429,40.8208,3,0.1429,62.4771,3,0.1429,0.7617,3,0.1429,0.4694,3,0.1429,,,0.0,0.8676,3,0.1429,0.7057,3,0.1429
3,dimension_3d,prediction,transolver,drivaerml_3d_2d_surface,L,pressure+wall_shear_stress::pressure,35.5006,0.3194,3.7783,6,0,472.7258,4,0,0.0156,3,0,89.203,3,0.1442,154.2844,2,0.1389,39.704,3,0.1442,0.6716,2,0.1389,0.436,2,0.1389,,,0.0,0.9476,2,0.1511,0.6641,3,0.1439
3,dimension_3d,prediction,linearno_big,drivaerml_3d_2d_surface,L,pressure+wall_shear_stress::wall_shear_stress::x,35.7477,0.3333,11.0461,7,0,1446.4816,7,0,0.0822,6,0,0.8066,4,0.1237,1.3576,5,0.1258,104.0876,3,0.128,0.5734,5,0.1258,0.5654,5,0.1258,0.5707,6.0,0.1198,0.7446,3,0.1296,0.621,6,0.1214
3,dimension_3d,prediction,transolver,drivaerml_3d_2d_surface,L,pressure+wall_shear_stress::wall_shear_stress::y,36.8592,0.3611,3.7783,6,0,472.7258,4,0,0.0156,3,0,0.5046,5,0.1305,1.1317,4,0.1223,137.5735,3,0.1296,0.3015,4,0.1223,0.8357,4,0.1223,0.5885,2.0,0.1242,0.5999,3,0.1231,0.5293,3,0.1258
3,dimension_3d,prediction,transolver_pp,drivaerml_3d_2d_surface,L,pressure+wall_shear_stress::wall_shear_stress::z,39.4446,0.4028,1.7407,3,0,513.0413,6,0,0.0175,4,0,0.4357,5,0.1202,0.795,3,0.1218,120.062,6,0.1405,0.4874,3,0.1218,0.7145,3,0.1218,0.5812,4.0,0.1302,0.6793,4,0.1235,0.5248,4,0.1202
3,dimension_3d,prediction,linearno_big,drivaerml_3d_2d_surface,M,pressure+wall_shear_stress::pressure,37.6247,0.375,11.0461,7,0,1287.6212,7,0,0.0597,6,0,94.1876,3,0.1407,161.7078,3,0.1397,41.0886,3,0.1407,0.6392,3,0.1397,0.4569,3,0.1397,,,0.0,0.9446,2,0.1545,0.6362,5,0.145
3,dimension_3d,prediction,linearno_big,drivaerml_3d_2d_surface,M,pressure+wall_shear_stress::wall_shear_stress::x,38.4967,0.4028,11.0461,7,0,1287.6212,7,0,0.0597,6,0,0.8269,3,0.1254,1.3845,3,0.126,106.356,3,0.1254,0.5563,3,0.126,0.5766,3,0.126,0.559,3.0,0.122,0.7343,3,0.1254,0.6122,3,0.1237
3,dimension_3d,prediction,transolver,drivaerml_3d_2d_surface,M,pressure+wall_shear_stress::wall_shear_stress::y,37.9002,0.375,3.7783,6,0,385.2293,6,0,0.0223,4,0,0.5082,3,0.1403,1.1376,3,0.123,143.8087,5,0.1227,0.2942,3,0.123,0.8401,3,0.123,0.561,2.0,0.1263,0.5831,5,0.1209,0.5069,5,0.1209
3,dimension_3d,prediction,linearno,drivaerml_3d_2d_surface,M,pressure+wall_shear_stress::wall_shear_stress::z,39.0977,0.3889,3.3265,4,0,224.1049,2,0,0.0241,5,0,0.4501,3,0.1211,0.8242,3,0.1232,121.8505,4,0.1399,0.4491,3,0.1232,0.7407,3,0.1232,0.5559,4.0,0.1266,0.6728,3,0.1216,0.5089,3,0.1211
3,dimension_3d,prediction,linearno_big,drivaerml_3d_2d_surface,S,pressure+wall_shear_stress::pressure,37.1057,0.3333,11.0461,7,0,745.7638,7,0,0.0305,5,0,106.6407,3,0.1432,172.881,2,0.1415,47.0012,3,0.1432,0.5876,2,0.1415,0.4885,2,0.1415,,,0.0,0.9391,2,0.1423,0.6203,3,0.1469
3,dimension_3d,prediction,linearno_big,drivaerml_3d_2d_surface,S,pressure+wall_shear_stress::wall_shear_stress::x,38.2696,0.3889,11.0461,7,0,745.7638,7,0,0.0305,5,0,0.9109,2,0.1215,1.4589,2,0.1221,111.1637,3,0.1264,0.5074,2,0.1221,0.6076,2,0.1221,0.5241,2.0,0.1204,0.7197,3,0.1462,0.5856,2,0.1191
3,dimension_3d,prediction,linearno_big,drivaerml_3d_2d_surface,S,pressure+wall_shear_stress::wall_shear_stress::y,39.6471,0.4167,11.0461,7,0,745.7638,7,0,0.0305,5,0,0.5183,2,0.1347,1.1563,3,0.115,149.6293,7,0.161,0.2709,3,0.115,0.8539,3,0.115,0.5241,2.0,0.1197,0.5683,3,0.1194,0.4887,2,0.1203
3,dimension_3d,prediction,transolver,drivaerml_3d_2d_surface,S,pressure+wall_shear_stress::wall_shear_stress::z,38.4989,0.375,3.7783,6,0,268.5012,6,0,0.0608,7,0,0.4903,3,0.1242,0.8851,3,0.1225,131.1492,5,0.1355,0.3645,3,0.1225,0.7955,3,0.1225,0.5103,3.0,0.1217,0.6343,5,0.1284,0.4705,3,0.1225
3,dimension_3d,prediction,transolver_pp,drivaerml_3d_2d_surface,XL,pressure+wall_shear_stress::pressure,36.7441,0.3333,1.7407,3,0,924.5959,6,0,0.0167,3,0,63.6724,3,0.1426,109.2899,3,0.1415,32.5541,3,0.1415,0.8352,3,0.1415,0.3088,3,0.1415,,,0.0,0.9625,3,0.1415,0.7872,3,0.1498
3,dimension_3d,prediction,transolver_pp,drivaerml_3d_2d_surface,XL,pressure+wall_shear_stress::wall_shear_stress::x,38.5726,0.3611,1.7407,3,0,924.5959,6,0,0.0167,3,0,0.5942,3,0.1242,0.9848,3,0.1242,93.9108,3,0.125,0.7755,3,0.1242,0.4102,3,0.1242,0.7544,3.0,0.1242,0.7689,4,0.1282,0.7494,3,0.1258
3,dimension_3d,prediction,transolver_pp,drivaerml_3d_2d_surface,XL,pressure+wall_shear_stress::wall_shear_stress::y,41.753,0.4028,1.7407,3,0,924.5959,6,0,0.0167,3,0,0.4214,3,0.1288,0.8738,3,0.1253,122.5081,3,0.1228,0.5836,3,0.1253,0.6453,3,0.1253,0.7544,3.0,0.1248,0.6589,3,0.1228,0.6496,3,0.1248
3,dimension_3d,prediction,transolver_pp,drivaerml_3d_2d_surface,XL,pressure+wall_shear_stress::wall_shear_stress::z,39.9414,0.3611,1.7407,3,0,924.5959,6,0,0.0167,3,0,0.3601,3,0.1253,0.6623,3,0.1248,107.9802,3,0.1253,0.6442,3,0.1248,0.5953,3,0.1248,0.7544,3.0,0.1248,0.7225,3,0.1253,0.6506,3,0.1248
3,dimension_3d,prediction,linearno,drivaerml_3d_3d_volume,L,pressure_coeff+velocity+vorticity::totalpcoeff,41.2433,0.3333,3.3262,4,0,755.7537,5,0,0.0549,6,0,0.0976,3,0.1426,0.1696,3,0.1426,41.0352,3,0.1426,0.8852,3,0.1426,0.3206,3,0.1426,,,0.0,0.9296,3,0.1426,0.8342,3,0.1443
3,dimension_3d,prediction,linearno,drivaerml_3d_3d_volume,L,pressure_coeff+velocity+vorticity::velocity::x,40.3337,0.3611,3.3262,4,0,755.7537,5,0,0.0549,6,0,3.5133,3,0.1245,5.694,3,0.1245,51.1481,3,0.1245,0.8796,3,0.1245,0.2425,3,0.1245,0.9037,3.0,0.1245,0.9,3,0.1256,0.8149,3,0.1272
3,dimension_3d,prediction,transolver,drivaerml_3d_3d_volume,L,pressure_coeff+velocity+vorticity::velocity::y,41.001,0.3889,3.778,6,0,562.0972,4,0,0.0215,3,0,2.5383,3,0.1241,4.1657,3,0.1241,91.9007,5,0.1268,0.7666,3,0.1241,0.4831,3,0.1241,0.8959,4.0,0.1241,0.7794,5,0.1268,0.7599,3,0.1262
3,dimension_3d,prediction,linearno,drivaerml_3d_3d_volume,L,pressure_coeff+velocity+vorticity::velocity::z,39.8558,0.3611,3.3262,4,0,755.7537,5,0,0.0549,6,0,1.6752,3,0.1248,2.7871,3,0.1248,86.4586,3,0.1248,0.8236,3,0.1248,0.4192,3,0.1248,0.9037,3.0,0.1248,0.8026,3,0.1264,0.7741,3,0.1248
3,dimension_3d,prediction,linearno,drivaerml_3d_3d_volume,L,pressure_coeff+velocity+vorticity::vorticity::x,42.3264,0.375,3.3262,4,0,755.7537,5,0,0.0549,6,0,3.1906,3,0.1369,4.3236,3,0.1386,100.7505,3,0.1376,0.3718,3,0.1386,0.7926,3,0.1386,,,0.0,0.7348,3,0.1369,0.3464,6,0.1727
3,dimension_3d,prediction,linearno,drivaerml_3d_3d_volume,L,pressure_coeff+velocity+vorticity::vorticity::y,42.5864,0.375,3.3262,4,0,755.7537,5,0,0.0549,6,0,2.8894,3,0.1354,4.1245,3,0.1375,83.1234,3,0.1358,0.4891,3,0.1375,0.7082,3,0.1375,,,0.0,0.7907,3,0.1354,0.4097,5,0.1809
3,dimension_3d,prediction,transolver,drivaerml_3d_3d_volume,L,pressure_coeff+velocity+vorticity::vorticity::z,41.9061,0.3472,3.778,6,0,562.0972,4,0,0.0215,3,0,2.8415,3,0.1423,3.8456,3,0.1423,91.3029,4,0.1433,0.5037,3,0.1423,0.7045,3,0.1423,,,0.0,0.7728,4,0.1433,0.4455,3,0.144
3,dimension_3d,prediction,linearno,drivaerml_3d_3d_volume,M,pressure_coeff+velocity+vorticity::totalpcoeff,43.8852,0.3611,3.3262,4,0,647.9537,6,0,0.0535,7,0,0.1349,3,0.1423,0.2178,3,0.1423,53.0929,3,0.1443,0.8105,3,0.1423,0.4118,3,0.1423,,,0.0,0.8973,3,0.1423,0.746,3,0.1443
3,dimension_3d,prediction,linearno,drivaerml_3d_3d_volume,M,pressure_coeff+velocity+vorticity::velocity::x,46.7153,0.375,3.3262,4,0,647.9537,6,0,0.0535,7,0,4.8451,3,0.1246,7.354,3,0.1246,60.6801,3,0.1246,0.7992,3,0.1246,0.3132,3,0.1246,0.8603,3.0,0.1246,0.8753,3,0.1262,0.7011,3,0.1262
3,dimension_3d,prediction,linearno,drivaerml_3d_3d_volume,M,pressure_coeff+velocity+vorticity::velocity::y,45.2588,0.3889,3.3262,4,0,647.9537,6,0,0.0535,7,0,3.0272,3,0.1255,5.2842,3,0.1244,95.7727,3,0.1252,0.6245,3,0.1244,0.6128,3,0.1245,0.8603,3.0,0.1243,0.769,3,0.1252,0.6916,3,0.1263
3,dimension_3d,prediction,linearno,drivaerml_3d_3d_volume,M,pressure_coeff+velocity+vorticity::velocity::z,45.2847,0.3611,3.3262,4,0,647.9537,6,0,0.0535,7,0,2.1377,3,0.125,3.4171,3,0.125,99.5245,3,0.125,0.7348,3,0.125,0.5139,3,0.125,0.8603,3.0,0.125,0.764,3,0.125,0.7068,3,0.125
3,dimension_3d,prediction,linearno,drivaerml_3d_3d_volume,M,pressure_coeff+velocity+vorticity::vorticity::x,46.6241,0.3889,3.3262,4,0,647.9537,6,0,0.0535,7,0,3.7288,3,0.1372,4.6749,3,0.1406,119.7968,3,0.1374,0.2656,3,0.1397,0.857,3,0.1397,,,0.0,0.6812,3,0.1374,0.3561,3,0.168
3,dimension_3d,prediction,linearno,drivaerml_3d_3d_volume,M,pressure_coeff+velocity+vorticity::vorticity::y,46.342,0.3611,3.3262,4,0,647.9537,6,0,0.0535,7,0,3.4173,3,0.1408,4.4781,3,0.1412,99.5043,3,0.1408,0.3978,3,0.1412,0.7689,3,0.1412,,,0.0,0.7465,3,0.1408,0.4075,3,0.154
3,dimension_3d,prediction,linearno,drivaerml_3d_3d_volume,M,pressure_coeff+velocity+vorticity::vorticity::z,41.8987,0.3472,3.3262,4,0,647.9537,6,0,0.0535,7,0,3.2961,3,0.142,4.3186,3,0.142,103.1132,3,0.142,0.3741,3,0.1419,0.7911,3,0.1419,,,0.0,0.7358,3,0.142,0.3075,3,0.1484
3,dimension_3d,prediction,transolver_pp,drivaerml_3d_3d_volume,S,pressure_coeff+velocity+vorticity::totalpcoeff,47.6661,0.3611,1.7405,3,0,203.7928,3,0,0.0196,3,0,0.2193,3,0.1411,0.312,3,0.1397,84.5159,3,0.1397,0.6111,3,0.1397,0.59,3,0.1397,,,0.0,0.8027,3,0.1428,0.6415,3,0.1574
3,dimension_3d,prediction,transolver_pp,drivaerml_3d_3d_volume,S,pressure_coeff+velocity+vorticity::velocity::x,42.7604,0.375,1.7405,3,0,203.7928,3,0,0.0196,3,0,7.8477,3,0.1163,10.6115,3,0.1163,79.4859,3,0.1163,0.5819,3,0.1163,0.452,3,0.1163,0.7324,3.0,0.1163,0.8231,3,0.1811,0.5083,3,0.1211
3,dimension_3d,prediction,transolver_pp,drivaerml_3d_3d_volume,S,pressure_coeff+velocity+vorticity::velocity::y,44.4082,0.375,1.7405,3,0,203.7928,3,0,0.0196,3,0,4.2756,3,0.137,6.7519,3,0.1221,124.1425,3,0.1221,0.3869,3,0.122,0.783,3,0.122,0.7324,3.0,0.1294,0.6607,3,0.1221,0.5218,3,0.1234
3,dimension_3d,prediction,transolver_pp,drivaerml_3d_3d_volume,S,pressure_coeff+velocity+vorticity::velocity::z,44.8133,0.3333,1.7405,3,0,203.7928,3,0,0.0196,3,0,3.0131,3,0.1393,4.6036,3,0.1212,123.9129,3,0.1267,0.5187,3,0.1212,0.6924,3,0.1212,0.7324,3.0,0.1212,0.6691,3,0.1262,0.5656,3,0.1228
3,dimension_3d,prediction,transolver_pp,drivaerml_3d_3d_volume,S,pressure_coeff+velocity+vorticity::vorticity::x,45.4329,0.4167,1.7405,3,0,203.7928,3,0,0.0196,3,0,4.7006,3,0.1481,5.3248,3,0.1298,166.0368,3,0.1316,0.0472,3,0.1259,0.9761,3,0.1259,,,0.0,0.5641,3,0.1262,0.1256,5,0.2125
3,dimension_3d,prediction,transolver_pp,drivaerml_3d_3d_volume,S,pressure_coeff+velocity+vorticity::vorticity::y,38.6402,0.4028,1.7405,3,0,203.7928,3,0,0.0196,3,0,4.3474,3,0.1376,5.2048,3,0.1376,128.5264,3,0.1393,0.1864,3,0.1376,0.8937,3,0.1376,,,0.0,0.6764,3,0.1401,0.0895,6,0.1701
3,dimension_3d,prediction,transolver_pp,drivaerml_3d_3d_volume,S,pressure_coeff+velocity+vorticity::vorticity::z,42.1108,0.3611,1.7405,3,0,203.7928,3,0,0.0196,3,0,4.0532,3,0.1329,4.8309,3,0.132,130.071,3,0.1322,0.2168,3,0.132,0.885,3,0.132,,,0.0,0.6553,3,0.1322,0.2079,3,0.2065
3,dimension_3d,prediction,transolver,drivaerml_3d_3d_volume,XL,pressure_coeff+velocity+vorticity::totalpcoeff,45.7732,0.3333,3.778,6,0,911.5375,5,0,0.0202,4,0,0.0746,3,0.1428,0.1262,3,0.1425,34.9421,3,0.1445,0.9364,3,0.1425,0.2386,3,0.1425,,,0.0,0.9451,3,0.1425,0.8633,3,0.1428
3,dimension_3d,prediction,transolver,drivaerml_3d_3d_volume,XL,pressure_coeff+velocity+vorticity::velocity::x,41.9348,0.3333,3.778,6,0,911.5375,5,0,0.0202,4,0,2.4814,3,0.1247,3.7944,3,0.1247,44.4327,3,0.1258,0.9465,3,0.1247,0.1616,3,0.1247,0.9601,3.0,0.1247,0.9164,3,0.1258,0.8727,3,0.1247
3,dimension_3d,prediction,transolver,drivaerml_3d_3d_volume,XL,pressure_coeff+velocity+vorticity::velocity::y,46.4301,0.3611,3.778,6,0,911.5375,5,0,0.0202,4,0,1.7096,3,0.1251,2.7474,3,0.1246,73.7641,3,0.1265,0.8985,3,0.1246,0.3186,3,0.1246,0.9601,3.0,0.1246,0.841,3,0.1253,0.8489,3,0.1246
3,dimension_3d,prediction,transolver,drivaerml_3d_3d_volume,XL,pressure_coeff+velocity+vorticity::velocity::z,41.8069,0.3333,3.778,6,0,911.5375,5,0,0.0202,4,0,1.356,3,0.1248,2.1898,3,0.1248,77.7975,3,0.1248,0.8911,3,0.1248,0.3294,3,0.1248,0.9601,3.0,0.1264,0.8286,3,0.1248,0.8196,3,0.1248
3,dimension_3d,prediction,transolver,drivaerml_3d_3d_volume,XL,pressure_coeff+velocity+vorticity::vorticity::x,41.9358,0.375,3.778,6,0,911.5375,5,0,0.0202,4,0,2.7038,3,0.1396,3.7195,3,0.1421,90.1686,3,0.1421,0.5351,3,0.1421,0.6818,3,0.1421,,,0.0,0.7767,3,0.1396,0.5263,3,0.1524
3,dimension_3d,prediction,transolver,drivaerml_3d_3d_volume,XL,pressure_coeff+velocity+vorticity::vorticity::y,40.8635,0.3611,3.778,6,0,911.5375,5,0,0.0202,4,0,2.4305,3,0.14,3.5443,3,0.1425,74.1209,3,0.1421,0.6227,3,0.1425,0.6085,3,0.1425,,,0.0,0.8225,3,0.14,0.5965,3,0.1504
3,dimension_3d,prediction,transolver,drivaerml_3d_3d_volume,XL,pressure_coeff+velocity+vorticity::vorticity::z,42.5666,0.3611,3.778,6,0,911.5375,5,0,0.0202,4,0,2.3433,3,0.1429,3.3836,3,0.1429,76.846,3,0.1429,0.6158,3,0.1429,0.6198,3,0.1429,,,0.0,0.8155,3,0.1429,0.5003,3,0.1429
3,dimension_3d,prediction,transolver,drivaernet_3d_2d_centerplane,L,pressure+velocity::pressure,40.3517,0.3571,3.7788,6,0,267.9986,3,0,0.7088,2,0,15.2796,2,0.1352,25.0009,4,0.1344,40.1135,4,0.1393,0.9608,4,0.1344,0.191,4,0.1344,,,0.0,0.9424,3,0.1768,0.8792,2,0.1455
3,dimension_3d,prediction,transolver,drivaernet_3d_2d_centerplane,L,pressure+velocity::velocity::x,69.603,0.3333,3.7788,6,0,267.9986,3,0,0.7088,2,0,2.0725,4,0.1211,3.4799,4,0.1211,31.9585,4,0.1206,0.9337,4,0.1211,0.1498,4,0.1211,0.9709,4.0,0.1206,0.934,4,0.1206,0.8843,1,0.1538
3,dimension_3d,prediction,linearno,drivaernet_3d_2d_centerplane,L,pressure+velocity::velocity::y,66.2278,0.4048,3.327,4,0,292.2291,5,0,0.8066,7,0,0.7926,1,0.1213,1.4483,2,0.1172,103.1052,5,0.1538,0.3471,2,0.1172,0.8032,2,0.1172,0.9721,3.0,0.1349,0.7541,2,0.1172,0.4625,1,0.1213
3,dimension_3d,prediction,linearno,drivaernet_3d_2d_centerplane,L,pressure+velocity::velocity::z,39.362,0.3333,3.327,4,0,292.2291,5,0,0.8066,7,0,0.9214,2,0.1089,1.5307,2,0.1095,62.5271,4,0.1666,0.8966,2,0.1095,0.3147,2,0.1095,0.9721,3.0,0.1101,0.8556,3,0.1559,0.8418,4,0.1299
3,dimension_3d,prediction,linearno,drivaernet_3d_2d_centerplane,M,pressure+velocity::pressure,48.6265,0.3571,3.327,4,0,256.5747,5,0,0.7798,7,0,16.4776,1,0.1324,26.428,2,0.1348,42.3404,3,0.1643,0.9562,2,0.1348,0.202,2,0.1348,,,0.0,0.9376,3,0.1643,0.8671,2,0.1348
3,dimension_3d,prediction,regdgcnn,drivaernet_3d_2d_centerplane,M,pressure+velocity::velocity::x,41.1144,0.3095,1.4418,1,0,654.1431,7,0,0.6965,1,0,2.2816,3,0.1239,3.6557,3,0.1234,33.8292,4,0.1312,0.9268,3,0.1234,0.1574,3,0.1234,0.9683,3.0,0.1234,0.931,2,0.1275,0.8582,3,0.1239
3,dimension_3d,prediction,regdgcnn,drivaernet_3d_2d_centerplane,M,pressure+velocity::velocity::y,50.9707,0.4286,1.4418,1,0,654.1431,7,0,0.6965,1,0,0.8242,2,0.1079,1.5206,3,0.1127,101.5972,1,0.1172,0.2803,3,0.1127,0.8433,3,0.1127,0.9683,3.0,0.1572,0.7338,1,0.1734,0.433,2,0.1062
3,dimension_3d,prediction,linearno_big,drivaernet_3d_2d_centerplane,M,pressure+velocity::velocity::z,62.974,0.3571,11.0469,7,0,408.1825,6,0,0.7216,3,0,0.9745,1,0.112,1.5942,1,0.112,66.2779,5,0.1542,0.8879,1,0.112,0.3278,1,0.112,0.9697,1.0,0.1193,0.8423,5,0.1554,0.8357,2,0.123
3,dimension_3d,prediction,regdgcnn,drivaernet_3d_2d_centerplane,S,pressure+velocity::pressure,43.5137,0.3333,1.4418,1,0,293.7707,7,0,0.7819,6,0,22.3564,3,0.1407,36.1086,3,0.1407,49.6158,4,0.1437,0.9182,3,0.1407,0.2759,3,0.1407,,,0.0,0.9234,4,0.1476,0.7747,3,0.146
3,dimension_3d,prediction,linearno_big,drivaernet_3d_2d_centerplane,S,pressure+velocity::velocity::x,41.1847,0.3095,11.0469,7,0,262.3325,6,0,0.7353,3,0,2.8379,3,0.1235,4.4357,3,0.1235,36.2819,2,0.1258,0.8923,3,0.1235,0.191,3,0.1235,0.9564,3.0,0.1235,0.9259,2,0.1258,0.7608,3,0.1307
3,dimension_3d,prediction,regdgcnn,drivaernet_3d_2d_centerplane,S,pressure+velocity::velocity::y,53.9565,0.4286,1.4418,1,0,293.7707,7,0,0.7819,6,0,0.8775,5,0.1116,1.5959,5,0.1019,106.776,1,0.1661,0.2073,5,0.1032,0.885,5,0.1019,0.957,2.0,0.1175,0.7168,3,0.1952,0.399,5,0.1026
3,dimension_3d,prediction,transolver,drivaernet_3d_2d_centerplane,S,pressure+velocity::velocity::z,57.4611,0.3571,3.7788,6,0,111.2667,3,0,0.7105,1,0,1.1681,2,0.1174,1.8317,2,0.1203,68.3347,4,0.1301,0.852,2,0.1203,0.3766,2,0.1203,0.9606,1.0,0.1338,0.8482,3,0.1247,0.7956,3,0.133
3,dimension_3d,prediction,regdgcnn,drivaernet_3d_2d_centerplane,XL,pressure+velocity::pressure,41.4421,0.3571,1.4418,1,0,2476.4348,7,0,0.699,1,0,14.2968,2,0.1374,22.836,3,0.1374,37.6535,2,0.1424,0.9673,3,0.1374,0.1745,3,0.1374,,,0.0,0.9449,2,0.1424,0.8813,5,0.1655
3,dimension_3d,prediction,regdgcnn,drivaernet_3d_2d_centerplane,XL,pressure+velocity::velocity::x,60.4068,0.3333,1.4418,1,0,2476.4348,7,0,0.699,1,0,1.8966,2,0.1169,3.1072,2,0.1169,30.3583,1,0.1203,0.9471,2,0.1169,0.1338,2,0.1169,0.9757,2.0,0.1215,0.9385,1,0.1203,0.876,5,0.1701
3,dimension_3d,prediction,transolver,drivaernet_3d_2d_centerplane,XL,pressure+velocity::velocity::y,50.9662,0.5,3.7788,6,0,446.3336,3,0,0.7105,2,0,0.8133,5,0.1344,1.434,1,0.1166,106.1317,4,0.145,0.3599,1,0.1166,0.7953,1,0.1166,0.973,4.0,0.1201,0.7749,2,0.1353,0.4618,3,0.1153
3,dimension_3d,prediction,transolver,drivaernet_3d_2d_centerplane,XL,pressure+velocity::velocity::z,57.2665,0.381,3.7788,6,0,446.3336,3,0,0.7105,2,0,0.8576,2,0.117,1.4706,3,0.1129,58.5006,1,0.1544,0.9046,3,0.1129,0.3023,3,0.1129,0.973,4.0,0.1189,0.8656,3,0.1566,0.8513,2,0.1146
3,dimension_3d,prediction,linearno_big,drivaernet_3d_2d_surface,L,pressure::pressure,98.7668,0.3571,11.045,7,0,846.0847,5,0,0.1037,1,0,16.3112,4,0.1443,29.1267,3,0.1421,22.0887,4,0.1443,0.9359,3,0.1421,0.1962,3,0.1421,,,,0.9842,3,0.143,0.8753,3,0.1421
3,dimension_3d,prediction,transolver,drivaernet_3d_2d_surface,M,pressure::pressure,99.5402,0.3571,3.7775,6,0,493.0482,3,0,0.1105,4,0,17.5088,3,0.1423,30.781,2,0.1422,23.1441,3,0.1423,0.9284,1,0.1444,0.2073,1,0.1444,,,,0.9825,3,0.1423,0.8649,3,0.1423
3,dimension_3d,prediction,transolver,drivaernet_3d_2d_surface,S,pressure::pressure,98.6299,0.3571,3.7775,6,0,401.5168,4,0,0.1119,3,0,20.8123,3,0.1404,36.2491,3,0.1404,26.4214,2,0.1427,0.9007,3,0.1404,0.2441,3,0.1404,,,,0.9783,3,0.1404,0.8379,3,0.1551
3,dimension_3d,prediction,linearno,drivaernet_3d_2d_surface,XL,pressure::pressure,99.3383,0.3571,3.3257,4,0,808.956,3,0,0.1123,5,0,15.2802,2,0.1408,27.0697,2,0.14,20.7878,4,0.1476,0.9446,2,0.14,0.1823,2,0.14,,,,0.985,3,0.1392,0.8831,1,0.1522
4,dimension_3d,prediction,pointnet,deepjeb_3d_2d_diagonal,L,displacement+von_mises::displacement::x,36.7382,0.35,3.6682,4,0,2731.351,3,0,0.2166,3,0,0.0058,4,0.125,0.0105,5,0.125,66.3656,4,0.125,0.6308,5,0.125,0.4854,5,0.125,0.9199,5.0,0.125,0.8749,4,0.125,0.7532,4,0.125
4,dimension_3d,prediction,geofno,deepjeb_3d_2d_diagonal,L,displacement+von_mises::displacement::y,32.0,0.3,1.5458,2,0,1595.0446,1,0,0.1935,1,0,0.0066,4,0.1222,0.0103,4,0.1278,106.1878,4,0.1222,0.6484,4,0.1278,0.5929,4,0.1278,0.9344,4.0,0.1222,0.7327,5,0.1278,0.6493,4,0.1222
4,dimension_3d,prediction,geofno,deepjeb_3d_2d_diagonal,L,displacement+von_mises::displacement::z,40.917,0.35,1.5458,2,0,1595.0446,1,0,0.1935,1,0,0.0134,4,0.1189,0.0201,4,0.1302,58.4151,5,0.1262,0.8568,4,0.1302,0.2696,4,0.1302,0.9344,4.0,0.1189,0.889,5,0.1262,0.7621,4,0.1189
4,dimension_3d,prediction,geofno,deepjeb_3d_2d_diagonal,L,displacement+von_mises::von_mises,36.1877,0.35,1.5458,2,0,1595.0446,1,0,0.1935,1,0,26.0188,4,0.142,38.0936,4,0.142,86.0239,5,0.1497,0.361,4,0.142,0.6906,4,0.142,,,0.0,0.7942,5,0.1497,0.4243,4,0.1328
4,dimension_3d,prediction,pointnet,deepjeb_3d_2d_diagonal,M,displacement+von_mises::displacement::x,42.4158,0.35,3.6682,4,0,1408.0197,3,0,0.2177,2,0,0.0079,4,0.1192,0.0134,4,0.1192,72.4444,4,0.1423,0.3965,4,0.1192,0.6206,4,0.1192,0.8618,4.0,0.1192,0.8724,4,0.1423,0.6016,4,0.1192
4,dimension_3d,prediction,geofno,deepjeb_3d_2d_diagonal,M,displacement+von_mises::displacement::y,43.2706,0.35,1.5458,2,0,725.5344,1,0,0.1926,1,0,0.0081,4,0.1182,0.0122,4,0.1156,131.5668,4,0.1384,0.5065,4,0.1199,0.7024,4,0.1199,0.8187,5.0,0.1285,0.6252,4,0.1422,0.5976,4,0.1173
4,dimension_3d,prediction,pointnet,deepjeb_3d_2d_diagonal,M,displacement+von_mises::displacement::z,38.8261,0.4,3.6682,4,0,1408.0197,3,0,0.2177,2,0,0.0185,4,0.1174,0.0292,4,0.1174,54.8678,4,0.1333,0.6973,4,0.1174,0.3919,4,0.1174,0.8618,4.0,0.121,0.9364,4,0.1333,0.5461,5,0.143
4,dimension_3d,prediction,geofno,deepjeb_3d_2d_diagonal,M,displacement+von_mises::von_mises,35.5305,0.35,1.5458,2,0,725.5344,1,0,0.1926,1,0,31.0353,4,0.1331,44.4329,4,0.1352,95.8384,5,0.195,0.1307,4,0.1352,0.8056,4,0.1352,,,0.0,0.7478,4,0.1331,0.32,4,0.1331
4,dimension_3d,prediction,pointnet,deepjeb_3d_2d_diagonal,S,displacement+von_mises::displacement::x,39.4463,0.35,3.6682,4,0,611.5217,3,0,0.2187,4,0,0.0087,4,0.1207,0.0147,4,0.1207,76.6794,4,0.1256,0.2743,4,0.1207,0.6805,4,0.1207,0.891,4.0,0.1207,0.8657,4,0.1503,0.3988,4,0.1207
4,dimension_3d,prediction,geofno,deepjeb_3d_2d_diagonal,S,displacement+von_mises::displacement::y,37.3937,0.35,1.5458,2,0,301.1372,1,0,0.1931,1,0,0.0091,4,0.1237,0.014,4,0.1237,132.9216,4,0.1237,0.3468,4,0.1237,0.8081,4,0.1237,0.7859,5.0,0.1339,0.6128,4,0.1237,0.4802,4,0.1237
4,dimension_3d,prediction,pointnet,deepjeb_3d_2d_diagonal,S,displacement+von_mises::displacement::z,49.3327,0.35,3.6682,4,0,611.5217,3,0,0.2187,4,0,0.0162,4,0.1237,0.0255,4,0.1237,53.9003,4,0.1237,0.7684,4,0.1237,0.3428,4,0.1237,0.891,4.0,0.1237,0.9249,4,0.1237,0.7954,4,0.1339
4,dimension_3d,prediction,geofno,deepjeb_3d_2d_diagonal,S,displacement+von_mises::von_mises,32.0,0.3,1.5458,2,0,301.1372,1,0,0.1931,1,0,32.4438,5,0.141,46.1211,5,0.141,97.34,5,0.141,0.0634,5,0.141,0.8362,5,0.141,,,0.0,0.7439,4,0.1475,0.2267,4,0.1475
4,dimension_3d,prediction,pointnet,deepjeb_3d_2d_diagonal,XL,displacement+von_mises::displacement::x,37.3313,0.4,3.6682,4,0,5422.8321,4,0,0.2186,4,0,0.005,5,0.123,0.009,5,0.123,56.7718,4,0.1245,0.7254,5,0.1279,0.4186,5,0.1279,0.9771,4.0,0.1245,0.9055,4,0.1245,0.8339,4,0.1245
4,dimension_3d,prediction,pointnet,deepjeb_3d_2d_diagonal,XL,displacement+von_mises::displacement::y,35.8581,0.35,3.6682,4,0,5422.8321,4,0,0.2186,4,0,0.0042,4,0.1213,0.0078,5,0.1247,67.4875,4,0.1245,0.7972,5,0.128,0.4502,5,0.128,0.9771,4.0,0.1245,0.891,4,0.1245,0.7914,4,0.1245
4,dimension_3d,prediction,pointnet,deepjeb_3d_2d_diagonal,XL,displacement+von_mises::displacement::z,38.1363,0.35,3.6682,4,0,5422.8321,4,0,0.2186,4,0,0.0116,5,0.123,0.0196,5,0.123,42.7858,4,0.1245,0.8639,5,0.1279,0.2628,5,0.1279,0.9771,4.0,0.1245,0.9398,4,0.1245,0.9004,4,0.1245
4,dimension_3d,prediction,geofno,deepjeb_3d_2d_diagonal,XL,displacement+von_mises::von_mises,32.0,0.3,1.5458,2,0,3617.7097,1,0,0.1944,1,0,21.5208,5,0.1424,32.5843,4,0.1402,73.2064,5,0.1543,0.5325,4,0.1402,0.5907,4,0.1402,,,0.0,0.8424,5,0.1424,0.5287,4,0.1402
4,dimension_3d,prediction,pointnet,deepjeb_3d_2d_horizontal,L,displacement+von_mises::displacement::x,43.7452,0.35,3.6682,4,0,2734.531,3,0,0.2094,3,0,0.0181,4,0.1194,0.0293,4,0.1222,66.1822,4,0.1237,0.8508,4,0.1319,0.3165,4,0.1319,0.9466,4.0,0.1237,0.9144,4,0.1237,0.9194,4,0.1237
4,dimension_3d,prediction,geofno,deepjeb_3d_2d_horizontal,L,displacement+von_mises::displacement::y,44.876,0.35,1.5458,2,0,1564.7434,1,0,0.1936,1,0,0.0033,4,0.1224,0.0049,4,0.1199,95.8305,4,0.1194,0.5951,4,0.127,0.6323,4,0.127,0.8907,5.0,0.1456,0.775,4,0.1194,0.5858,4,0.1194
4,dimension_3d,prediction,pointnet,deepjeb_3d_2d_horizontal,L,displacement+von_mises::displacement::z,40.8815,0.35,3.6682,4,0,2734.531,3,0,0.2094,3,0,0.019,5,0.1169,0.0304,5,0.1278,76.3274,5,0.1221,0.8449,5,0.1278,0.3668,5,0.1278,0.9466,4.0,0.1259,0.88,4,0.1259,0.9219,4,0.1259
4,dimension_3d,prediction,geofno,deepjeb_3d_2d_horizontal,L,displacement+von_mises::von_mises,39.8836,0.35,1.5458,2,0,1564.7434,1,0,0.1936,1,0,38.0056,4,0.1419,56.2382,4,0.1441,98.317,4,0.1419,0.4097,4,0.1441,0.7568,4,0.1441,,,0.0,0.7418,4,0.1419,0.3818,4,0.1419
4,dimension_3d,prediction,geofno,deepjeb_3d_2d_horizontal,M,displacement+von_mises::displacement::x,37.1055,0.35,1.5458,2,0,724.7945,1,0,0.1933,1,0,0.0264,4,0.1292,0.0418,4,0.1213,81.8596,4,0.1213,0.6962,4,0.1213,0.4515,4,0.1213,0.8461,4.0,0.1213,0.8818,5,0.1433,0.6859,4,0.1213
4,dimension_3d,prediction,geofno,deepjeb_3d_2d_horizontal,M,displacement+von_mises::displacement::y,49.1535,0.35,1.5458,2,0,724.7945,1,0,0.1933,1,0,0.0036,4,0.1192,0.0054,4,0.1249,104.1561,4,0.1333,0.5104,4,0.1249,0.6953,4,0.1249,0.8461,4.0,0.1333,0.737,4,0.1198,0.5347,4,0.1198
4,dimension_3d,prediction,geofno,deepjeb_3d_2d_horizontal,M,displacement+von_mises::displacement::z,45.3288,0.35,1.5458,2,0,724.7945,1,0,0.1933,1,0,0.0195,4,0.1236,0.0299,4,0.1236,79.4937,4,0.1185,0.8498,4,0.1236,0.3609,4,0.1236,0.8461,4.0,0.1291,0.8464,4,0.1291,0.694,4,0.1291
4,dimension_3d,prediction,geofno,deepjeb_3d_2d_horizontal,M,displacement+von_mises::von_mises,48.7423,0.35,1.5458,2,0,724.7945,1,0,0.1933,1,0,40.9971,4,0.1419,60.6702,4,0.1441,101.6347,4,0.1419,0.313,4,0.1441,0.8164,4,0.1441,,,0.0,0.7267,4,0.1419,0.2931,4,0.1419
4,dimension_3d,prediction,pointnet,deepjeb_3d_2d_horizontal,S,displacement+von_mises::displacement::x,39.394,0.4,3.6682,4,0,596.8445,3,0,0.2093,2,0,0.0337,4,0.1141,0.053,4,0.1141,84.7578,4,0.1141,0.5105,4,0.1141,0.5732,4,0.1141,0.7901,4.0,0.1487,0.9118,2,0.1602,0.6772,4,0.1207
4,dimension_3d,prediction,pointnet,deepjeb_3d_2d_horizontal,S,displacement+von_mises::displacement::y,43.7084,0.35,3.6682,4,0,596.8445,3,0,0.2093,2,0,0.005,4,0.1166,0.0076,5,0.1157,146.9874,5,0.1157,0.0317,5,0.1157,0.9778,5,0.1157,0.7901,4.0,0.1894,0.6011,5,0.1157,0.2383,5,0.1157
4,dimension_3d,prediction,pointnet,deepjeb_3d_2d_horizontal,S,displacement+von_mises::displacement::z,40.438,0.35,3.6682,4,0,596.8445,3,0,0.2093,2,0,0.0333,5,0.1234,0.0518,5,0.1234,102.8181,4,0.1234,0.551,5,0.1234,0.6241,5,0.1234,0.7901,4.0,0.1276,0.8078,4,0.1276,0.6688,4,0.1276
4,dimension_3d,prediction,geofno,deepjeb_3d_2d_horizontal,S,displacement+von_mises::von_mises,32.0,0.3,1.5458,2,0,303.9616,1,0,0.1941,1,0,48.411,4,0.141,67.6259,4,0.141,121.4211,4,0.1475,0.1465,4,0.141,0.91,4,0.141,,,0.0,0.6518,4,0.141,0.1955,4,0.1475
4,dimension_3d,prediction,pointnet,deepjeb_3d_2d_horizontal,XL,displacement+von_mises::displacement::x,38.9751,0.4,3.6682,4,0,5409.0745,3,0,0.216,4,0,0.012,4,0.1224,0.0232,5,0.1259,49.185,4,0.1259,0.9059,5,0.1259,0.2514,5,0.1259,0.9847,4.0,0.1224,0.9157,4,0.1259,0.9609,4,0.1259
4,dimension_3d,prediction,pointnet,deepjeb_3d_2d_horizontal,XL,displacement+von_mises::displacement::y,34.8099,0.35,3.6682,4,0,5409.0745,3,0,0.216,4,0,0.0027,5,0.1229,0.0044,5,0.1229,81.4427,5,0.1228,0.6799,5,0.1228,0.5621,5,0.1228,0.9847,4.0,0.1262,0.8342,4,0.1335,0.6828,4,0.1262
4,dimension_3d,prediction,pointnet,deepjeb_3d_2d_horizontal,XL,displacement+von_mises::displacement::z,43.859,0.35,3.6682,4,0,5409.0745,3,0,0.216,4,0,0.012,5,0.1237,0.0222,5,0.1237,55.1714,4,0.1237,0.9171,5,0.1237,0.2682,5,0.1237,0.9847,4.0,0.1237,0.901,4,0.1237,0.9402,4,0.1344
4,dimension_3d,prediction,geofno,deepjeb_3d_2d_horizontal,XL,displacement+von_mises::von_mises,32.0,0.3,1.5458,2,0,3171.7439,1,0,0.1983,2,0,31.0035,4,0.1419,48.7266,4,0.1441,81.6567,4,0.1419,0.5569,4,0.1441,0.6557,4,0.1441,,,0.0,0.8024,4,0.1419,0.5028,4,0.1419
4,dimension_3d,prediction,regdgcnn,deepjeb_3d_2d_modal,L,mode_shapes::mode_shape_1::x,42.3643,0.45,1.4421,1,0,169.8998,2,0,0.283,2,0,262.2906,4,0.1166,360.3434,4,0.1166,165.8378,2,0.1166,-0.0171,4,0.1166,1.0084,4,0.1166,0.0666,2.0,0.1307,0.498,5,0.1284,0.192,1,0.1576
4,dimension_3d,prediction,regdgcnn,deepjeb_3d_2d_modal,L,mode_shapes::mode_shape_1::y,42.8841,0.4,1.4421,1,0,169.8998,2,0,0.283,2,0,380.8163,4,0.1203,557.3674,4,0.1122,163.7219,2,0.1353,-0.0191,4,0.1122,1.0095,4,0.1114,0.0666,2.0,0.1164,0.4908,5,0.1183,0.1882,1,0.174
4,dimension_3d,prediction,transolver,deepjeb_3d_2d_modal,L,mode_shapes::mode_shape_1::z,41.9787,0.45,3.7793,5,0,947.2759,4,0,0.2899,3,0,641.8732,3,0.0934,794.5162,3,0.0934,184.5801,3,0.0985,-0.002,3,0.0934,1.001,3,0.0934,0.0094,4.0,0.1003,0.5028,2,0.2121,0.1215,5,0.2155
4,dimension_3d,prediction,regdgcnn,deepjeb_3d_2d_modal,L,mode_shapes::mode_shape_2::x,40.5707,0.5,1.4421,1,0,169.8998,2,0,0.283,2,0,252.3775,5,0.0948,331.5054,5,0.0948,165.6839,1,0.1026,-0.0252,5,0.0948,1.0125,5,0.0948,0.0307,1.0,0.1081,0.4999,2,0.2206,0.1539,2,0.1897
4,dimension_3d,prediction,regdgcnn,deepjeb_3d_2d_modal,L,mode_shapes::mode_shape_2::y,38.3595,0.45,1.4421,1,0,169.8998,2,0,0.283,2,0,268.5197,5,0.1056,458.4833,5,0.1056,162.2468,1,0.1056,-0.016,5,0.1056,1.008,5,0.1056,0.0307,1.0,0.1217,0.5041,2,0.126,0.1585,1,0.2244
4,dimension_3d,prediction,regdgcnn,deepjeb_3d_2d_modal,L,mode_shapes::mode_shape_2::z,44.2808,0.5,1.4421,1,0,169.8998,2,0,0.283,2,0,679.2722,4,0.1027,908.533,4,0.0976,168.7873,2,0.1027,-0.0099,4,0.0976,1.005,4,0.0976,0.0307,1.0,0.1715,0.506,1,0.1877,0.1853,2,0.1425
4,dimension_3d,prediction,regdgcnn,deepjeb_3d_2d_modal,M,mode_shapes::mode_shape_1::x,42.9691,0.5,1.4421,1,0,129.5686,3,0,0.2837,2,0,265.0214,5,0.0931,362.734,5,0.0931,163.517,2,0.1033,-0.0306,5,0.0931,1.0151,4,0.0954,0.0856,2.0,0.1239,0.4912,4,0.1226,0.2015,3,0.2756
4,dimension_3d,prediction,geofno,deepjeb_3d_2d_modal,M,mode_shapes::mode_shape_1::y,40.3743,0.5,1.5461,2,0,70.2784,2,0,0.3039,4,0,380.3868,4,0.117,558.3585,4,0.117,163.6134,2,0.117,-0.0228,4,0.117,1.0113,4,0.117,0.0286,3.0,0.1556,0.4975,3,0.1234,0.1644,5,0.1358
4,dimension_3d,prediction,transolver_pp,deepjeb_3d_2d_modal,M,mode_shapes::mode_shape_1::z,43.6609,0.5,1.7417,3,0,235.778,4,0,0.2799,1,0,644.3091,2,0.0944,796.6022,2,0.0944,171.4234,2,0.1164,-0.0073,2,0.0944,1.0036,2,0.0944,0.0067,5.0,0.1251,0.4972,4,0.1725,0.0015,5,0.2085
4,dimension_3d,prediction,regdgcnn,deepjeb_3d_2d_modal,M,mode_shapes::mode_shape_2::x,41.7437,0.5,1.4421,1,0,129.5686,3,0,0.2837,2,0,252.1625,5,0.099,331.6425,5,0.099,166.9999,2,0.1386,-0.0261,5,0.099,1.013,5,0.099,0.0643,1.0,0.1327,0.496,5,0.1247,0.1242,3,0.2079
4,dimension_3d,prediction,pointnet,deepjeb_3d_2d_modal,M,mode_shapes::mode_shape_2::y,42.4349,0.5,3.6685,4,0,63.5931,1,0,0.3512,5,0,262.8298,1,0.1052,454.8559,1,0.1052,196.0035,5,0.113,0.0,1,0.1052,1.0,1,0.1052,0.0008,5.0,0.1564,0.4966,5,0.113,0.1212,5,0.1968
4,dimension_3d,prediction,regdgcnn,deepjeb_3d_2d_modal,M,mode_shapes::mode_shape_2::z,41.6023,0.45,1.4421,1,0,129.5686,3,0,0.2837,2,0,680.6615,4,0.1083,910.6104,4,0.115,168.2032,2,0.115,-0.0145,4,0.115,1.0072,4,0.115,0.0643,1.0,0.1416,0.5025,3,0.1227,0.1906,2,0.1673
4,dimension_3d,prediction,transolver_pp,deepjeb_3d_2d_modal,S,mode_shapes::mode_shape_1::x,42.5262,0.5,1.7417,3,0,318.0501,5,0,0.2803,1,0,273.6557,4,0.0966,369.0063,3,0.0997,147.5046,1,0.1365,-0.0665,3,0.0997,1.0327,3,0.0997,0.0071,4.0,0.1362,0.5002,3,0.0996,0.0364,5,0.232
4,dimension_3d,prediction,pointnet,deepjeb_3d_2d_modal,S,mode_shapes::mode_shape_1::y,76.1423,0.5,3.6685,4,0,27.9267,1,0,0.3572,5,0,374.0873,1,0.1104,552.1456,1,0.1046,189.3228,5,0.1104,-0.0001,1,0.1046,1.0001,1,0.1046,0.0116,3.0,0.1656,0.5015,4,0.1703,0.2868,1,0.1296
4,dimension_3d,prediction,regdgcnn,deepjeb_3d_2d_modal,S,mode_shapes::mode_shape_1::z,78.3648,0.5,1.4421,1,0,73.2771,3,0,0.2823,2,0,649.8903,4,0.1073,808.5179,4,0.1073,164.0758,2,0.1194,-0.0376,4,0.1073,1.0186,4,0.1073,0.0299,2.0,0.1575,0.5017,3,0.1175,0.2517,4,0.1763
4,dimension_3d,prediction,pointnet,deepjeb_3d_2d_modal,S,mode_shapes::mode_shape_2::x,42.6967,0.5,3.6685,4,0,27.9267,1,0,0.3572,5,0,248.4433,2,0.1084,327.4171,1,0.0949,192.6225,5,0.1107,-0.0001,1,0.0949,1.0001,1,0.0949,0.0015,5.0,0.1207,0.4999,5,0.2043,0.089,5,0.1713
4,dimension_3d,prediction,geofno,deepjeb_3d_2d_modal,S,mode_shapes::mode_shape_2::y,42.059,0.5,1.5461,2,0,32.4022,2,0,0.3124,4,0,277.5707,5,0.1042,466.4309,5,0.1042,155.0612,1,0.1042,-0.0515,5,0.1042,1.0254,5,0.1042,0.2774,1.0,0.1496,0.5019,4,0.2085,0.2135,2,0.1207
4,dimension_3d,prediction,regdgcnn,deepjeb_3d_2d_modal,S,mode_shapes::mode_shape_2::z,42.531,0.5,1.4421,1,0,73.2771,3,0,0.2823,2,0,691.973,4,0.0983,921.9136,4,0.0983,162.4196,2,0.0983,-0.0399,4,0.0983,1.0198,4,0.1056,0.0299,4.0,0.1283,0.4996,5,0.2444,0.1631,4,0.1283
4,dimension_3d,prediction,transolver_pp,deepjeb_3d_2d_modal,XL,mode_shapes::mode_shape_1::x,41.9384,0.45,1.7417,3,0,1931.3587,4,0,0.2829,1,0,258.8432,2,0.0884,357.3774,2,0.0884,185.9376,4,0.0884,-0.0004,2,0.0884,1.0002,2,0.0876,0.0766,2.0,0.1045,0.4986,5,0.1956,0.134,4,0.2589
4,dimension_3d,prediction,geofno,deepjeb_3d_2d_modal,XL,mode_shapes::mode_shape_1::y,43.9535,0.5,1.5461,2,0,381.5716,2,0,0.3026,5,0,374.9699,4,0.1094,552.5116,4,0.1048,177.0102,2,0.1012,-0.0014,4,0.1022,1.0007,4,0.1022,0.0177,4.0,0.1539,0.5029,2,0.1529,0.1652,4,0.1735
4,dimension_3d,prediction,geofno,deepjeb_3d_2d_modal,XL,mode_shapes::mode_shape_1::z,43.2587,0.5,1.5461,2,0,381.5716,2,0,0.3026,5,0,642.4731,4,0.1008,794.5705,4,0.1008,185.4692,2,0.1093,-0.0022,4,0.1008,1.001,3,0.1022,0.0177,4.0,0.1227,0.4977,5,0.1217,0.0793,5,0.2416
4,dimension_3d,prediction,geofno,deepjeb_3d_2d_modal,XL,mode_shapes::mode_shape_2::x,43.3699,0.5,1.5461,2,0,381.5716,2,0,0.3026,5,0,248.6493,4,0.0939,327.6093,4,0.0939,185.5855,2,0.0939,-0.0013,4,0.0939,1.0006,4,0.0939,0.0029,4.0,0.2146,0.4995,3,0.1156,0.1017,5,0.2003
4,dimension_3d,prediction,pointnet,deepjeb_3d_2d_modal,XL,mode_shapes::mode_shape_2::y,43.6292,0.5,3.6685,4,0,1343.3551,3,0,0.285,3,0,262.8466,1,0.1015,454.858,1,0.0998,192.9142,5,0.1015,0.0,1,0.0981,1.0,1,0.0981,0.0013,5.0,0.1714,0.4966,3,0.2074,0.2351,1,0.1224
4,dimension_3d,prediction,geofno,deepjeb_3d_2d_modal,XL,mode_shapes::mode_shape_2::z,43.1397,0.5,1.5461,2,0,381.5716,2,0,0.3026,5,0,674.7947,4,0.1041,904.6882,4,0.1041,183.6792,3,0.1011,-0.0014,4,0.1089,1.0007,4,0.1089,0.0029,4.0,0.243,0.4992,3,0.1149,0.1453,3,0.1149
4,dimension_3d,prediction,geofno,deepjeb_3d_2d_torsion,L,displacement+von_mises::displacement::x,41.8514,0.35,1.5458,2,0,1302.9894,1,0,0.1874,1,0,0.0028,4,0.1182,0.0055,4,0.1182,71.7757,4,0.1182,0.905,4,0.1182,0.3081,4,0.1182,0.919,4.0,0.1182,0.8775,5,0.1727,0.8538,4,0.1182
4,dimension_3d,prediction,geofno,deepjeb_3d_2d_torsion,L,displacement+von_mises::displacement::y,36.4165,0.35,1.5458,2,0,1302.9894,1,0,0.1874,1,0,0.002,4,0.1237,0.0038,4,0.1237,102.544,4,0.1237,0.9105,4,0.1237,0.2983,4,0.1237,0.919,4.0,0.1237,0.7376,5,0.1339,0.7228,4,0.1237
4,dimension_3d,prediction,geofno,deepjeb_3d_2d_torsion,L,displacement+von_mises::displacement::z,40.8638,0.35,1.5458,2,0,1302.9894,1,0,0.1874,1,0,0.0023,4,0.1237,0.0038,4,0.1237,82.1771,4,0.1237,0.889,4,0.1237,0.3329,4,0.1237,0.919,4.0,0.1237,0.8322,5,0.1339,0.8024,4,0.1237
4,dimension_3d,prediction,geofno,deepjeb_3d_2d_torsion,L,displacement+von_mises::von_mises,35.9092,0.35,1.5458,2,0,1302.9894,1,0,0.1874,1,0,15.6295,4,0.1441,26.4598,4,0.1419,109.5178,4,0.1441,0.5082,4,0.1419,0.7012,4,0.1419,,,0.0,0.6902,4,0.1419,0.6379,4,0.1441
4,dimension_3d,prediction,geofno,deepjeb_3d_2d_torsion,M,displacement+von_mises::displacement::x,45.0189,0.35,1.5458,2,0,786.7821,1,0,0.1862,1,0,0.0034,4,0.117,0.0065,4,0.1225,81.3351,5,0.1316,0.8646,4,0.1204,0.3679,4,0.1204,0.8842,4.0,0.1169,0.8477,5,0.1316,0.8218,4,0.1396
4,dimension_3d,prediction,geofno,deepjeb_3d_2d_torsion,M,displacement+von_mises::displacement::y,32.0,0.3,1.5458,2,0,786.7821,1,0,0.1862,1,0,0.0024,4,0.1153,0.0044,4,0.1175,108.8554,5,0.1449,0.8779,5,0.1171,0.3484,5,0.1171,0.8842,4.0,0.1243,0.7192,5,0.1449,0.6655,5,0.1189
4,dimension_3d,prediction,geofno,deepjeb_3d_2d_torsion,M,displacement+von_mises::displacement::z,38.9457,0.35,1.5458,2,0,786.7821,1,0,0.1862,1,0,0.0028,4,0.1261,0.0045,4,0.121,92.4179,5,0.1281,0.8465,4,0.1272,0.3916,4,0.1272,0.8842,4.0,0.1212,0.7951,5,0.1281,0.7697,4,0.1212
4,dimension_3d,prediction,geofno,deepjeb_3d_2d_torsion,M,displacement+von_mises::von_mises,32.0,0.3,1.5458,2,0,786.7821,1,0,0.1862,1,0,17.1771,4,0.1371,28.3175,4,0.1371,115.2712,4,0.1371,0.4368,4,0.1371,0.7505,4,0.1371,,,0.0,0.659,5,0.164,0.6013,4,0.1506
4,dimension_3d,prediction,geofno,deepjeb_3d_2d_torsion,S,displacement+von_mises::displacement::x,52.1415,0.35,1.5458,2,0,322.0007,1,0,0.1865,1,0,0.0045,4,0.1237,0.0083,4,0.1237,93.5809,4,0.1237,0.7791,4,0.1237,0.4699,4,0.1237,0.7997,4.0,0.1237,0.8095,4,0.1237,0.7436,4,0.1339
4,dimension_3d,prediction,geofno,deepjeb_3d_2d_torsion,S,displacement+von_mises::displacement::y,42.9119,0.35,1.5458,2,0,322.0007,1,0,0.1865,1,0,0.0031,4,0.1201,0.0054,4,0.12,121.6541,4,0.1266,0.8179,4,0.12,0.4255,4,0.12,0.7997,4.0,0.1352,0.6652,5,0.1383,0.6129,4,0.12
4,dimension_3d,prediction,geofno,deepjeb_3d_2d_torsion,S,displacement+von_mises::displacement::z,51.9518,0.35,1.5458,2,0,322.0007,1,0,0.1865,1,0,0.0035,4,0.1271,0.0055,4,0.1247,103.5084,4,0.1247,0.7724,4,0.1247,0.4768,4,0.1247,0.7997,4.0,0.1247,0.7529,4,0.1247,0.6954,4,0.1247
4,dimension_3d,prediction,geofno,deepjeb_3d_2d_torsion,S,displacement+von_mises::von_mises,36.5703,0.35,1.5458,2,0,322.0007,1,0,0.1865,1,0,19.8836,4,0.1429,32.0142,4,0.1429,123.5891,4,0.1429,0.2801,4,0.1429,0.8484,4,0.1429,,,0.0,0.6196,4,0.1429,0.5222,4,0.1429
4,dimension_3d,prediction,pointnet,deepjeb_3d_2d_torsion,XL,displacement+von_mises::displacement::x,39.0334,0.35,3.6682,4,0,5202.6952,3,0,0.2165,4,0,0.0021,4,0.125,0.0041,4,0.125,56.5367,4,0.125,0.9473,4,0.125,0.2296,4,0.125,0.9623,4.0,0.125,0.9076,4,0.125,0.9464,4,0.125
4,dimension_3d,prediction,geofno,deepjeb_3d_2d_torsion,XL,displacement+von_mises::displacement::y,32.0,0.3,1.5458,2,0,3018.3384,1,0,0.1876,1,0,0.0016,4,0.1217,0.003,4,0.1217,90.6639,4,0.1232,0.9419,4,0.1266,0.2403,4,0.1266,0.9502,5.0,0.1267,0.7818,5,0.1267,0.7647,5,0.1267
4,dimension_3d,prediction,geofno,deepjeb_3d_2d_torsion,XL,displacement+von_mises::displacement::z,32.0,0.3,1.5458,2,0,3018.3384,1,0,0.1876,1,0,0.0019,4,0.1238,0.0032,4,0.1238,74.1602,4,0.1238,0.9214,4,0.1238,0.2803,4,0.1238,0.9502,5.0,0.1271,0.8507,5,0.1271,0.8267,5,0.1271
4,dimension_3d,prediction,pointnet,deepjeb_3d_2d_torsion,XL,displacement+von_mises::von_mises,35.9433,0.35,3.6682,4,0,5202.6952,3,0,0.2165,4,0,12.0818,4,0.1413,20.601,4,0.1413,100.1504,5,0.1523,0.7019,4,0.1413,0.546,4,0.1413,,,0.0,0.7535,4,0.1413,0.7471,4,0.1413
4,dimension_3d,prediction,pointnet,deepjeb_3d_2d_vertical,L,displacement+von_mises::displacement::x,45.8162,0.3,3.6682,4,0,2779.3699,4,0,0.2064,2,0,0.0101,4,0.125,0.0173,4,0.125,65.279,4,0.125,0.9305,4,0.125,0.2396,4,0.125,0.979,4.0,0.125,0.873,4,0.125,0.9134,4,0.125
4,dimension_3d,prediction,pointnet,deepjeb_3d_2d_vertical,L,displacement+von_mises::displacement::y,45.5358,0.35,3.6682,4,0,2779.3699,4,0,0.2064,2,0,0.0055,4,0.1206,0.0098,4,0.1206,82.2306,4,0.1324,0.7904,4,0.1206,0.4573,4,0.1206,0.979,4.0,0.1324,0.8277,4,0.1324,0.7498,4,0.1206
4,dimension_3d,prediction,pointnet,deepjeb_3d_2d_vertical,L,displacement+von_mises::displacement::z,48.9429,0.35,3.6682,4,0,2779.3699,4,0,0.2064,2,0,0.0181,4,0.1189,0.0292,4,0.1309,60.3309,4,0.1194,0.9348,4,0.1309,0.2052,4,0.1309,0.979,4.0,0.1194,0.8764,4,0.1248,0.9334,4,0.1248
4,dimension_3d,prediction,pointnet,deepjeb_3d_2d_vertical,L,displacement+von_mises::von_mises,36.8805,0.35,3.6682,4,0,2779.3699,4,0,0.2064,2,0,41.787,4,0.1357,62.8889,4,0.1431,95.1539,4,0.1431,0.4344,4,0.1431,0.7232,4,0.1431,,,0.0,0.7645,4,0.1431,0.4348,5,0.1485
4,dimension_3d,prediction,geofno,deepjeb_3d_2d_vertical,M,displacement+von_mises::displacement::x,36.0407,0.35,1.5458,2,0,823.6713,1,0,0.1944,1,0,0.0214,4,0.1241,0.0344,4,0.1174,103.3876,5,0.1311,0.7238,4,0.1241,0.4775,4,0.1241,0.8579,4.0,0.1171,0.7453,5,0.1311,0.7505,5,0.1311
4,dimension_3d,prediction,geofno,deepjeb_3d_2d_vertical,M,displacement+von_mises::displacement::y,32.0,0.3,1.5458,2,0,823.6713,1,0,0.1944,1,0,0.0083,4,0.1174,0.0132,4,0.1174,114.8712,5,0.1333,0.617,4,0.1174,0.6182,4,0.1174,0.8579,4.0,0.143,0.6875,5,0.1333,0.6412,5,0.121
4,dimension_3d,prediction,geofno,deepjeb_3d_2d_vertical,M,displacement+von_mises::displacement::z,42.7603,0.35,1.5458,2,0,823.6713,1,0,0.1944,1,0,0.0347,4,0.1182,0.0536,4,0.1272,82.8413,4,0.1216,0.7809,4,0.1272,0.3761,4,0.1272,0.8579,4.0,0.1216,0.8305,4,0.1216,0.8196,4,0.1354
4,dimension_3d,prediction,geofno,deepjeb_3d_2d_vertical,M,displacement+von_mises::von_mises,40.4975,0.35,1.5458,2,0,823.6713,1,0,0.1944,1,0,48.6705,4,0.139,69.8162,4,0.139,112.1293,4,0.1525,0.3029,4,0.139,0.8028,4,0.139,,,0.0,0.6899,4,0.139,0.4014,4,0.1525
4,dimension_3d,prediction,pointnet,deepjeb_3d_2d_vertical,S,displacement+von_mises::displacement::x,45.5206,0.35,3.6682,4,0,605.19,3,0,0.2047,3,0,0.0269,4,0.1165,0.045,4,0.1165,120.6302,4,0.1191,0.5278,4,0.1165,0.6242,4,0.1165,0.8242,4.0,0.1186,0.6767,5,0.1481,0.7155,4,0.1481
4,dimension_3d,prediction,pointnet,deepjeb_3d_2d_vertical,S,displacement+von_mises::displacement::y,45.9532,0.35,3.6682,4,0,605.19,3,0,0.2047,3,0,0.012,5,0.1208,0.0212,5,0.1208,166.1578,5,0.1285,0.005,5,0.1208,0.9961,5,0.1208,0.8242,4.0,0.1325,0.5304,5,0.1285,0.6506,4,0.1275
4,dimension_3d,prediction,pointnet,deepjeb_3d_2d_vertical,S,displacement+von_mises::displacement::z,47.8216,0.35,3.6682,4,0,605.19,3,0,0.2047,3,0,0.0444,4,0.1187,0.0701,4,0.1187,85.7474,4,0.1359,0.6245,4,0.1187,0.4923,4,0.1187,0.8242,4.0,0.1226,0.8527,4,0.1359,0.6043,5,0.1307
4,dimension_3d,prediction,geofno,deepjeb_3d_2d_vertical,S,displacement+von_mises::von_mises,32.0,0.3,1.5458,2,0,303.7167,1,0,0.1929,1,0,57.2981,4,0.1429,79.8692,4,0.1429,130.2269,4,0.1429,0.0877,4,0.1429,0.9184,4,0.1429,,,0.0,0.6191,4,0.1429,0.2579,4,0.1429
4,dimension_3d,prediction,pointnet,deepjeb_3d_2d_vertical,XL,displacement+von_mises::displacement::x,43.8999,0.35,3.6682,4,0,5563.5775,4,0,0.2346,3,0,0.0082,4,0.1185,0.0146,4,0.1291,56.2705,4,0.1236,0.9501,4,0.1291,0.203,4,0.1291,0.989,4.0,0.1236,0.8943,4,0.1236,0.944,4,0.1236
4,dimension_3d,prediction,pointnet,deepjeb_3d_2d_vertical,XL,displacement+von_mises::displacement::y,38.0196,0.4,3.6682,4,0,5563.5775,4,0,0.2346,3,0,0.0045,4,0.1224,0.0086,5,0.1294,70.8006,4,0.1224,0.837,5,0.1294,0.4032,5,0.1294,0.989,4.0,0.1224,0.8642,4,0.1224,0.8151,4,0.1224
4,dimension_3d,prediction,pointnet,deepjeb_3d_2d_vertical,XL,displacement+von_mises::displacement::z,42.3863,0.35,3.6682,4,0,5563.5775,4,0,0.2346,3,0,0.0143,4,0.119,0.0246,4,0.1284,49.7881,4,0.1256,0.9538,4,0.1284,0.1727,4,0.1284,0.989,4.0,0.1256,0.9041,4,0.1188,0.9542,4,0.1256
4,dimension_3d,prediction,geofno,deepjeb_3d_2d_vertical,XL,displacement+von_mises::von_mises,32.0,0.3,1.5458,2,0,3160.0524,1,0,0.1953,1,0,36.4219,5,0.1429,54.1935,5,0.1429,86.0917,5,0.1429,0.58,5,0.1429,0.6232,5,0.1429,,,0.0,0.7861,5,0.1429,0.5478,5,0.1429
4,dimension_3d,prediction,transolver_pp,drivaerml_3d_2d_surface,L,pressure+wall_shear_stress::pressure,35.1069,0.3194,1.7407,3,0,513.0413,6,0,0.0175,4,0,92.7342,6,0.1442,156.6067,3,0.1389,41.1491,6,0.1442,0.6616,3,0.1389,0.4425,3,0.1389,,,0.0,0.946,4,0.1511,0.6505,4,0.1439
4,dimension_3d,prediction,transolver,drivaerml_3d_2d_surface,L,pressure+wall_shear_stress::wall_shear_stress::x,35.5804,0.3333,3.7783,6,0,472.7258,4,0,0.0156,3,0,0.8,3,0.1237,1.3209,2,0.1258,104.6738,4,0.128,0.5962,2,0.1258,0.5501,2,0.1258,0.5885,2.0,0.1198,0.7371,5,0.1296,0.6365,3,0.1214
4,dimension_3d,prediction,transolver_pp,drivaerml_3d_2d_surface,L,pressure+wall_shear_stress::wall_shear_stress::y,36.8345,0.3611,1.7407,3,0,513.0413,6,0,0.0175,4,0,0.5028,3,0.1305,1.125,3,0.1223,141.1147,6,0.1296,0.3098,3,0.1223,0.8308,3,0.1223,0.5812,4.0,0.1242,0.5923,5,0.1231,0.52,5,0.1258
4,dimension_3d,prediction,linearno,drivaerml_3d_2d_surface,L,pressure+wall_shear_stress::wall_shear_stress::z,39.1657,0.4028,3.3265,4,0,299.1335,1,0,0.0227,5,0,0.4336,4,0.1202,0.8006,4,0.1218,119.2154,5,0.1405,0.4801,4,0.1218,0.7195,4,0.1218,0.5752,5.0,0.1302,0.6788,5,0.1235,0.5302,3,0.1202
4,dimension_3d,prediction,transolver,drivaerml_3d_2d_surface,M,pressure+wall_shear_stress::pressure,37.5581,0.375,3.7783,6,0,385.2293,6,0,0.0223,4,0,96.6561,5,0.1407,162.7111,4,0.1397,42.7982,5,0.1407,0.6347,4,0.1397,0.4598,4,0.1397,,,0.0,0.9428,3,0.1545,0.6424,3,0.145
4,dimension_3d,prediction,linearno,drivaerml_3d_2d_surface,M,pressure+wall_shear_stress::wall_shear_stress::x,38.4448,0.4028,3.3265,4,0,224.1049,2,0,0.0241,5,0,0.8444,4,0.1254,1.3905,4,0.126,107.1289,4,0.1254,0.5525,4,0.126,0.5792,4,0.126,0.5559,4.0,0.122,0.7327,4,0.1254,0.6058,5,0.1237
4,dimension_3d,prediction,transolver_pp,drivaerml_3d_2d_surface,M,pressure+wall_shear_stress::wall_shear_stress::y,37.6364,0.375,1.7407,3,0,325.6852,5,0,0.0168,2,0,0.5149,5,0.1403,1.1414,4,0.123,145.475,6,0.1227,0.2895,4,0.123,0.8429,4,0.123,0.5431,6.0,0.1263,0.5796,6,0.1209,0.4959,6,0.1209
4,dimension_3d,prediction,transolver,drivaerml_3d_2d_surface,M,pressure+wall_shear_stress::wall_shear_stress::z,38.2554,0.3889,3.7783,6,0,385.2293,6,0,0.0223,4,0,0.4532,4,0.1211,0.8249,4,0.1232,122.1554,5,0.1399,0.4481,4,0.1232,0.7414,4,0.1232,0.561,2.0,0.1266,0.6693,4,0.1216,0.5057,4,0.1211
4,dimension_3d,prediction,transolver,drivaerml_3d_2d_surface,S,pressure+wall_shear_stress::pressure,36.1004,0.3333,3.7783,6,0,268.5012,6,0,0.0608,7,0,110.1153,4,0.1432,176.9625,3,0.1415,48.225,4,0.1432,0.5679,3,0.1415,0.5,3,0.1415,,,0.0,0.938,3,0.1423,0.6025,4,0.1469
4,dimension_3d,prediction,transolver,drivaerml_3d_2d_surface,S,pressure+wall_shear_stress::wall_shear_stress::x,37.6686,0.3889,3.7783,6,0,268.5012,6,0,0.0608,7,0,0.9393,4,0.1215,1.4866,3,0.1221,112.3116,4,0.1264,0.4885,3,0.1221,0.6192,3,0.1221,0.5103,3.0,0.1204,0.7157,6,0.1462,0.567,3,0.1191
4,dimension_3d,prediction,transolver,drivaerml_3d_2d_surface,S,pressure+wall_shear_stress::wall_shear_stress::y,39.4882,0.4167,3.7783,6,0,268.5012,6,0,0.0608,7,0,0.5239,4,0.1347,1.1564,4,0.115,148.327,5,0.161,0.2707,4,0.115,0.854,4,0.115,0.5103,3.0,0.1197,0.5658,5,0.1194,0.4834,3,0.1203
4,dimension_3d,prediction,linearno,drivaerml_3d_2d_surface,S,pressure+wall_shear_stress::wall_shear_stress::z,37.4411,0.375,3.3265,4,0,170.9893,2,0,0.0236,4,0,0.4978,4,0.1242,0.9072,4,0.1225,130.9701,4,0.1355,0.3324,4,0.1225,0.8154,4,0.1225,0.4882,4.0,0.1217,0.6352,4,0.1284,0.4567,4,0.1225
4,dimension_3d,prediction,linearno,drivaerml_3d_2d_surface,XL,pressure+wall_shear_stress::pressure,35.588,0.3333,3.3265,4,0,583.7084,4,0,0.0239,5,0,75.5045,4,0.1426,146.1837,5,0.1415,34.5054,5,0.1415,0.7051,5,0.1415,0.4131,5,0.1415,,,0.0,0.9535,5,0.1415,0.7138,5,0.1498
4,dimension_3d,prediction,linearno_big,drivaerml_3d_2d_surface,XL,pressure+wall_shear_stress::wall_shear_stress::x,36.8758,0.3611,11.0461,7,0,1570.151,7,0,0.0466,7,0,0.6758,5,0.1242,1.234,5,0.1242,94.9605,4,0.125,0.6475,5,0.1242,0.514,5,0.1242,0.6176,5.0,0.1242,0.7756,3,0.1282,0.6701,5,0.1258
4,dimension_3d,prediction,domino,drivaerml_3d_2d_surface,XL,pressure+wall_shear_stress::wall_shear_stress::y,38.0912,0.4028,24.3143,8,0,161280.0,9,0,1.5127,9,0,0.5013,6,0.1288,1.0315,4,0.1253,125.5363,4,0.1228,0.4198,4,0.1253,0.7617,4,0.1253,0.5844,6.0,0.1248,0.6416,4,0.1228,0.5558,6,0.1248
4,dimension_3d,prediction,linearno_big,drivaerml_3d_2d_surface,XL,pressure+wall_shear_stress::wall_shear_stress::z,36.9773,0.3611,11.0461,7,0,1570.151,7,0,0.0466,7,0,0.3828,4,0.1253,0.7484,5,0.1248,109.4428,4,0.1253,0.5457,5,0.1248,0.6726,5,0.1248,0.6176,5.0,0.1248,0.7174,4,0.1253,0.5926,5,0.1248
4,dimension_3d,prediction,linearno_big,drivaerml_3d_3d_volume,L,pressure_coeff+velocity+vorticity::totalpcoeff,40.0425,0.3333,11.0458,7,0,827.7102,6,0,0.0625,7,0,0.125,4,0.1426,0.2069,4,0.1426,49.3352,4,0.1426,0.829,4,0.1426,0.3912,4,0.1426,,,0.0,0.9071,4,0.1426,0.7759,4,0.1443
4,dimension_3d,prediction,transolver,drivaerml_3d_3d_volume,L,pressure_coeff+velocity+vorticity::velocity::x,39.5513,0.3611,3.778,6,0,562.0972,4,0,0.0215,3,0,4.286,4,0.1245,6.5697,4,0.1245,57.6582,4,0.1245,0.8397,4,0.1245,0.2798,4,0.1245,0.8959,4.0,0.1245,0.8834,5,0.1256,0.7097,5,0.1272
4,dimension_3d,prediction,linearno,drivaerml_3d_3d_volume,L,pressure_coeff+velocity+vorticity::velocity::y,40.8542,0.3889,3.3262,4,0,755.7537,5,0,0.0549,6,0,2.6067,4,0.1241,4.9347,4,0.1241,84.5457,3,0.1268,0.6725,4,0.1241,0.5723,4,0.1241,0.9037,3.0,0.1241,0.804,3,0.1268,0.7252,4,0.1262
4,dimension_3d,prediction,transolver,drivaerml_3d_3d_volume,L,pressure_coeff+velocity+vorticity::velocity::z,39.3886,0.3611,3.778,6,0,562.0972,4,0,0.0215,3,0,1.9506,4,0.1248,3.0445,4,0.1248,94.7991,4,0.1248,0.7895,4,0.1248,0.4579,4,0.1248,0.8959,4.0,0.1248,0.778,5,0.1264,0.7396,4,0.1248
4,dimension_3d,prediction,transolver,drivaerml_3d_3d_volume,L,pressure_coeff+velocity+vorticity::vorticity::x,40.4691,0.375,3.778,6,0,562.0972,4,0,0.0215,3,0,3.4909,4,0.1369,4.4461,4,0.1386,114.0731,4,0.1376,0.3357,4,0.1386,0.815,4,0.1386,,,0.0,0.7034,4,0.1369,0.3868,3,0.1727
4,dimension_3d,prediction,linearno_big,drivaerml_3d_3d_volume,L,pressure_coeff+velocity+vorticity::vorticity::y,39.9552,0.375,11.0458,7,0,827.7102,6,0,0.0625,7,0,3.3392,4,0.1354,4.427,5,0.1375,96.8772,4,0.1358,0.4114,5,0.1375,0.7601,5,0.1375,,,0.0,0.7537,5,0.1354,0.4099,4,0.1809
4,dimension_3d,prediction,linearno,drivaerml_3d_3d_volume,L,pressure_coeff+velocity+vorticity::vorticity::z,40.0585,0.3472,3.3262,4,0,755.7537,5,0,0.0549,6,0,2.8437,4,0.1423,4.0117,4,0.1423,88.5423,3,0.1433,0.4599,4,0.1423,0.7349,4,0.1423,,,0.0,0.7732,3,0.1433,0.3641,4,0.144
4,dimension_3d,prediction,transolver_pp,drivaerml_3d_3d_volume,M,pressure_coeff+velocity+vorticity::totalpcoeff,40.104,0.3611,1.7405,3,0,322.6259,3,0,0.0222,3,0,0.1715,4,0.1423,0.261,4,0.1423,65.1049,4,0.1443,0.7279,4,0.1423,0.4935,4,0.1423,,,0.0,0.8647,4,0.1423,0.6928,4,0.1443
4,dimension_3d,prediction,transolver_pp,drivaerml_3d_3d_volume,M,pressure_coeff+velocity+vorticity::velocity::x,41.1031,0.375,1.7405,3,0,322.6259,3,0,0.0222,3,0,5.9684,4,0.1246,8.5169,4,0.1246,69.5143,4,0.1246,0.7307,4,0.1246,0.3628,4,0.1246,0.8189,4.0,0.1246,0.8471,4,0.1262,0.6234,4,0.1262
4,dimension_3d,prediction,transolver_pp,drivaerml_3d_3d_volume,M,pressure_coeff+velocity+vorticity::velocity::y,42.1319,0.3889,1.7405,3,0,322.6259,3,0,0.0222,3,0,3.5056,4,0.1255,5.758,4,0.1244,108.0715,4,0.1252,0.5541,4,0.1244,0.6678,4,0.1245,0.8189,4.0,0.1243,0.7259,4,0.1252,0.6608,4,0.1263
4,dimension_3d,prediction,transolver_pp,drivaerml_3d_3d_volume,M,pressure_coeff+velocity+vorticity::velocity::z,39.8042,0.3611,1.7405,3,0,322.6259,3,0,0.0222,3,0,2.5624,4,0.125,3.9666,4,0.125,112.4866,4,0.125,0.6427,4,0.125,0.5966,4,0.125,0.8189,4.0,0.125,0.7211,4,0.125,0.6455,4,0.125
4,dimension_3d,prediction,transolver_pp,drivaerml_3d_3d_volume,M,pressure_coeff+velocity+vorticity::vorticity::x,40.1441,0.3889,1.7405,3,0,322.6259,3,0,0.0222,3,0,4.2089,4,0.1372,4.9896,4,0.1406,139.9387,4,0.1374,0.1634,4,0.1397,0.9147,4,0.1397,,,0.0,0.633,4,0.1374,0.2565,6,0.168
4,dimension_3d,prediction,transolver_pp,drivaerml_3d_3d_volume,M,pressure_coeff+velocity+vorticity::vorticity::y,37.9067,0.3611,1.7405,3,0,322.6259,3,0,0.0222,3,0,3.957,4,0.1408,4.8966,4,0.1412,115.8795,4,0.1408,0.2799,4,0.1412,0.8407,4,0.1412,,,0.0,0.7109,4,0.1408,0.1842,6,0.154
4,dimension_3d,prediction,transolver_pp,drivaerml_3d_3d_volume,M,pressure_coeff+velocity+vorticity::vorticity::z,38.7263,0.3472,1.7405,3,0,322.6259,3,0,0.0222,3,0,3.5915,4,0.142,4.4932,4,0.142,115.2259,4,0.142,0.3225,4,0.1419,0.8231,4,0.1419,,,0.0,0.7073,4,0.142,0.2977,4,0.1484
4,dimension_3d,prediction,geofno,drivaerml_3d_3d_volume,S,pressure_coeff+velocity+vorticity::totalpcoeff,37.346,0.3611,1.5461,2,0,196.3043,2,0,0.0183,2,0,0.2862,4,0.1411,0.3756,4,0.1397,108.763,4,0.1397,0.4367,4,0.1397,0.71,4,0.1397,,,0.0,0.743,4,0.1428,0.4897,7,0.1574
4,dimension_3d,prediction,geofno,drivaerml_3d_3d_volume,S,pressure_coeff+velocity+vorticity::velocity::x,35.9854,0.375,1.5461,2,0,196.3043,2,0,0.0183,2,0,9.7021,4,0.1163,12.3677,4,0.1163,87.9811,4,0.1163,0.4321,4,0.1163,0.5268,4,0.1163,0.6229,4.0,0.1163,0.7991,9,0.1811,0.3578,6,0.1211
4,dimension_3d,prediction,geofno,drivaerml_3d_3d_volume,S,pressure_coeff+velocity+vorticity::velocity::y,35.7116,0.375,1.5461,2,0,196.3043,2,0,0.0183,2,0,4.8077,4,0.137,7.9394,4,0.1221,139.6902,4,0.1221,0.1522,4,0.122,0.9207,4,0.122,0.6229,4.0,0.1294,0.6058,4,0.1221,0.2588,4,0.1234
4,dimension_3d,prediction,geofno,drivaerml_3d_3d_volume,S,pressure_coeff+velocity+vorticity::velocity::z,33.8379,0.3333,1.5461,2,0,196.3043,2,0,0.0183,2,0,3.8568,4,0.1393,6.0564,4,0.1212,143.4988,4,0.1267,0.167,4,0.1212,0.9109,4,0.1212,0.6229,4.0,0.1212,0.5926,4,0.1262,0.3345,4,0.1228
4,dimension_3d,prediction,geofno,drivaerml_3d_3d_volume,S,pressure_coeff+velocity+vorticity::vorticity::x,39.5128,0.4167,1.5461,2,0,196.3043,2,0,0.0183,2,0,4.8488,4,0.1481,5.4236,4,0.1298,174.2748,4,0.1316,0.0115,4,0.1259,0.9942,4,0.1259,,,0.0,0.5435,4,0.1262,0.0068,9,0.2125
4,dimension_3d,prediction,linearno,drivaerml_3d_3d_volume,S,pressure_coeff+velocity+vorticity::vorticity::y,38.1894,0.4028,3.3262,4,0,530.2554,6,0,0.0534,6,0,4.617,4,0.1376,5.3561,4,0.1376,132.0818,4,0.1393,0.1384,4,0.1376,0.9196,4,0.1376,,,0.0,0.6612,4,0.1401,0.2701,3,0.1701
4,dimension_3d,prediction,geofno,drivaerml_3d_3d_volume,S,pressure_coeff+velocity+vorticity::vorticity::z,35.2522,0.3611,1.5461,2,0,196.3043,2,0,0.0183,2,0,4.5428,4,0.1329,5.1591,4,0.132,148.2086,4,0.1322,0.1068,4,0.132,0.9451,4,0.132,,,0.0,0.6163,4,0.1322,0.0779,6,0.2065
4,dimension_3d,prediction,transolver_pp,drivaerml_3d_3d_volume,XL,pressure_coeff+velocity+vorticity::totalpcoeff,44.9855,0.3333,1.7405,3,0,898.3872,4,0,0.0173,2,0,0.0879,4,0.1428,0.1429,4,0.1425,39.2227,5,0.1445,0.9184,4,0.1425,0.2702,4,0.1425,,,0.0,0.9365,4,0.1425,0.8494,4,0.1428
4,dimension_3d,prediction,transolver_pp,drivaerml_3d_3d_volume,XL,pressure_coeff+velocity+vorticity::velocity::x,41.1831,0.3333,1.7405,3,0,898.3872,4,0,0.0173,2,0,2.9376,4,0.1247,4.384,4,0.1247,49.6144,5,0.1258,0.9286,4,0.1247,0.1867,4,0.1247,0.9459,4.0,0.1247,0.9014,5,0.1258,0.8455,4,0.1247
4,dimension_3d,prediction,transolver_pp,drivaerml_3d_3d_volume,XL,pressure_coeff+velocity+vorticity::velocity::y,43.3182,0.3611,1.7405,3,0,898.3872,4,0,0.0173,2,0,2.0379,4,0.1251,3.2103,4,0.1246,82.003,5,0.1265,0.8614,4,0.1246,0.3723,4,0.1246,0.9459,4.0,0.1246,0.8143,4,0.1253,0.8125,4,0.1246
4,dimension_3d,prediction,linearno,drivaerml_3d_3d_volume,XL,pressure_coeff+velocity+vorticity::velocity::z,40.5886,0.3333,3.3262,4,0,962.8778,6,0,0.0506,7,0,1.5769,4,0.1248,2.6605,5,0.1248,83.1713,4,0.1248,0.8392,5,0.1248,0.4002,5,0.1248,0.9089,5.0,0.1264,0.8123,4,0.1248,0.7866,4,0.1248
4,dimension_3d,prediction,transolver_pp,drivaerml_3d_3d_volume,XL,pressure_coeff+velocity+vorticity::vorticity::x,40.7231,0.375,1.7405,3,0,898.3872,4,0,0.0173,2,0,3.0253,4,0.1396,3.9921,4,0.1421,100.6108,5,0.1421,0.4645,4,0.1421,0.7318,4,0.1421,,,0.0,0.7479,4,0.1396,0.4984,4,0.1524
4,dimension_3d,prediction,transolver_pp,drivaerml_3d_3d_volume,XL,pressure_coeff+velocity+vorticity::vorticity::y,39.9945,0.3611,1.7405,3,0,898.3872,4,0,0.0173,2,0,2.7261,4,0.14,3.8198,4,0.1425,82.1083,5,0.1421,0.5618,4,0.1425,0.6559,4,0.1425,,,0.0,0.8014,4,0.14,0.5624,4,0.1504
4,dimension_3d,prediction,transolver_pp,drivaerml_3d_3d_volume,XL,pressure_coeff+velocity+vorticity::vorticity::z,40.2801,0.3611,1.7405,3,0,898.3872,4,0,0.0173,2,0,2.6336,4,0.1429,3.6404,4,0.1429,85.7748,4,0.1429,0.5553,4,0.1429,0.6669,4,0.1429,,,0.0,0.7933,4,0.1429,0.4529,4,0.1429
4,dimension_3d,prediction,regdgcnn,drivaernet_3d_2d_centerplane,L,pressure+velocity::pressure,40.345,0.3571,1.4418,1,0,1258.2914,7,0,0.6961,1,0,15.3989,3,0.1352,24.723,2,0.1344,39.444,2,0.1393,0.9617,2,0.1344,0.1889,2,0.1344,,,0.0,0.9423,4,0.1768,0.8677,4,0.1455
4,dimension_3d,prediction,linearno,drivaernet_3d_2d_centerplane,L,pressure+velocity::velocity::x,59.4612,0.3333,3.327,4,0,292.2291,5,0,0.8066,7,0,2.0582,3,0.1211,3.4084,3,0.1211,31.7069,3,0.1206,0.9364,3,0.1211,0.1468,3,0.1211,0.9721,3.0,0.1206,0.935,3,0.1206,0.8779,3,0.1538
4,dimension_3d,prediction,transolver_pp,drivaernet_3d_2d_centerplane,L,pressure+velocity::velocity::y,44.4711,0.4048,1.7412,3,0,272.2569,4,0,0.777,6,0,0.8064,4,0.1213,1.4629,4,0.1172,102.4497,4,0.1538,0.3339,4,0.1172,0.8113,4,0.1172,0.9656,5.0,0.1349,0.7282,5,0.1172,0.4468,4,0.1213
4,dimension_3d,prediction,transolver_pp,drivaernet_3d_2d_centerplane,L,pressure+velocity::velocity::z,39.3596,0.3333,1.7412,3,0,272.2569,4,0,0.777,6,0,0.942,4,0.1089,1.6232,5,0.1095,59.7587,1,0.1666,0.8838,5,0.1095,0.3337,5,0.1095,0.9656,5.0,0.1101,0.8647,1,0.1559,0.8431,3,0.1299
4,dimension_3d,prediction,transolver,drivaernet_3d_2d_centerplane,M,pressure+velocity::pressure,43.8502,0.3571,3.7788,6,0,172.7022,3,0,0.7115,2,0,17.6958,4,0.1324,28.0939,4,0.1348,41.6041,2,0.1643,0.9505,4,0.1348,0.2147,4,0.1348,,,0.0,0.9384,2,0.1643,0.8556,4,0.1348
4,dimension_3d,prediction,transolver,drivaernet_3d_2d_centerplane,M,pressure+velocity::velocity::x,41.0302,0.3095,3.7788,6,0,172.7022,3,0,0.7115,2,0,2.5122,5,0.1239,3.8364,4,0.1234,34.7061,5,0.1312,0.9194,4,0.1234,0.1652,4,0.1234,0.9658,4.0,0.1234,0.9306,4,0.1275,0.8561,5,0.1239
4,dimension_3d,prediction,transolver_pp,drivaernet_3d_2d_centerplane,M,pressure+velocity::velocity::y,48.0975,0.4286,1.7412,3,0,174.5358,4,0,0.7758,6,0,0.8436,4,0.1079,1.5227,4,0.1127,107.8704,4,0.1172,0.2783,4,0.1127,0.8444,4,0.1127,0.9642,5.0,0.1572,0.7079,4,0.1734,0.4248,5,0.1062
4,dimension_3d,prediction,linearno,drivaernet_3d_2d_centerplane,M,pressure+velocity::velocity::z,40.8582,0.3571,3.327,4,0,256.5747,5,0,0.7798,7,0,0.9791,3,0.112,1.6014,2,0.112,65.2181,4,0.1542,0.8869,2,0.112,0.3292,2,0.112,0.9694,2.0,0.1193,0.8467,4,0.1554,0.8342,3,0.123
4,dimension_3d,prediction,linearno,drivaernet_3d_2d_centerplane,S,pressure+velocity::pressure,42.9849,0.3333,3.327,4,0,139.4548,5,0,0.8168,7,0,24.0542,4,0.1407,43.1695,4,0.1407,48.6292,3,0.1437,0.8831,4,0.1407,0.3299,4,0.1407,,,0.0,0.9252,3,0.1476,0.7406,5,0.146
4,dimension_3d,prediction,linearno,drivaernet_3d_2d_centerplane,S,pressure+velocity::velocity::x,40.9942,0.3095,3.327,4,0,139.4548,5,0,0.8168,7,0,3.0929,4,0.1235,4.7511,4,0.1235,37.8569,4,0.1258,0.8764,4,0.1235,0.2046,4,0.1235,0.9512,4.0,0.1235,0.9252,4,0.1258,0.7335,5,0.1307
4,dimension_3d,prediction,linearno_big,drivaernet_3d_2d_centerplane,S,pressure+velocity::velocity::y,43.771,0.4286,11.0469,7,0,262.3325,6,0,0.7353,3,0,0.8478,2,0.1116,1.5288,1,0.1019,122.0936,4,0.1661,0.2726,1,0.1032,0.8478,1,0.1019,0.9564,3.0,0.1175,0.6466,6,0.1952,0.4102,2,0.1026
4,dimension_3d,prediction,regdgcnn,drivaernet_3d_2d_centerplane,S,pressure+velocity::velocity::z,47.0623,0.3571,1.4418,1,0,293.7707,7,0,0.7819,6,0,1.1734,4,0.1174,1.8778,3,0.1203,67.8114,3,0.1301,0.8445,3,0.1203,0.386,3,0.1203,0.957,2.0,0.1338,0.8469,4,0.1247,0.7885,5,0.133
4,dimension_3d,prediction,transolver_pp,drivaernet_3d_2d_centerplane,XL,pressure+velocity::pressure,41.3396,0.3571,1.7412,3,0,446.462,4,0,0.7757,6,0,14.7906,5,0.1374,23.4345,4,0.1374,39.3761,3,0.1424,0.9656,4,0.1374,0.1791,4,0.1374,,,0.0,0.9427,3,0.1424,0.8834,4,0.1655
4,dimension_3d,prediction,linearno,drivaernet_3d_2d_centerplane,XL,pressure+velocity::velocity::x,45.4546,0.3333,3.327,4,0,458.4889,5,0,0.8126,7,0,2.0809,4,0.1169,3.3707,4,0.1169,31.9448,4,0.1203,0.9378,4,0.1169,0.1451,4,0.1169,0.9731,3.0,0.1215,0.9329,4,0.1203,0.8762,4,0.1701
4,dimension_3d,prediction,regdgcnn,drivaernet_3d_2d_centerplane,XL,pressure+velocity::velocity::y,46.4122,0.5,1.4418,1,0,2476.4348,7,0,0.699,1,0,0.8048,4,0.1344,1.4891,5,0.1166,96.5937,1,0.145,0.3098,5,0.1166,0.8258,5,0.1166,0.9757,2.0,0.1201,0.76,3,0.1353,0.4542,5,0.1153
4,dimension_3d,prediction,linearno,drivaernet_3d_2d_centerplane,XL,pressure+velocity::velocity::z,42.6713,0.381,3.327,4,0,458.4889,5,0,0.8126,7,0,0.9008,5,0.117,1.4987,4,0.1129,60.6609,5,0.1544,0.9009,4,0.1129,0.3081,4,0.1129,0.9731,3.0,0.1189,0.8661,2,0.1566,0.8476,4,0.1146
4,dimension_3d,prediction,transolver_pp,drivaernet_3d_2d_surface,L,pressure::pressure,98.7266,0.3571,1.7399,3,0,683.1657,4,0,0.1067,2,0,16.2347,3,0.1443,29.1799,4,0.1421,21.648,3,0.1443,0.9356,4,0.1421,0.1965,4,0.1421,,,,0.984,4,0.143,0.8729,4,0.1421
4,dimension_3d,prediction,linearno,drivaernet_3d_2d_surface,M,pressure::pressure,99.2137,0.3571,3.3257,4,0,480.813,2,0,0.1152,6,0,17.6594,4,0.1423,30.9704,4,0.1422,23.2053,4,0.1423,0.9275,4,0.1444,0.2086,4,0.1444,,,,0.9824,4,0.1423,0.8597,4,0.1423
4,dimension_3d,prediction,linearno,drivaernet_3d_2d_surface,S,pressure::pressure,98.3824,0.3571,3.3257,4,0,405.0584,5,0,0.1669,6,0,20.8537,4,0.1404,36.5288,4,0.1404,26.6129,4,0.1427,0.8991,4,0.1404,0.246,4,0.1404,,,,0.9782,4,0.1404,0.8383,2,0.1551
4,dimension_3d,prediction,transolver_pp,drivaernet_3d_2d_surface,XL,pressure::pressure,98.7408,0.3571,1.7399,3,0,1095.3857,4,0,0.1076,2,0,15.3453,4,0.1408,27.466,4,0.14,20.7618,3,0.1476,0.943,4,0.14,0.185,4,0.14,,,,0.9849,4,0.1392,0.8812,3,0.1522
5,dimension_3d,prediction,geofno,deepjeb_3d_2d_diagonal,L,displacement+von_mises::displacement::x,34.0,0.35,1.5458,2,0,1595.0446,1,0,0.1935,1,0,0.006,5,0.125,0.0102,4,0.125,72.2367,5,0.125,0.6502,4,0.125,0.4725,4,0.125,0.9344,4.0,0.125,0.8617,5,0.125,0.5954,5,0.125
5,dimension_3d,prediction,pointnet,deepjeb_3d_2d_diagonal,L,displacement+von_mises::displacement::y,32.0,0.3,3.6682,4,0,2731.351,3,0,0.2166,3,0,0.0069,5,0.1222,0.0111,5,0.1278,113.1206,5,0.1222,0.5926,5,0.1278,0.6382,5,0.1278,0.9199,5.0,0.1222,0.7397,4,0.1278,0.6455,5,0.1222
5,dimension_3d,prediction,pointnet,deepjeb_3d_2d_diagonal,L,displacement+von_mises::displacement::z,34.0,0.35,3.6682,4,0,2731.351,3,0,0.2166,3,0,0.0164,5,0.1189,0.0255,5,0.1302,55.5382,4,0.1262,0.7684,5,0.1302,0.3428,5,0.1302,0.9199,5.0,0.1189,0.9205,4,0.1262,0.7012,5,0.1189
5,dimension_3d,prediction,pointnet,deepjeb_3d_2d_diagonal,L,displacement+von_mises::von_mises,34.0,0.35,3.6682,4,0,2731.351,3,0,0.2166,3,0,26.4338,5,0.142,39.7108,5,0.142,81.5393,4,0.1497,0.3056,5,0.142,0.7199,5,0.142,,,0.0,0.819,4,0.1497,0.3005,5,0.1328
5,dimension_3d,prediction,geofno,deepjeb_3d_2d_diagonal,M,displacement+von_mises::displacement::x,34.0,0.35,1.5458,2,0,725.5344,1,0,0.1926,1,0,0.0093,5,0.1192,0.014,5,0.1192,87.9669,5,0.1423,0.3437,5,0.1192,0.6472,5,0.1192,0.8187,5.0,0.1192,0.8455,5,0.1423,0.4351,5,0.1192
5,dimension_3d,prediction,pointnet,deepjeb_3d_2d_diagonal,M,displacement+von_mises::displacement::y,34.0,0.35,3.6682,4,0,1408.0197,3,0,0.2177,2,0,0.0098,5,0.1182,0.0173,5,0.1156,185.9747,5,0.1384,0.0001,5,0.1199,0.9999,5,0.1199,0.8618,4.0,0.1285,0.5109,5,0.1422,0.038,5,0.1173
5,dimension_3d,prediction,geofno,deepjeb_3d_2d_diagonal,M,displacement+von_mises::displacement::z,36.0,0.4,1.5458,2,0,725.5344,1,0,0.1926,1,0,0.0233,5,0.1174,0.0328,5,0.1174,75.3206,5,0.1333,0.6176,5,0.1174,0.4405,5,0.1174,0.8187,5.0,0.121,0.8777,5,0.1333,0.7682,4,0.143
5,dimension_3d,prediction,pointnet,deepjeb_3d_2d_diagonal,M,displacement+von_mises::von_mises,34.0,0.35,3.6682,4,0,1408.0197,3,0,0.2177,2,0,31.4399,5,0.1331,45.5523,5,0.1352,94.6858,4,0.195,0.0863,5,0.1352,0.8258,5,0.1352,,,0.0,0.7435,5,0.1331,0.0863,5,0.1331
5,dimension_3d,prediction,geofno,deepjeb_3d_2d_diagonal,S,displacement+von_mises::displacement::x,34.0,0.35,1.5458,2,0,301.1372,1,0,0.1931,1,0,0.0096,5,0.1207,0.0148,5,0.1207,88.0878,5,0.1256,0.2632,5,0.1207,0.6857,5,0.1207,0.7859,5.0,0.1207,0.8399,5,0.1503,0.389,5,0.1207
5,dimension_3d,prediction,pointnet,deepjeb_3d_2d_diagonal,S,displacement+von_mises::displacement::y,34.0,0.35,3.6682,4,0,611.5217,3,0,0.2187,4,0,0.0098,5,0.1237,0.0173,5,0.1237,183.6368,5,0.1237,0.0004,5,0.1237,0.9997,5,0.1237,0.891,4.0,0.1339,0.509,5,0.1237,0.2469,5,0.1237
5,dimension_3d,prediction,geofno,deepjeb_3d_2d_diagonal,S,displacement+von_mises::displacement::z,34.0,0.35,1.5458,2,0,301.1372,1,0,0.1931,1,0,0.0254,5,0.1237,0.0362,5,0.1237,77.3528,5,0.1237,0.5352,5,0.1237,0.4856,5,0.1237,0.7859,5.0,0.1237,0.879,5,0.1237,0.6088,5,0.1339
5,dimension_3d,prediction,pointnet,deepjeb_3d_2d_diagonal,S,displacement+von_mises::von_mises,32.0,0.3,3.6682,4,0,611.5217,3,0,0.2187,4,0,31.6803,4,0.141,46.0618,4,0.141,92.4556,4,0.141,0.0658,4,0.141,0.8351,4,0.141,,,0.0,0.7423,5,0.1475,0.1617,5,0.1475
5,dimension_3d,prediction,geofno,deepjeb_3d_2d_diagonal,XL,displacement+von_mises::displacement::x,36.0,0.4,1.5458,2,0,3617.7097,1,0,0.1944,1,0,0.0045,4,0.123,0.008,4,0.123,59.5154,5,0.1245,0.7849,4,0.1279,0.3705,4,0.1279,0.969,5.0,0.1245,0.8917,5,0.1245,0.7459,5,0.1245
5,dimension_3d,prediction,geofno,deepjeb_3d_2d_diagonal,XL,displacement+von_mises::displacement::y,34.0,0.35,1.5458,2,0,3617.7097,1,0,0.1944,1,0,0.0044,5,0.1213,0.0074,4,0.1247,76.7165,5,0.1245,0.8194,4,0.128,0.4249,4,0.128,0.969,5.0,0.1245,0.8511,5,0.1245,0.7664,5,0.1245
5,dimension_3d,prediction,geofno,deepjeb_3d_2d_diagonal,XL,displacement+von_mises::displacement::z,34.0,0.35,1.5458,2,0,3617.7097,1,0,0.1944,1,0,0.0096,4,0.123,0.0153,4,0.123,47.0623,5,0.1245,0.9168,4,0.1279,0.2055,4,0.1279,0.969,5.0,0.1245,0.9116,5,0.1245,0.8448,5,0.1245
5,dimension_3d,prediction,pointnet,deepjeb_3d_2d_diagonal,XL,displacement+von_mises::von_mises,32.0,0.3,3.6682,4,0,5422.8321,4,0,0.2186,4,0,21.4273,4,0.1424,33.4137,5,0.1402,72.9303,4,0.1543,0.5084,5,0.1402,0.6058,5,0.1402,,,0.0,0.847,4,0.1424,0.4976,5,0.1402
5,dimension_3d,prediction,geofno,deepjeb_3d_2d_horizontal,L,displacement+von_mises::displacement::x,34.0,0.35,1.5458,2,0,1564.7434,1,0,0.1936,1,0,0.0205,5,0.1194,0.0344,5,0.1222,73.8922,5,0.1237,0.7943,5,0.1319,0.3716,5,0.1319,0.8907,5.0,0.1237,0.8744,5,0.1237,0.8004,5,0.1237
5,dimension_3d,prediction,pointnet,deepjeb_3d_2d_horizontal,L,displacement+von_mises::displacement::y,34.0,0.35,3.6682,4,0,2734.531,3,0,0.2094,3,0,0.0043,5,0.1224,0.0065,5,0.1199,114.7954,5,0.1194,0.2894,5,0.127,0.8376,5,0.127,0.9466,4.0,0.1456,0.7211,5,0.1194,0.4088,5,0.1194
5,dimension_3d,prediction,geofno,deepjeb_3d_2d_horizontal,L,displacement+von_mises::displacement::z,34.0,0.35,1.5458,2,0,1564.7434,1,0,0.1936,1,0,0.0169,4,0.1169,0.0277,4,0.1278,73.906,4,0.1221,0.8714,4,0.1278,0.334,4,0.1278,0.8907,5.0,0.1259,0.8588,5,0.1259,0.8316,5,0.1259
5,dimension_3d,prediction,pointnet,deepjeb_3d_2d_horizontal,L,displacement+von_mises::von_mises,34.0,0.35,3.6682,4,0,2734.531,3,0,0.2094,3,0,43.4805,5,0.1419,62.117,5,0.1441,108.5325,5,0.1419,0.2799,5,0.1441,0.8359,5,0.1441,,,0.0,0.7239,5,0.1419,0.2796,5,0.1419
5,dimension_3d,prediction,pointnet,deepjeb_3d_2d_horizontal,M,displacement+von_mises::displacement::x,34.0,0.35,3.6682,4,0,1391.1085,3,0,0.2088,4,0,0.0333,5,0.1292,0.053,5,0.1213,85.3245,5,0.1213,0.5114,5,0.1213,0.5727,5,0.1213,0.7961,5.0,0.1213,0.9129,4,0.1433,0.6666,5,0.1213
5,dimension_3d,prediction,pointnet,deepjeb_3d_2d_horizontal,M,displacement+von_mises::displacement::y,34.0,0.35,3.6682,4,0,1391.1085,3,0,0.2088,4,0,0.0049,5,0.1192,0.0076,5,0.1249,139.795,5,0.1333,0.0446,5,0.1249,0.9712,5,0.1249,0.7961,5.0,0.1333,0.6191,5,0.1198,0.2397,5,0.1198
5,dimension_3d,prediction,pointnet,deepjeb_3d_2d_horizontal,M,displacement+von_mises::displacement::z,34.0,0.35,3.6682,4,0,1391.1085,3,0,0.2088,4,0,0.0316,5,0.1236,0.0497,5,0.1236,99.0974,5,0.1185,0.5868,5,0.1236,0.5987,5,0.1236,0.7961,5.0,0.1291,0.8219,5,0.1291,0.6714,5,0.1291
5,dimension_3d,prediction,pointnet,deepjeb_3d_2d_horizontal,M,displacement+von_mises::von_mises,34.0,0.35,3.6682,4,0,1391.1085,3,0,0.2088,4,0,53.4845,5,0.1419,71.8951,5,0.1441,156.6088,5,0.1419,0.0353,5,0.1441,0.9675,5,0.1441,,,0.0,0.5844,5,0.1419,0.1722,5,0.1419
5,dimension_3d,prediction,geofno,deepjeb_3d_2d_horizontal,S,displacement+von_mises::displacement::x,36.0,0.4,1.5458,2,0,303.9616,1,0,0.1941,1,0,0.0355,5,0.1141,0.0557,5,0.1141,92.1272,5,0.1141,0.4601,5,0.1141,0.602,5,0.1141,0.6377,5.0,0.1487,0.8767,5,0.1602,0.5892,5,0.1207
5,dimension_3d,prediction,geofno,deepjeb_3d_2d_horizontal,S,displacement+von_mises::displacement::y,34.0,0.35,1.5458,2,0,303.9616,1,0,0.1941,1,0,0.005,4,0.1166,0.0073,4,0.1157,131.4568,4,0.1157,0.1219,4,0.1157,0.9311,4,0.1157,0.6377,5.0,0.1894,0.6165,4,0.1157,0.2746,4,0.1157
5,dimension_3d,prediction,geofno,deepjeb_3d_2d_horizontal,S,displacement+von_mises::displacement::z,34.0,0.35,1.5458,2,0,303.9616,1,0,0.1941,1,0,0.0328,4,0.1234,0.0508,4,0.1234,105.2715,5,0.1234,0.5667,4,0.1234,0.613,4,0.1234,0.6377,5.0,0.1276,0.7484,5,0.1276,0.6547,5,0.1276
5,dimension_3d,prediction,pointnet,deepjeb_3d_2d_horizontal,S,displacement+von_mises::von_mises,32.0,0.3,3.6682,4,0,596.8445,3,0,0.2093,2,0,54.2426,5,0.141,72.4484,5,0.141,155.2615,5,0.1475,0.0204,5,0.141,0.9749,5,0.141,,,0.0,0.5846,5,0.141,0.1118,5,0.1475
5,dimension_3d,prediction,geofno,deepjeb_3d_2d_horizontal,XL,displacement+von_mises::displacement::x,36.0,0.4,1.5458,2,0,3171.7439,1,0,0.1983,2,0,0.0122,5,0.1224,0.0223,4,0.1259,58.2011,5,0.1259,0.9136,4,0.1259,0.2408,4,0.1259,0.9578,5.0,0.1224,0.8909,5,0.1259,0.8764,5,0.1259
5,dimension_3d,prediction,geofno,deepjeb_3d_2d_horizontal,XL,displacement+von_mises::displacement::y,34.0,0.35,1.5458,2,0,3171.7439,1,0,0.1983,2,0,0.0025,4,0.1229,0.0039,4,0.1229,80.2469,4,0.1228,0.7486,4,0.1228,0.4983,4,0.1228,0.9578,5.0,0.1262,0.8304,5,0.1335,0.6809,5,0.1262
5,dimension_3d,prediction,geofno,deepjeb_3d_2d_horizontal,XL,displacement+von_mises::displacement::z,34.0,0.35,1.5458,2,0,3171.7439,1,0,0.1983,2,0,0.0115,4,0.1237,0.0192,4,0.1237,61.5055,5,0.1237,0.9383,4,0.1237,0.2314,4,0.1237,0.9578,5.0,0.1237,0.8749,5,0.1237,0.8783,5,0.1344
5,dimension_3d,prediction,pointnet,deepjeb_3d_2d_horizontal,XL,displacement+von_mises::von_mises,32.0,0.3,3.6682,4,0,5409.0745,3,0,0.216,4,0,31.8804,5,0.1419,49.8564,5,0.1441,85.2727,5,0.1419,0.5361,5,0.1441,0.6709,5,0.1441,,,0.0,0.7974,5,0.1419,0.4632,5,0.1419
5,dimension_3d,prediction,geofno,deepjeb_3d_2d_modal,L,mode_shapes::mode_shape_1::x,38.0,0.45,1.5461,2,0,134.1387,1,0,0.3089,5,0,267.363,5,0.1166,368.3277,5,0.1166,158.6895,1,0.1166,-0.0626,5,0.1166,1.0308,5,0.1166,0.0725,1.0,0.1307,0.4996,4,0.1284,0.1571,2,0.1576
5,dimension_3d,prediction,geofno,deepjeb_3d_2d_modal,L,mode_shapes::mode_shape_1::y,36.0,0.4,1.5461,2,0,134.1387,1,0,0.3089,5,0,390.4127,5,0.1203,565.5633,5,0.1122,158.1877,1,0.1353,-0.0493,5,0.1122,1.0244,5,0.1114,0.0725,1.0,0.1164,0.5002,4,0.1183,0.1467,2,0.174
5,dimension_3d,prediction,geofno,deepjeb_3d_2d_modal,L,mode_shapes::mode_shape_1::z,38.0,0.45,1.5461,2,0,134.1387,1,0,0.3089,5,0,649.2327,5,0.0934,811.1317,5,0.0934,165.7817,2,0.0985,-0.0444,5,0.0934,1.0219,5,0.0934,0.0725,1.0,0.1003,0.4967,5,0.2121,0.2448,2,0.2155
5,dimension_3d,prediction,geofno,deepjeb_3d_2d_modal,L,mode_shapes::mode_shape_2::x,40.0,0.5,1.5461,2,0,134.1387,1,0,0.3089,5,0,252.2337,4,0.0948,331.3994,4,0.0948,167.2543,2,0.1026,-0.0246,4,0.0948,1.0122,4,0.0948,0.0115,3.0,0.1081,0.5011,1,0.2206,0.0983,5,0.1897
5,dimension_3d,prediction,geofno,deepjeb_3d_2d_modal,L,mode_shapes::mode_shape_2::y,38.0,0.45,1.5461,2,0,134.1387,1,0,0.3089,5,0,267.4933,4,0.1056,457.3755,4,0.1056,164.2793,2,0.1056,-0.0111,4,0.1056,1.0055,4,0.1056,0.0115,3.0,0.1217,0.5053,1,0.126,0.0625,5,0.2244
5,dimension_3d,prediction,geofno,deepjeb_3d_2d_modal,L,mode_shapes::mode_shape_2::z,40.0,0.5,1.5461,2,0,134.1387,1,0,0.3089,5,0,687.1118,5,0.1027,912.204,5,0.0976,168.7539,1,0.1027,-0.0181,5,0.0976,1.009,5,0.0976,0.0115,3.0,0.1715,0.5016,3,0.1877,0.0941,5,0.1425
5,dimension_3d,prediction,geofno,deepjeb_3d_2d_modal,M,mode_shapes::mode_shape_1::x,40.0,0.5,1.5461,2,0,70.2784,2,0,0.3039,4,0,264.5288,4,0.0931,362.7218,4,0.0931,162.6092,1,0.1033,-0.0305,4,0.0931,1.0151,4,0.0954,0.0286,3.0,0.1239,0.5002,2,0.1226,0.1214,4,0.2756
5,dimension_3d,prediction,regdgcnn,deepjeb_3d_2d_modal,M,mode_shapes::mode_shape_1::y,40.0,0.5,1.4421,1,0,129.5686,3,0,0.2837,2,0,384.2123,5,0.117,561.6368,5,0.117,160.4249,1,0.117,-0.0348,5,0.117,1.0172,5,0.117,0.0856,2.0,0.1556,0.4908,5,0.1234,0.2052,4,0.1358
5,dimension_3d,prediction,geofno,deepjeb_3d_2d_modal,M,mode_shapes::mode_shape_1::z,40.0,0.5,1.5461,2,0,70.2784,2,0,0.3039,4,0,646.6183,4,0.0944,801.4751,4,0.0944,171.9203,4,0.1164,-0.0196,4,0.0944,1.0097,4,0.0944,0.0286,3.0,0.1251,0.4977,3,0.1725,0.1256,3,0.2085
5,dimension_3d,prediction,geofno,deepjeb_3d_2d_modal,M,mode_shapes::mode_shape_2::x,40.0,0.5,1.5461,2,0,70.2784,2,0,0.3039,4,0,252.0305,4,0.099,331.1342,4,0.099,168.5355,3,0.1386,-0.023,4,0.099,1.0114,4,0.099,0.0176,3.0,0.1327,0.4987,4,0.1247,0.0878,5,0.2079
5,dimension_3d,prediction,geofno,deepjeb_3d_2d_modal,M,mode_shapes::mode_shape_2::y,40.0,0.5,1.5461,2,0,70.2784,2,0,0.3039,4,0,268.7854,5,0.1052,459.1291,5,0.1052,163.9399,3,0.113,-0.0189,5,0.1052,1.0094,5,0.1052,0.0176,3.0,0.1564,0.5016,3,0.113,0.1514,4,0.1968
5,dimension_3d,prediction,geofno,deepjeb_3d_2d_modal,M,mode_shapes::mode_shape_2::z,38.0,0.45,1.5461,2,0,70.2784,2,0,0.3039,4,0,694.2726,5,0.1083,918.9933,5,0.115,163.523,1,0.115,-0.0333,5,0.115,1.0165,5,0.115,0.0176,3.0,0.1416,0.4974,5,0.1227,0.1502,3,0.1673
5,dimension_3d,prediction,geofno,deepjeb_3d_2d_modal,S,mode_shapes::mode_shape_1::x,40.0,0.5,1.5461,2,0,32.4022,2,0,0.3124,4,0,291.3952,5,0.0966,390.2357,5,0.0997,152.0017,2,0.1365,-0.1928,5,0.0997,1.0921,5,0.0997,0.3394,1.0,0.1362,0.4938,5,0.0996,0.1435,4,0.232
5,dimension_3d,prediction,transolver,deepjeb_3d_2d_modal,S,mode_shapes::mode_shape_1::y,40.0,0.5,3.7793,5,0,112.6566,4,0,0.2911,3,0,408.4592,5,0.1104,575.0756,4,0.1046,143.2975,1,0.1104,-0.0849,4,0.1046,1.0416,4,0.1046,0.0056,5.0,0.1656,0.5033,2,0.1703,0.1044,5,0.1296
5,dimension_3d,prediction,geofno,deepjeb_3d_2d_modal,S,mode_shapes::mode_shape_1::z,40.0,0.5,1.5461,2,0,32.4022,2,0,0.3124,4,0,683.6224,5,0.1073,884.2191,5,0.1073,152.0245,1,0.1194,-0.241,5,0.1073,1.114,5,0.1073,0.3394,1.0,0.1575,0.4879,5,0.1175,0.3744,1,0.1763
5,dimension_3d,prediction,geofno,deepjeb_3d_2d_modal,S,mode_shapes::mode_shape_2::x,40.0,0.5,1.5461,2,0,32.4022,2,0,0.3124,4,0,270.1908,5,0.1084,357.2267,5,0.0949,153.8276,2,0.1107,-0.1905,5,0.0949,1.0911,5,0.0949,0.2774,1.0,0.1207,0.5004,4,0.2043,0.156,3,0.1713
5,dimension_3d,prediction,pointnet,deepjeb_3d_2d_modal,S,mode_shapes::mode_shape_2::y,40.0,0.5,3.6685,4,0,27.9267,1,0,0.3572,5,0,263.1429,1,0.1042,454.9769,1,0.1042,178.8929,5,0.1042,-0.0005,1,0.1042,1.0003,1,0.1042,0.0015,5.0,0.1496,0.4966,5,0.2085,0.1174,5,0.1207
5,dimension_3d,prediction,geofno,deepjeb_3d_2d_modal,S,mode_shapes::mode_shape_2::z,40.0,0.5,1.5461,2,0,32.4022,2,0,0.3124,4,0,732.1528,5,0.0983,1002.3796,5,0.0983,146.8867,1,0.0983,-0.2293,5,0.0983,1.1088,5,0.1056,0.2774,1.0,0.1283,0.5028,3,0.2444,0.47,1,0.1283
5,dimension_3d,prediction,regdgcnn,deepjeb_3d_2d_modal,XL,mode_shapes::mode_shape_1::x,38.0,0.45,1.4421,1,0,336.4321,1,0,0.2834,2,0,263.0895,5,0.0884,360.6298,5,0.0884,166.3199,1,0.0884,-0.0187,5,0.0884,1.0093,5,0.0876,0.1168,1.0,0.1045,0.4997,4,0.1956,0.2082,2,0.2589
5,dimension_3d,prediction,regdgcnn,deepjeb_3d_2d_modal,XL,mode_shapes::mode_shape_1::y,40.0,0.5,1.4421,1,0,336.4321,1,0,0.2834,2,0,382.4049,5,0.1094,560.6735,5,0.1048,162.3009,1,0.1012,-0.0312,5,0.1022,1.0155,5,0.1022,0.1168,1.0,0.1539,0.491,5,0.1529,0.2123,2,0.1735
5,dimension_3d,prediction,regdgcnn,deepjeb_3d_2d_modal,XL,mode_shapes::mode_shape_1::z,40.0,0.5,1.4421,1,0,336.4321,1,0,0.2834,2,0,647.3463,5,0.1008,805.0877,5,0.1008,167.0565,1,0.1093,-0.0289,5,0.1008,1.0143,5,0.1022,0.1168,1.0,0.1227,0.5,4,0.1217,0.2842,3,0.2416
5,dimension_3d,prediction,regdgcnn,deepjeb_3d_2d_modal,XL,mode_shapes::mode_shape_2::x,40.0,0.5,1.4421,1,0,336.4321,1,0,0.2834,2,0,251.261,5,0.0939,329.948,5,0.0939,170.5945,1,0.0939,-0.0156,5,0.0939,1.0078,5,0.0939,0.0252,2.0,0.2146,0.4933,5,0.1156,0.148,2,0.2003
5,dimension_3d,prediction,regdgcnn,deepjeb_3d_2d_modal,XL,mode_shapes::mode_shape_2::y,40.0,0.5,1.4421,1,0,336.4321,1,0,0.2834,2,0,266.561,5,0.1015,457.3207,5,0.0998,165.4284,1,0.1015,-0.0109,5,0.0981,1.0054,5,0.0981,0.0252,2.0,0.1714,0.4957,5,0.2074,0.1439,3,0.1224
5,dimension_3d,prediction,regdgcnn,deepjeb_3d_2d_modal,XL,mode_shapes::mode_shape_2::z,40.0,0.5,1.4421,1,0,336.4321,1,0,0.2834,2,0,678.2719,5,0.1041,907.4008,5,0.1041,171.1668,1,0.1011,-0.0074,5,0.1089,1.0037,5,0.1089,0.0252,2.0,0.243,0.5029,2,0.1149,0.1347,4,0.1149
5,dimension_3d,prediction,pointnet,deepjeb_3d_2d_torsion,L,displacement+von_mises::displacement::x,34.0,0.35,3.6682,4,0,2670.3884,3,0,0.216,4,0,0.0041,5,0.1182,0.0082,5,0.1182,73.5507,5,0.1182,0.7839,5,0.1182,0.4648,5,0.1182,0.8807,5.0,0.1182,0.9116,4,0.1727,0.7476,5,0.1182
5,dimension_3d,prediction,pointnet,deepjeb_3d_2d_torsion,L,displacement+von_mises::displacement::y,34.0,0.35,3.6682,4,0,2670.3884,3,0,0.216,4,0,0.0022,5,0.1237,0.0042,5,0.1237,105.2495,5,0.1237,0.889,5,0.1237,0.3322,5,0.1237,0.8807,5.0,0.1237,0.7576,4,0.1339,0.6948,5,0.1237
5,dimension_3d,prediction,pointnet,deepjeb_3d_2d_torsion,L,displacement+von_mises::displacement::z,34.0,0.35,3.6682,4,0,2670.3884,3,0,0.216,4,0,0.003,5,0.1237,0.0053,5,0.1237,86.3857,5,0.1237,0.7903,5,0.1237,0.4577,5,0.1237,0.8807,5.0,0.1237,0.839,4,0.1339,0.7704,5,0.1237
5,dimension_3d,prediction,pointnet,deepjeb_3d_2d_torsion,L,displacement+von_mises::von_mises,34.0,0.35,3.6682,4,0,2670.3884,3,0,0.216,4,0,17.2249,5,0.1441,29.0865,5,0.1419,123.0577,5,0.1441,0.4058,5,0.1419,0.7708,5,0.1419,,,0.0,0.6861,5,0.1419,0.549,5,0.1441
5,dimension_3d,prediction,pointnet,deepjeb_3d_2d_torsion,M,displacement+von_mises::displacement::x,34.0,0.35,3.6682,4,0,1382.7487,4,0,0.212,4,0,0.0044,5,0.117,0.0086,5,0.1225,78.7641,4,0.1316,0.7644,5,0.1204,0.4854,5,0.1204,0.8715,5.0,0.1169,0.8897,4,0.1316,0.7422,5,0.1396
5,dimension_3d,prediction,pointnet,deepjeb_3d_2d_torsion,M,displacement+von_mises::displacement::y,32.0,0.3,3.6682,4,0,1382.7487,4,0,0.212,4,0,0.0024,4,0.1153,0.0044,4,0.1175,108.7927,4,0.1449,0.8793,4,0.1171,0.3463,4,0.1171,0.8715,5.0,0.1243,0.7256,4,0.1449,0.6863,4,0.1189
5,dimension_3d,prediction,pointnet,deepjeb_3d_2d_torsion,M,displacement+von_mises::displacement::z,34.0,0.35,3.6682,4,0,1382.7487,4,0,0.212,4,0,0.0032,5,0.1261,0.0056,5,0.121,90.032,4,0.1281,0.7629,5,0.1272,0.4866,5,0.1272,0.8715,5.0,0.1212,0.8198,4,0.1281,0.7456,5,0.1212
5,dimension_3d,prediction,pointnet,deepjeb_3d_2d_torsion,M,displacement+von_mises::von_mises,32.0,0.3,3.6682,4,0,1382.7487,4,0,0.212,4,0,17.9049,5,0.1371,29.9406,5,0.1371,126.0409,5,0.1371,0.3703,5,0.1371,0.7935,5,0.1371,,,0.0,0.6772,4,0.164,0.5389,5,0.1506
5,dimension_3d,prediction,pointnet,deepjeb_3d_2d_torsion,S,displacement+von_mises::displacement::x,34.0,0.35,3.6682,4,0,599.5226,3,0,0.2118,5,0,0.0077,5,0.1237,0.0157,5,0.1237,146.6551,5,0.1237,0.2109,5,0.1237,0.8882,5,0.1237,0.4304,5.0,0.1237,0.6108,5,0.1237,0.5271,5,0.1339
5,dimension_3d,prediction,pointnet,deepjeb_3d_2d_torsion,S,displacement+von_mises::displacement::y,34.0,0.35,3.6682,4,0,599.5226,3,0,0.2118,5,0,0.0036,5,0.1201,0.0068,5,0.12,129.9158,5,0.1266,0.709,5,0.12,0.5378,5,0.12,0.4304,5.0,0.1352,0.6668,4,0.1383,0.5161,5,0.12
5,dimension_3d,prediction,pointnet,deepjeb_3d_2d_torsion,S,displacement+von_mises::displacement::z,34.0,0.35,3.6682,4,0,599.5226,3,0,0.2118,5,0,0.0055,5,0.1271,0.0102,5,0.1247,133.1521,5,0.1247,0.2105,5,0.1247,0.8881,5,0.1247,0.4304,5.0,0.1247,0.6675,5,0.1247,0.4245,5,0.1247
5,dimension_3d,prediction,pointnet,deepjeb_3d_2d_torsion,S,displacement+von_mises::von_mises,34.0,0.35,3.6682,4,0,599.5226,3,0,0.2118,5,0,22.4752,5,0.1429,37.3981,5,0.1429,157.0654,5,0.1429,0.0176,5,0.1429,0.9911,5,0.1429,,,0.0,0.5826,5,0.1429,0.3099,5,0.1429
5,dimension_3d,prediction,geofno,deepjeb_3d_2d_torsion,XL,displacement+von_mises::displacement::x,34.0,0.35,1.5458,2,0,3018.3384,1,0,0.1876,1,0,0.0023,5,0.125,0.0046,5,0.125,64.0857,5,0.125,0.9332,5,0.125,0.2585,5,0.125,0.9502,5.0,0.125,0.8898,5,0.125,0.8876,5,0.125
5,dimension_3d,prediction,pointnet,deepjeb_3d_2d_torsion,XL,displacement+von_mises::displacement::y,32.0,0.3,3.6682,4,0,5202.6952,3,0,0.2165,4,0,0.0017,5,0.1217,0.0034,5,0.1217,91.6149,5,0.1232,0.9287,5,0.1266,0.2662,5,0.1266,0.9623,4.0,0.1267,0.7823,4,0.1267,0.7738,4,0.1267
5,dimension_3d,prediction,pointnet,deepjeb_3d_2d_torsion,XL,displacement+von_mises::displacement::z,32.0,0.3,3.6682,4,0,5202.6952,3,0,0.2165,4,0,0.0021,5,0.1238,0.0037,5,0.1238,75.3206,5,0.1238,0.8961,5,0.1238,0.3221,5,0.1238,0.9623,4.0,0.1271,0.8603,4,0.1271,0.8311,4,0.1271
5,dimension_3d,prediction,geofno,deepjeb_3d_2d_torsion,XL,displacement+von_mises::von_mises,34.0,0.35,1.5458,2,0,3018.3384,1,0,0.1876,1,0,13.3368,5,0.1413,23.1611,5,0.1413,98.1704,4,0.1523,0.6232,5,0.1413,0.6138,5,0.1413,,,0.0,0.737,5,0.1413,0.6957,5,0.1413
5,dimension_3d,prediction,geofno,deepjeb_3d_2d_vertical,L,displacement+von_mises::displacement::x,32.0,0.3,1.5458,2,0,1612.5197,1,0,0.1945,1,0,0.0154,5,0.125,0.0257,5,0.125,86.6382,5,0.125,0.8454,5,0.125,0.3572,5,0.125,0.926,5.0,0.125,0.8056,5,0.125,0.8309,5,0.125
5,dimension_3d,prediction,geofno,deepjeb_3d_2d_vertical,L,displacement+von_mises::displacement::y,34.0,0.35,1.5458,2,0,1612.5197,1,0,0.1945,1,0,0.0071,5,0.1206,0.0113,5,0.1206,105.8137,5,0.1324,0.7173,5,0.1206,0.5311,5,0.1206,0.926,5.0,0.1324,0.7259,5,0.1324,0.6971,5,0.1206
5,dimension_3d,prediction,geofno,deepjeb_3d_2d_vertical,L,displacement+von_mises::displacement::z,34.0,0.35,1.5458,2,0,1612.5197,1,0,0.1945,1,0,0.0256,5,0.1189,0.0395,5,0.1309,73.349,5,0.1194,0.8807,5,0.1309,0.2775,5,0.1309,0.926,5.0,0.1194,0.8558,5,0.1248,0.886,5,0.1248
5,dimension_3d,prediction,geofno,deepjeb_3d_2d_vertical,L,displacement+von_mises::von_mises,34.0,0.35,1.5458,2,0,1612.5197,1,0,0.1945,1,0,44.1483,5,0.1357,64.2036,5,0.1431,102.7544,5,0.1431,0.4105,5,0.1431,0.7383,5,0.1431,,,0.0,0.7268,5,0.1431,0.4642,4,0.1485
5,dimension_3d,prediction,pointnet,deepjeb_3d_2d_vertical,M,displacement+von_mises::displacement::x,34.0,0.35,3.6682,4,0,1437.0634,3,0,0.2108,3,0,0.0218,5,0.1241,0.0371,5,0.1174,102.9589,4,0.1311,0.6788,5,0.1241,0.5149,5,0.1241,0.8393,5.0,0.1171,0.7548,4,0.1311,0.7904,4,0.1311
5,dimension_3d,prediction,pointnet,deepjeb_3d_2d_vertical,M,displacement+von_mises::displacement::y,32.0,0.3,3.6682,4,0,1437.0634,3,0,0.2108,3,0,0.0086,5,0.1174,0.0136,5,0.1174,113.7608,4,0.1333,0.5913,5,0.1174,0.6386,5,0.1174,0.8393,5.0,0.143,0.7005,4,0.1333,0.6474,4,0.121
5,dimension_3d,prediction,pointnet,deepjeb_3d_2d_vertical,M,displacement+von_mises::displacement::z,34.0,0.35,3.6682,4,0,1437.0634,3,0,0.2108,3,0,0.0427,5,0.1182,0.0652,5,0.1272,90.9368,5,0.1216,0.675,5,0.1272,0.4581,5,0.1272,0.8393,5.0,0.1216,0.7886,5,0.1216,0.6146,5,0.1354
5,dimension_3d,prediction,pointnet,deepjeb_3d_2d_vertical,M,displacement+von_mises::von_mises,34.0,0.35,3.6682,4,0,1437.0634,3,0,0.2108,3,0,55.0407,5,0.139,77.6656,5,0.139,122.9368,5,0.1525,0.1374,5,0.139,0.8931,5,0.139,,,0.0,0.646,5,0.139,0.2175,5,0.1525
5,dimension_3d,prediction,geofno,deepjeb_3d_2d_vertical,S,displacement+von_mises::displacement::x,34.0,0.35,1.5458,2,0,303.7167,1,0,0.1929,1,0,0.0314,5,0.1165,0.0484,5,0.1165,121.9955,5,0.1191,0.4532,5,0.1165,0.6719,5,0.1165,0.6697,5.0,0.1186,0.6916,4,0.1481,0.5813,5,0.1481
5,dimension_3d,prediction,geofno,deepjeb_3d_2d_vertical,S,displacement+von_mises::displacement::y,34.0,0.35,1.5458,2,0,303.7167,1,0,0.1929,1,0,0.0107,4,0.1208,0.0166,4,0.1208,135.3291,4,0.1285,0.3957,4,0.1208,0.7765,4,0.1208,0.6697,5.0,0.1325,0.5963,4,0.1285,0.5162,5,0.1275
5,dimension_3d,prediction,geofno,deepjeb_3d_2d_vertical,S,displacement+von_mises::displacement::z,34.0,0.35,1.5458,2,0,303.7167,1,0,0.1929,1,0,0.0556,5,0.1187,0.0798,5,0.1187,102.7944,5,0.1359,0.5132,5,0.1187,0.5606,5,0.1187,0.6697,5.0,0.1226,0.7581,5,0.1359,0.6729,4,0.1307
5,dimension_3d,prediction,pointnet,deepjeb_3d_2d_vertical,S,displacement+von_mises::von_mises,32.0,0.3,3.6682,4,0,605.19,3,0,0.2047,3,0,60.0262,5,0.1429,82.2099,5,0.1429,131.638,5,0.1429,0.0334,5,0.1429,0.9452,5,0.1429,,,0.0,0.6072,5,0.1429,0.2006,5,0.1429
5,dimension_3d,prediction,geofno,deepjeb_3d_2d_vertical,XL,displacement+von_mises::displacement::x,34.0,0.35,1.5458,2,0,3160.0524,1,0,0.1953,1,0,0.0104,5,0.1185,0.0176,5,0.1291,70.6995,5,0.1236,0.9277,5,0.1291,0.2442,5,0.1291,0.9702,5.0,0.1236,0.8506,5,0.1236,0.884,5,0.1236
5,dimension_3d,prediction,geofno,deepjeb_3d_2d_vertical,XL,displacement+von_mises::displacement::y,36.0,0.4,1.5458,2,0,3160.0524,1,0,0.1953,1,0,0.0049,5,0.1224,0.0083,4,0.1294,81.0008,5,0.1224,0.8478,4,0.1294,0.3897,4,0.1294,0.9702,5.0,0.1224,0.8228,5,0.1224,0.791,5,0.1224
5,dimension_3d,prediction,geofno,deepjeb_3d_2d_vertical,XL,displacement+von_mises::displacement::z,34.0,0.35,1.5458,2,0,3160.0524,1,0,0.1953,1,0,0.0168,5,0.119,0.0264,5,0.1284,62.2333,5,0.1256,0.9467,5,0.1284,0.1855,5,0.1284,0.9702,5.0,0.1256,0.8649,5,0.1188,0.918,5,0.1256
5,dimension_3d,prediction,pointnet,deepjeb_3d_2d_vertical,XL,displacement+von_mises::von_mises,32.0,0.3,3.6682,4,0,5563.5775,4,0,0.2346,3,0,34.3419,4,0.1429,52.1704,4,0.1429,83.7185,4,0.1429,0.6108,4,0.1429,0.5999,4,0.1429,,,0.0,0.8068,4,0.1429,0.5506,4,0.1429
5,dimension_3d,prediction,linearno_big,drivaerml_3d_2d_surface,L,pressure+wall_shear_stress::pressure,35.1035,0.3194,11.0461,7,0,1446.4816,7,0,0.0822,6,0,91.1832,4,0.1442,158.4386,6,0.1389,40.069,4,0.1442,0.6536,6,0.1389,0.4477,6,0.1389,,,0.0,0.9464,3,0.1511,0.6435,7,0.1439
5,dimension_3d,prediction,transolver_pp,drivaerml_3d_2d_surface,L,pressure+wall_shear_stress::wall_shear_stress::x,35.5216,0.3333,1.7407,3,0,513.0413,6,0,0.0175,4,0,0.8202,6,0.1237,1.344,3,0.1258,105.7181,6,0.128,0.5819,3,0.1258,0.5598,3,0.1258,0.5812,4.0,0.1198,0.7379,4,0.1296,0.6274,4,0.1214
5,dimension_3d,prediction,linearno,drivaerml_3d_2d_surface,L,pressure+wall_shear_stress::wall_shear_stress::y,36.8055,0.3611,3.3265,4,0,299.1335,1,0,0.0227,5,0,0.5033,4,0.1305,1.1367,5,0.1223,139.866,5,0.1296,0.2954,5,0.1223,0.8394,5,0.1223,0.5752,5.0,0.1242,0.5952,4,0.1231,0.5152,6,0.1258
5,dimension_3d,prediction,linearno_big,drivaerml_3d_2d_surface,L,pressure+wall_shear_stress::wall_shear_stress::z,39.035,0.4028,11.0461,7,0,1446.4816,7,0,0.0822,6,0,0.4318,3,0.1202,0.8039,5,0.1218,117.8303,2,0.1405,0.4758,5,0.1218,0.7225,5,0.1218,0.5707,6.0,0.1302,0.6899,2,0.1235,0.5244,5,0.1202
5,dimension_3d,prediction,linearno,drivaerml_3d_2d_surface,M,pressure+wall_shear_stress::pressure,37.5506,0.375,3.3265,4,0,224.1049,2,0,0.0241,5,0,96.426,4,0.1407,162.8951,5,0.1397,42.6769,4,0.1407,0.6339,5,0.1397,0.4603,5,0.1397,,,0.0,0.9427,4,0.1545,0.6369,4,0.145
5,dimension_3d,prediction,transolver,drivaerml_3d_2d_surface,M,pressure+wall_shear_stress::wall_shear_stress::x,38.3985,0.4028,3.7783,6,0,385.2293,6,0,0.0223,4,0,0.8463,5,0.1254,1.3814,2,0.126,107.8181,5,0.1254,0.5583,2,0.126,0.5754,2,0.126,0.561,2.0,0.122,0.7292,5,0.1254,0.6104,4,0.1237
5,dimension_3d,prediction,linearno_big,drivaerml_3d_2d_surface,M,pressure+wall_shear_stress::wall_shear_stress::y,37.598,0.375,11.0461,7,0,1287.6212,7,0,0.0597,6,0,0.5061,2,0.1403,1.1477,6,0.123,143.7577,4,0.1227,0.2816,6,0.123,0.8476,6,0.123,0.559,3.0,0.1263,0.5854,3,0.1209,0.5148,3,0.1209
5,dimension_3d,prediction,transolver_pp,drivaerml_3d_2d_surface,M,pressure+wall_shear_stress::wall_shear_stress::z,37.8384,0.3889,1.7407,3,0,325.6852,5,0,0.0168,2,0,0.4672,5,0.1211,0.8475,5,0.1232,124.1998,6,0.1399,0.4174,5,0.1232,0.7617,5,0.1232,0.5431,6.0,0.1266,0.6649,6,0.1216,0.4924,5,0.1211
5,dimension_3d,prediction,transolver_pp,drivaerml_3d_2d_surface,S,pressure+wall_shear_stress::pressure,35.3673,0.3333,1.7407,3,0,205.1157,4,0,0.0169,2,0,121.9512,5,0.1432,192.7522,6,0.1415,52.5618,5,0.1432,0.4874,6,0.1415,0.5446,6,0.1415,,,0.0,0.9305,5,0.1423,0.5249,7,0.1469
5,dimension_3d,prediction,linearno,drivaerml_3d_2d_surface,S,pressure+wall_shear_stress::wall_shear_stress::x,37.4891,0.3889,3.3265,4,0,170.9893,2,0,0.0236,4,0,0.9682,5,0.1215,1.5369,4,0.1221,113.3996,5,0.1264,0.4533,4,0.1221,0.6401,4,0.1221,0.4882,4.0,0.1204,0.7127,7,0.1462,0.5491,4,0.1191
5,dimension_3d,prediction,linearno,drivaerml_3d_2d_surface,S,pressure+wall_shear_stress::wall_shear_stress::y,39.4331,0.4167,3.3265,4,0,170.9893,2,0,0.0236,4,0,0.5236,3,0.1347,1.1582,5,0.115,148.8846,6,0.161,0.2685,5,0.115,0.8553,5,0.115,0.4882,4.0,0.1197,0.5625,6,0.1194,0.4806,4,0.1203
5,dimension_3d,prediction,transolver_pp,drivaerml_3d_2d_surface,S,pressure+wall_shear_stress::wall_shear_stress::z,37.2532,0.375,1.7407,3,0,205.1157,4,0,0.0169,2,0,0.5066,5,0.1242,0.9228,5,0.1225,131.3779,6,0.1355,0.3093,5,0.1225,0.8294,5,0.1225,0.4592,6.0,0.1217,0.6308,6,0.1284,0.4419,5,0.1225
5,dimension_3d,prediction,linearno_big,drivaerml_3d_2d_surface,XL,pressure+wall_shear_stress::pressure,35.5764,0.3333,11.0461,7,0,1570.151,7,0,0.0466,7,0,75.7363,5,0.1426,145.2601,4,0.1415,34.1278,4,0.1415,0.7089,4,0.1415,0.4105,4,0.1415,,,0.0,0.9546,4,0.1415,0.6933,6,0.1498
5,dimension_3d,prediction,linearno,drivaerml_3d_2d_surface,XL,pressure+wall_shear_stress::wall_shear_stress::x,36.6029,0.3611,3.3265,4,0,583.7084,4,0,0.0239,5,0,0.6708,4,0.1242,1.1873,4,0.1242,96.2065,5,0.125,0.6737,4,0.1242,0.4945,4,0.1242,0.624,4.0,0.1242,0.7635,5,0.1282,0.6837,4,0.1258
5,dimension_3d,prediction,linearno_big,drivaerml_3d_2d_surface,XL,pressure+wall_shear_stress::wall_shear_stress::y,37.73,0.4028,11.0461,7,0,1570.151,7,0,0.0466,7,0,0.4809,4,0.1288,1.1435,6,0.1253,131.2614,6,0.1228,0.2869,6,0.1253,0.8444,6,0.1253,0.6176,5.0,0.1248,0.6255,6,0.1228,0.5661,5,0.1248
5,dimension_3d,prediction,linearno,drivaerml_3d_2d_surface,XL,pressure+wall_shear_stress::wall_shear_stress::z,36.8021,0.3611,3.3265,4,0,583.7084,4,0,0.0239,5,0,0.3843,5,0.1253,0.7394,4,0.1248,109.7517,5,0.1253,0.5565,4,0.1248,0.6646,4,0.1248,0.624,4.0,0.1248,0.7163,5,0.1253,0.6085,4,0.1248
5,dimension_3d,prediction,transolver,drivaerml_3d_3d_volume,L,pressure_coeff+velocity+vorticity::totalpcoeff,39.1974,0.3333,3.778,6,0,562.0972,4,0,0.0215,3,0,0.1269,5,0.1426,0.208,5,0.1426,51.3272,5,0.1426,0.8272,5,0.1426,0.3933,5,0.1426,,,0.0,0.9012,5,0.1426,0.74,5,0.1443
5,dimension_3d,prediction,linearno_big,drivaerml_3d_3d_volume,L,pressure_coeff+velocity+vorticity::velocity::x,39.0744,0.3611,11.0458,7,0,827.7102,6,0,0.0625,7,0,4.5842,5,0.1245,7.0409,5,0.1245,58.2581,5,0.1245,0.8159,5,0.1245,0.2999,5,0.1245,0.8705,5.0,0.1245,0.8863,4,0.1256,0.7462,4,0.1272
5,dimension_3d,prediction,linearno_big,drivaerml_3d_3d_volume,L,pressure_coeff+velocity+vorticity::velocity::y,39.5435,0.3889,11.0458,7,0,827.7102,6,0,0.0625,7,0,2.8696,5,0.1241,5.1612,5,0.1241,91.4612,4,0.1268,0.6417,5,0.1241,0.5986,5,0.1241,0.8705,5.0,0.1241,0.7841,4,0.1268,0.6983,6,0.1262
5,dimension_3d,prediction,linearno_big,drivaerml_3d_3d_volume,L,pressure_coeff+velocity+vorticity::velocity::z,39.1555,0.3611,11.0458,7,0,827.7102,6,0,0.0625,7,0,2.0008,5,0.1248,3.2576,5,0.1248,95.1433,5,0.1248,0.759,5,0.1248,0.49,5,0.1248,0.8705,5.0,0.1248,0.7801,4,0.1264,0.7221,5,0.1248
5,dimension_3d,prediction,linearno_big,drivaerml_3d_3d_volume,L,pressure_coeff+velocity+vorticity::vorticity::x,38.421,0.375,11.0458,7,0,827.7102,6,0,0.0625,7,0,3.634,5,0.1369,4.6098,5,0.1386,115.5816,5,0.1376,0.2859,5,0.1386,0.845,5,0.1386,,,0.0,0.6937,5,0.1369,0.3517,5,0.1727
5,dimension_3d,prediction,transolver,drivaerml_3d_3d_volume,L,pressure_coeff+velocity+vorticity::vorticity::y,39.5675,0.375,3.778,6,0,562.0972,4,0,0.0215,3,0,3.3548,5,0.1354,4.4195,4,0.1375,97.8339,5,0.1358,0.4134,4,0.1375,0.7588,4,0.1375,,,0.0,0.7554,4,0.1354,0.3643,6,0.1809
5,dimension_3d,prediction,linearno_big,drivaerml_3d_3d_volume,L,pressure_coeff+velocity+vorticity::vorticity::z,36.0204,0.3472,11.0458,7,0,827.7102,6,0,0.0625,7,0,3.187,5,0.1423,4.2541,5,0.1423,99.1696,5,0.1433,0.3927,5,0.1423,0.7793,5,0.1423,,,0.0,0.7434,5,0.1433,0.3155,6,0.144
5,dimension_3d,prediction,transolver,drivaerml_3d_3d_volume,M,pressure_coeff+velocity+vorticity::totalpcoeff,38.8524,0.3611,3.778,6,0,394.4049,4,0,0.0224,4,0,0.1856,5,0.1423,0.2767,5,0.1423,71.8466,5,0.1443,0.6942,5,0.1423,0.5232,5,0.1423,,,0.0,0.8468,5,0.1423,0.6666,5,0.1443
5,dimension_3d,prediction,transolver,drivaerml_3d_3d_volume,M,pressure_coeff+velocity+vorticity::velocity::x,38.7783,0.375,3.778,6,0,394.4049,4,0,0.0224,4,0,6.6632,5,0.1246,9.3198,5,0.1246,73.4467,5,0.1246,0.6775,5,0.1246,0.397,5,0.1246,0.7927,5.0,0.1246,0.8356,5,0.1262,0.5852,5,0.1262
5,dimension_3d,prediction,transolver,drivaerml_3d_3d_volume,M,pressure_coeff+velocity+vorticity::velocity::y,40.5803,0.3889,3.778,6,0,394.4049,4,0,0.0224,4,0,3.6831,5,0.1255,5.9284,5,0.1244,113.4458,5,0.1252,0.5273,5,0.1244,0.6875,5,0.1245,0.7927,5.0,0.1243,0.7053,5,0.1252,0.6438,5,0.1263
5,dimension_3d,prediction,transolver,drivaerml_3d_3d_volume,M,pressure_coeff+velocity+vorticity::velocity::z,38.8212,0.3611,3.778,6,0,394.4049,4,0,0.0224,4,0,2.6808,5,0.125,4.125,5,0.125,116.3673,5,0.125,0.6136,5,0.125,0.6204,5,0.125,0.7927,5.0,0.125,0.7026,5,0.125,0.6298,5,0.125
5,dimension_3d,prediction,transolver,drivaerml_3d_3d_volume,M,pressure_coeff+velocity+vorticity::vorticity::x,36.62,0.3889,3.778,6,0,394.4049,4,0,0.0224,4,0,4.3591,5,0.1372,5.0723,5,0.1406,148.1057,5,0.1374,0.1354,5,0.1397,0.9298,5,0.1397,,,0.0,0.6157,5,0.1374,0.2678,5,0.168
5,dimension_3d,prediction,transolver,drivaerml_3d_3d_volume,M,pressure_coeff+velocity+vorticity::vorticity::y,37.7396,0.3611,3.778,6,0,394.4049,4,0,0.0224,4,0,4.0067,5,0.1408,4.9205,5,0.1412,117.5252,5,0.1408,0.2729,5,0.1412,0.8448,5,0.1412,,,0.0,0.7043,5,0.1408,0.2405,5,0.154
5,dimension_3d,prediction,transolver,drivaerml_3d_3d_volume,M,pressure_coeff+velocity+vorticity::vorticity::z,37.8317,0.3472,3.778,6,0,394.4049,4,0,0.0224,4,0,3.8438,5,0.142,4.6738,5,0.142,124.3536,5,0.142,0.267,5,0.1419,0.8562,5,0.1419,,,0.0,0.6781,5,0.142,0.2756,5,0.1484
5,dimension_3d,prediction,transolver,drivaerml_3d_3d_volume,S,pressure_coeff+velocity+vorticity::totalpcoeff,36.256,0.3611,3.778,6,0,274.3223,4,0,0.0622,7,0,0.3215,6,0.1411,0.4087,5,0.1397,123.82,5,0.1397,0.3328,5,0.1397,0.7727,5,0.1397,,,0.0,0.7046,5,0.1428,0.5453,5,0.1574
5,dimension_3d,prediction,linearno,drivaerml_3d_3d_volume,S,pressure_coeff+velocity+vorticity::velocity::x,35.5825,0.375,3.3262,4,0,530.2554,6,0,0.0534,6,0,10.2953,5,0.1163,12.8604,5,0.1163,89.3974,5,0.1163,0.3859,5,0.1163,0.5478,5,0.1163,0.5834,5.0,0.1163,0.8,8,0.1811,0.4423,5,0.1211
5,dimension_3d,prediction,linearno,drivaerml_3d_3d_volume,S,pressure_coeff+velocity+vorticity::velocity::y,35.0949,0.375,3.3262,4,0,530.2554,6,0,0.0534,6,0,4.973,5,0.137,8.6192,7,0.1221,182.0361,7,0.1221,0.0008,7,0.122,0.9996,7,0.122,0.5834,5.0,0.1294,0.5067,7,0.1221,0.179,6,0.1234
5,dimension_3d,prediction,linearno,drivaerml_3d_3d_volume,S,pressure_coeff+velocity+vorticity::velocity::z,33.4194,0.3333,3.3262,4,0,530.2554,6,0,0.0534,6,0,3.9796,6,0.1393,6.2696,5,0.1212,148.6032,5,0.1267,0.1073,5,0.1212,0.943,5,0.1212,0.5834,5.0,0.1212,0.5486,6,0.1262,0.3087,5,0.1228
5,dimension_3d,prediction,linearno_big,drivaerml_3d_3d_volume,S,pressure_coeff+velocity+vorticity::vorticity::x,36.9635,0.4167,11.0458,7,0,1335.2876,7,0,0.0492,5,0,4.8903,6,0.1481,5.4552,7,0.1298,197.0135,8,0.1316,0.0,6,0.1259,1.0,6,0.1259,,,0.0,0.5015,7,0.1262,0.2345,3,0.2125
5,dimension_3d,prediction,linearno_big,drivaerml_3d_3d_volume,S,pressure_coeff+velocity+vorticity::vorticity::y,37.0883,0.4028,11.0458,7,0,1335.2876,7,0,0.0492,5,0,4.6548,5,0.1376,5.365,5,0.1376,134.8498,5,0.1393,0.1356,5,0.1376,0.9212,5,0.1376,,,0.0,0.6589,6,0.1401,0.1808,4,0.1701
5,dimension_3d,prediction,linearno_big,drivaerml_3d_3d_volume,S,pressure_coeff+velocity+vorticity::vorticity::z,34.8233,0.3611,11.0458,7,0,1335.2876,7,0,0.0492,5,0,4.9693,9,0.1329,5.4589,8,0.132,196.3766,8,0.1322,0.0,8,0.132,1.0,8,0.132,,,0.0,0.5013,8,0.1322,0.1444,4,0.2065
5,dimension_3d,prediction,linearno,drivaerml_3d_3d_volume,XL,pressure_coeff+velocity+vorticity::totalpcoeff,44.484,0.3333,3.3262,4,0,962.8778,6,0,0.0506,7,0,0.0917,5,0.1428,0.1645,5,0.1425,38.9261,4,0.1445,0.892,5,0.1425,0.3109,5,0.1425,,,0.0,0.9337,5,0.1425,0.8484,5,0.1428
5,dimension_3d,prediction,linearno,drivaerml_3d_3d_volume,XL,pressure_coeff+velocity+vorticity::velocity::x,40.5153,0.3333,3.3262,4,0,962.8778,6,0,0.0506,7,0,3.3218,5,0.1247,5.5218,5,0.1247,49.0525,4,0.1258,0.8868,5,0.1247,0.2352,5,0.1247,0.9089,5.0,0.1247,0.9058,4,0.1258,0.8298,5,0.1247
5,dimension_3d,prediction,linearno,drivaerml_3d_3d_volume,XL,pressure_coeff+velocity+vorticity::velocity::y,40.6995,0.3611,3.3262,4,0,962.8778,6,0,0.0506,7,0,2.5084,5,0.1251,4.8464,5,0.1246,81.548,4,0.1265,0.6841,5,0.1246,0.562,5,0.1246,0.9089,5.0,0.1246,0.8143,4,0.1253,0.7344,5,0.1246
5,dimension_3d,prediction,transolver_pp,drivaerml_3d_3d_volume,XL,pressure_coeff+velocity+vorticity::velocity::z,40.4459,0.3333,1.7405,3,0,898.3872,4,0,0.0173,2,0,1.6261,5,0.1248,2.5971,4,0.1248,86.4998,5,0.1248,0.8468,4,0.1248,0.3906,4,0.1248,0.9459,4.0,0.1264,0.7986,5,0.1248,0.7822,5,0.1248
5,dimension_3d,prediction,linearno,drivaerml_3d_3d_volume,XL,pressure_coeff+velocity+vorticity::vorticity::x,39.689,0.375,3.3262,4,0,962.8778,6,0,0.0506,7,0,3.0854,5,0.1396,4.2277,5,0.1421,97.5054,4,0.1421,0.3994,5,0.1421,0.775,5,0.1421,,,0.0,0.7473,5,0.1396,0.3454,7,0.1524
5,dimension_3d,prediction,linearno,drivaerml_3d_3d_volume,XL,pressure_coeff+velocity+vorticity::vorticity::y,39.4971,0.3611,3.3262,4,0,962.8778,6,0,0.0506,7,0,2.7866,5,0.14,4.0365,5,0.1425,80.4475,4,0.1421,0.5107,5,0.1425,0.6931,5,0.1425,,,0.0,0.7993,5,0.14,0.4182,6,0.1504
5,dimension_3d,prediction,linearno,drivaerml_3d_3d_volume,XL,pressure_coeff+velocity+vorticity::vorticity::z,37.9124,0.3611,3.3262,4,0,962.8778,6,0,0.0506,7,0,2.744,5,0.1429,3.9211,5,0.1429,85.8764,5,0.1429,0.4841,5,0.1429,0.7183,5,0.1429,,,0.0,0.7823,5,0.1429,0.3691,5,0.1429
5,dimension_3d,prediction,linearno_big,drivaernet_3d_2d_centerplane,L,pressure+velocity::pressure,40.233,0.3571,11.0469,7,0,438.9095,6,0,0.7308,3,0,15.5206,4,0.1352,24.7383,3,0.1344,42.6973,5,0.1393,0.9616,3,0.1344,0.189,3,0.1344,,,0.0,0.9363,5,0.1768,0.8695,3,0.1455
5,dimension_3d,prediction,transolver_pp,drivaernet_3d_2d_centerplane,L,pressure+velocity::velocity::x,56.9469,0.3333,1.7412,3,0,272.2569,4,0,0.777,6,0,2.3323,5,0.1211,3.8862,5,0.1211,33.4874,5,0.1206,0.9173,5,0.1211,0.1673,5,0.1211,0.9656,5.0,0.1206,0.9295,5,0.1206,0.8626,5,0.1538
5,dimension_3d,prediction,regdgcnn,drivaernet_3d_2d_centerplane,L,pressure+velocity::velocity::y,43.2816,0.4048,1.4418,1,0,1258.2914,7,0,0.6961,1,0,0.8126,5,0.1213,1.5015,5,0.1172,99.2085,3,0.1538,0.2983,5,0.1172,0.8327,5,0.1172,0.9728,2.0,0.1349,0.7341,4,0.1172,0.4448,5,0.1213
5,dimension_3d,prediction,transolver,drivaernet_3d_2d_centerplane,L,pressure+velocity::velocity::z,39.2241,0.3333,3.7788,6,0,267.9986,3,0,0.7088,2,0,0.9426,5,0.1089,1.5788,4,0.1095,62.3568,3,0.1666,0.8901,4,0.1095,0.3246,4,0.1095,0.9709,4.0,0.1101,0.8491,4,0.1559,0.8499,2,0.1299
5,dimension_3d,prediction,regdgcnn,drivaernet_3d_2d_centerplane,M,pressure+velocity::pressure,43.7027,0.3571,1.4418,1,0,654.1431,7,0,0.6965,1,0,18.2961,5,0.1324,29.1377,5,0.1348,43.4104,4,0.1643,0.9468,5,0.1348,0.2227,5,0.1348,,,0.0,0.9361,4,0.1643,0.8343,5,0.1348
5,dimension_3d,prediction,transolver_pp,drivaernet_3d_2d_centerplane,M,pressure+velocity::velocity::x,41.0217,0.3095,1.7412,3,0,174.5358,4,0,0.7758,6,0,2.4094,4,0.1239,3.9728,5,0.1234,33.6935,3,0.1312,0.9136,5,0.1234,0.1711,5,0.1234,0.9642,5.0,0.1234,0.93,5,0.1275,0.857,4,0.1239
5,dimension_3d,prediction,linearno,drivaernet_3d_2d_centerplane,M,pressure+velocity::velocity::y,42.8368,0.4286,3.327,4,0,256.5747,5,0,0.7798,7,0,0.8355,3,0.1079,1.5092,2,0.1127,117.6754,5,0.1172,0.2911,2,0.1127,0.8369,2,0.1127,0.9694,2.0,0.1572,0.6515,7,0.1734,0.4297,3,0.1062
5,dimension_3d,prediction,transolver,drivaernet_3d_2d_centerplane,M,pressure+velocity::velocity::z,40.8086,0.3571,3.7788,6,0,172.7022,3,0,0.7115,2,0,1.0211,5,0.112,1.6723,5,0.112,64.6437,3,0.1542,0.8766,5,0.112,0.3438,5,0.112,0.9658,4.0,0.1193,0.8478,3,0.1554,0.8277,4,0.123
5,dimension_3d,prediction,transolver_pp,drivaernet_3d_2d_centerplane,S,pressure+velocity::pressure,42.7607,0.3333,1.7412,3,0,93.6017,1,0,0.7764,5,0,24.931,5,0.1407,44.3754,5,0.1407,51.2884,5,0.1437,0.8765,5,0.1407,0.3391,5,0.1407,,,0.0,0.9181,5,0.1476,0.7577,4,0.146
5,dimension_3d,prediction,transolver_pp,drivaernet_3d_2d_centerplane,S,pressure+velocity::velocity::x,40.81,0.3095,1.7412,3,0,93.6017,1,0,0.7764,5,0,3.2762,5,0.1235,5.2102,5,0.1235,39.0869,5,0.1258,0.8514,5,0.1235,0.2243,5,0.1235,0.9429,5.0,0.1235,0.9227,5,0.1258,0.7522,4,0.1307
5,dimension_3d,prediction,transolver,drivaernet_3d_2d_centerplane,S,pressure+velocity::velocity::y,43.4089,0.4286,3.7788,6,0,111.2667,3,0,0.7105,1,0,0.8612,3,0.1116,1.5288,1,0.1019,125.8289,5,0.1661,0.2725,2,0.1032,0.8478,1,0.1019,0.9606,1.0,0.1175,0.6144,7,0.1952,0.4194,1,0.1026
5,dimension_3d,prediction,transolver_pp,drivaernet_3d_2d_centerplane,S,pressure+velocity::velocity::z,46.7995,0.3571,1.7412,3,0,93.6017,1,0,0.7764,5,0,1.2218,5,0.1174,1.9704,5,0.1203,70.8677,5,0.1301,0.8287,5,0.1203,0.4051,5,0.1203,0.9429,5.0,0.1338,0.8379,5,0.1247,0.7951,4,0.133
5,dimension_3d,prediction,linearno,drivaernet_3d_2d_centerplane,XL,pressure+velocity::pressure,41.2721,0.3571,3.327,4,0,458.4889,5,0,0.8126,7,0,14.4572,4,0.1374,23.6686,5,0.1374,40.5381,5,0.1424,0.9649,5,0.1374,0.1809,5,0.1374,,,0.0,0.9387,5,0.1424,0.8882,2,0.1655
5,dimension_3d,prediction,transolver_pp,drivaernet_3d_2d_centerplane,XL,pressure+velocity::velocity::x,45.1313,0.3333,1.7412,3,0,446.462,4,0,0.7757,6,0,2.1035,5,0.1169,3.4937,5,0.1169,32.576,5,0.1203,0.9332,5,0.1169,0.1504,5,0.1169,0.9709,5.0,0.1215,0.9304,5,0.1203,0.883,3,0.1701
5,dimension_3d,prediction,transolver_pp,drivaernet_3d_2d_centerplane,XL,pressure+velocity::velocity::y,43.7348,0.5,1.7412,3,0,446.462,4,0,0.7757,6,0,0.7924,3,0.1344,1.4396,4,0.1166,112.5539,6,0.145,0.355,4,0.1166,0.7984,4,0.1166,0.9709,5.0,0.1201,0.6858,7,0.1353,0.4591,4,0.1153
5,dimension_3d,prediction,transolver_pp,drivaernet_3d_2d_centerplane,XL,pressure+velocity::velocity::z,42.5062,0.381,1.7412,3,0,446.462,4,0,0.7757,6,0,0.8995,4,0.117,1.5409,5,0.1129,58.5158,2,0.1544,0.8953,5,0.1129,0.3168,5,0.1129,0.9709,5.0,0.1189,0.8635,4,0.1566,0.8346,5,0.1146
5,dimension_3d,prediction,regdgcnn,drivaernet_3d_2d_surface,L,pressure::pressure,63.7764,0.3571,1.4414,1,0,1707.7734,7,0,0.1177,7,0,24.4767,5,0.1443,44.495,5,0.1421,28.7926,5,0.1443,0.8503,5,0.1421,0.2997,5,0.1421,,,,0.9739,5,0.143,0.8078,5,0.1421
5,dimension_3d,prediction,regdgcnn,drivaernet_3d_2d_surface,M,pressure::pressure,64.5755,0.3571,1.4414,1,0,954.2954,7,0,0.118,7,0,27.7737,5,0.1423,50.1448,5,0.1422,31.6571,5,0.1423,0.8099,5,0.1444,0.3377,5,0.1444,,,,0.9702,5,0.1423,0.7763,5,0.1423
5,dimension_3d,prediction,regdgcnn,drivaernet_3d_2d_surface,S,pressure::pressure,61.6493,0.3571,1.4414,1,0,512.6954,6,0,0.1175,5,0,33.566,5,0.1404,59.8237,5,0.1404,36.385,5,0.1427,0.7294,5,0.1404,0.4029,5,0.1404,,,,0.9637,5,0.1404,0.7215,5,0.1551
5,dimension_3d,prediction,regdgcnn,drivaernet_3d_2d_surface,XL,pressure::pressure,60.6401,0.3571,1.4414,1,0,2969.2833,7,0,0.1174,7,0,22.301,5,0.1408,40.5107,5,0.14,27.1316,5,0.1476,0.8759,5,0.14,0.2728,5,0.14,,,,0.9761,5,0.1392,0.8232,5,0.1522
6,dimension_3d,prediction,linearno,drivaerml_3d_2d_surface,L,pressure+wall_shear_stress::pressure,35.0987,0.3194,3.3265,4,0,299.1335,1,0,0.0227,5,0,91.99,5,0.1442,158.1348,5,0.1389,40.809,5,0.1442,0.655,5,0.1389,0.4468,5,0.1389,,,0.0,0.946,4,0.1511,0.6472,5,0.1439
6,dimension_3d,prediction,linearno,drivaerml_3d_2d_surface,L,pressure+wall_shear_stress::wall_shear_stress::x,35.5065,0.3333,3.3265,4,0,299.1335,1,0,0.0227,5,0,0.8122,5,0.1237,1.3509,4,0.1258,105.2279,5,0.128,0.5776,4,0.1258,0.5626,4,0.1258,0.5752,5.0,0.1198,0.7356,6,0.1296,0.6265,5,0.1214
6,dimension_3d,prediction,linearno_big,drivaerml_3d_2d_surface,L,pressure+wall_shear_stress::wall_shear_stress::y,36.7528,0.3611,11.0461,7,0,1446.4816,7,0,0.0822,6,0,0.5072,6,0.1305,1.1439,6,0.1223,139.0074,4,0.1296,0.2864,6,0.1223,0.8447,6,0.1223,0.5707,6.0,0.1242,0.5879,6,0.1231,0.5254,4,0.1258
6,dimension_3d,prediction,domino,drivaerml_3d_2d_surface,L,pressure+wall_shear_stress::wall_shear_stress::z,37.9521,0.4028,24.3143,8,0,103020.0,9,0,1.5134,9,0,0.4915,6,0.1202,0.9363,7,0.1218,118.0585,3,0.1405,0.2889,7,0.1218,0.8416,7,0.1218,0.5875,3.0,0.1302,0.6728,6,0.1235,0.475,6,0.1202
6,dimension_3d,prediction,transolver_pp,drivaerml_3d_2d_surface,M,pressure+wall_shear_stress::pressure,37.3946,0.375,1.7407,3,0,325.6852,5,0,0.0168,2,0,102.0565,6,0.1407,168.0856,6,0.1397,45.1437,6,0.1407,0.6102,6,0.1397,0.4749,6,0.1397,,,0.0,0.9405,5,0.1545,0.6261,6,0.145
6,dimension_3d,prediction,transolver_pp,drivaerml_3d_2d_surface,M,pressure+wall_shear_stress::wall_shear_stress::x,38.0023,0.4028,1.7407,3,0,325.6852,5,0,0.0168,2,0,0.8828,6,0.1254,1.4208,5,0.126,109.3328,6,0.1254,0.5328,5,0.126,0.5918,5,0.126,0.5431,6.0,0.122,0.7247,6,0.1254,0.5947,6,0.1237
6,dimension_3d,prediction,linearno,drivaerml_3d_2d_surface,M,pressure+wall_shear_stress::wall_shear_stress::y,37.5602,0.375,3.3265,4,0,224.1049,2,0,0.0241,5,0,0.5109,4,0.1403,1.1472,5,0.123,143.3389,3,0.1227,0.2823,5,0.123,0.8472,5,0.123,0.5559,4.0,0.1263,0.5836,4,0.1209,0.5126,4,0.1209
6,dimension_3d,prediction,domino,drivaerml_3d_2d_surface,M,pressure+wall_shear_stress::wall_shear_stress::z,37.2124,0.3889,24.3143,8,0,72180.0,9,0,1.6024,9,0,0.5063,6,0.1211,0.9576,7,0.1232,120.6034,2,0.1399,0.2562,7,0.1232,0.8607,7,0.1232,0.5485,5.0,0.1266,0.665,5,0.1216,0.4544,6,0.1211
6,dimension_3d,prediction,linearno,drivaerml_3d_2d_surface,S,pressure+wall_shear_stress::pressure,35.3513,0.3333,3.3265,4,0,170.9893,2,0,0.0236,4,0,123.8916,6,0.1432,192.5859,5,0.1415,53.6531,6,0.1432,0.4882,5,0.1415,0.5442,5,0.1415,,,0.0,0.9279,6,0.1423,0.5473,5,0.1469
6,dimension_3d,prediction,transolver_pp,drivaerml_3d_2d_surface,S,pressure+wall_shear_stress::wall_shear_stress::x,37.3647,0.3889,1.7407,3,0,205.1157,4,0,0.0169,2,0,1.0146,6,0.1215,1.6056,7,0.1221,113.567,6,0.1264,0.4033,7,0.1221,0.6687,7,0.1221,0.4592,6.0,0.1204,0.716,5,0.1462,0.5099,7,0.1191
6,dimension_3d,prediction,transolver_pp,drivaerml_3d_2d_surface,S,pressure+wall_shear_stress::wall_shear_stress::y,39.2867,0.4167,1.7407,3,0,205.1157,4,0,0.0169,2,0,0.5309,5,0.1347,1.1627,6,0.115,147.7775,3,0.161,0.2627,6,0.115,0.8586,6,0.115,0.4592,6.0,0.1197,0.5664,4,0.1194,0.4713,6,0.1203
6,dimension_3d,prediction,domino,drivaerml_3d_2d_surface,S,pressure+wall_shear_stress::wall_shear_stress::z,36.8067,0.375,24.3143,8,0,54060.0,9,0,1.6046,9,0,0.5337,6,0.1242,0.9904,6,0.1225,126.9291,2,0.1355,0.2044,6,0.1225,0.8901,6,0.1225,0.469,5.0,0.1217,0.6401,3,0.1284,0.421,6,0.1225
6,dimension_3d,prediction,domino,drivaerml_3d_2d_surface,XL,pressure+wall_shear_stress::pressure,35.4287,0.3333,24.3143,8,0,161280.0,9,0,1.5127,9,0,84.0724,6,0.1426,156.9722,6,0.1415,37.3725,6,0.1415,0.66,6,0.1415,0.4435,6,0.1415,,,0.0,0.9408,6,0.1415,0.7405,4,0.1498
6,dimension_3d,prediction,domino,drivaerml_3d_2d_surface,XL,pressure+wall_shear_stress::wall_shear_stress::x,36.066,0.3611,24.3143,8,0,161280.0,9,0,1.5127,9,0,0.7608,6,0.1242,1.3672,6,0.1242,96.9296,6,0.125,0.5673,6,0.1242,0.5694,6,0.1242,0.5844,6.0,0.1242,0.7614,6,0.1282,0.6406,6,0.1258
6,dimension_3d,prediction,linearno,drivaerml_3d_2d_surface,XL,pressure+wall_shear_stress::wall_shear_stress::y,37.4457,0.4028,3.3265,4,0,583.7084,4,0,0.0239,5,0,0.5002,5,0.1288,1.1866,7,0.1253,127.1676,5,0.1228,0.2322,7,0.1253,0.8763,7,0.1253,0.624,4.0,0.1248,0.6381,5,0.1228,0.5763,4,0.1248
6,dimension_3d,prediction,geofno,drivaerml_3d_2d_surface,XL,pressure+wall_shear_stress::wall_shear_stress::z,35.2159,0.3611,1.5458,2,0,451.1472,2,0,0.016,2,0,0.4984,6,0.1253,0.8909,6,0.1248,130.2719,7,0.1253,0.3562,6,0.1248,0.8007,6,0.1248,0.5526,7.0,0.1248,0.6379,7,0.1253,0.468,7,0.1248
6,dimension_3d,prediction,transolver_pp,drivaerml_3d_3d_volume,L,pressure_coeff+velocity+vorticity::totalpcoeff,38.5302,0.3333,1.7405,3,0,524.9244,3,0,0.0256,4,0,0.1484,6,0.1426,0.2327,6,0.1426,57.8632,6,0.1426,0.7837,6,0.1426,0.44,6,0.1426,,,0.0,0.8852,6,0.1426,0.7221,6,0.1443
6,dimension_3d,prediction,transolver_pp,drivaerml_3d_3d_volume,L,pressure_coeff+velocity+vorticity::velocity::x,37.7991,0.3611,1.7405,3,0,524.9244,3,0,0.0256,4,0,5.1194,6,0.1245,7.5195,6,0.1245,64.5358,6,0.1245,0.7901,6,0.1245,0.3203,6,0.1245,0.857,6.0,0.1245,0.8615,6,0.1256,0.6721,6,0.1272
6,dimension_3d,prediction,transolver_pp,drivaerml_3d_3d_volume,L,pressure_coeff+velocity+vorticity::velocity::y,38.9337,0.3889,1.7405,3,0,524.9244,3,0,0.0256,4,0,3.1299,6,0.1241,5.1662,6,0.1241,101.0218,6,0.1268,0.641,6,0.1241,0.5991,6,0.1241,0.857,6.0,0.1241,0.7499,6,0.1268,0.7004,5,0.1262
6,dimension_3d,prediction,transolver_pp,drivaerml_3d_3d_volume,L,pressure_coeff+velocity+vorticity::velocity::z,38.2654,0.3611,1.7405,3,0,524.9244,3,0,0.0256,4,0,2.2948,6,0.1248,3.5518,6,0.1248,104.924,6,0.1248,0.7135,6,0.1248,0.5342,6,0.1248,0.857,6.0,0.1248,0.7491,6,0.1264,0.6911,6,0.1248
6,dimension_3d,prediction,transolver_pp,drivaerml_3d_3d_volume,L,pressure_coeff+velocity+vorticity::vorticity::x,36.78,0.375,1.7405,3,0,524.9244,3,0,0.0256,4,0,3.929,6,0.1369,4.783,6,0.1386,128.5484,6,0.1376,0.2312,6,0.1386,0.8768,6,0.1386,,,0.0,0.6663,6,0.1369,0.2803,7,0.1727
6,dimension_3d,prediction,transolver_pp,drivaerml_3d_3d_volume,L,pressure_coeff+velocity+vorticity::vorticity::y,37.0005,0.375,1.7405,3,0,524.9244,3,0,0.0256,4,0,3.7515,6,0.1354,4.7333,6,0.1375,109.4326,6,0.1358,0.3272,6,0.1375,0.8127,6,0.1375,,,0.0,0.7276,6,0.1354,0.2403,7,0.1809
6,dimension_3d,prediction,transolver_pp,drivaerml_3d_3d_volume,L,pressure_coeff+velocity+vorticity::vorticity::z,35.6475,0.3472,1.7405,3,0,524.9244,3,0,0.0256,4,0,3.3536,6,0.1423,4.3002,6,0.1423,106.9782,6,0.1433,0.3795,6,0.1423,0.7877,6,0.1423,,,0.0,0.7329,6,0.1433,0.3228,5,0.144
6,dimension_3d,prediction,geofno,drivaerml_3d_3d_volume,M,pressure_coeff+velocity+vorticity::totalpcoeff,35.8021,0.3611,1.5461,2,0,247.5454,2,0,0.018,1,0,0.2575,6,0.1423,0.3444,6,0.1423,98.0304,6,0.1443,0.5263,6,0.1423,0.6511,6,0.1423,,,0.0,0.7798,6,0.1423,0.5043,7,0.1443
6,dimension_3d,prediction,geofno,drivaerml_3d_3d_volume,M,pressure_coeff+velocity+vorticity::velocity::x,36.1142,0.375,1.5461,2,0,247.5454,2,0,0.018,1,0,9.0609,6,0.1246,11.7029,6,0.1246,86.1021,6,0.1246,0.4915,6,0.1246,0.4985,6,0.1246,0.6722,6.0,0.1246,0.8025,6,0.1262,0.3568,7,0.1262
6,dimension_3d,prediction,geofno,drivaerml_3d_3d_volume,M,pressure_coeff+velocity+vorticity::velocity::y,37.0512,0.3889,1.5461,2,0,247.5454,2,0,0.018,1,0,4.7087,6,0.1255,7.2275,6,0.1244,135.871,6,0.1252,0.2975,6,0.1244,0.8382,6,0.1245,0.6722,6.0,0.1243,0.6074,6,0.1252,0.4422,6,0.1263
6,dimension_3d,prediction,geofno,drivaerml_3d_3d_volume,M,pressure_coeff+velocity+vorticity::velocity::z,34.8505,0.3611,1.5461,2,0,247.5454,2,0,0.018,1,0,3.5921,6,0.125,5.5036,6,0.125,136.524,6,0.125,0.3121,6,0.125,0.8278,6,0.125,0.6722,6.0,0.125,0.6255,6,0.125,0.4285,6,0.125
6,dimension_3d,prediction,regdgcnn,drivaerml_3d_3d_volume,M,pressure_coeff+velocity+vorticity::vorticity::x,36.3124,0.3889,1.4422,1,0,538.1162,5,0,0.0339,5,0,4.8789,7,0.1372,5.5036,9,0.1406,175.0105,7,0.1374,-0.0179,9,0.1397,1.0089,9,0.1397,,,0.0,0.5192,7,0.1374,0.2895,4,0.168
6,dimension_3d,prediction,linearno_big,drivaerml_3d_3d_volume,M,pressure_coeff+velocity+vorticity::vorticity::y,34.9302,0.3611,11.0458,7,0,1620.5145,7,0,0.0471,6,0,4.5548,6,0.1408,5.2781,6,0.1412,133.6208,6,0.1408,0.1634,6,0.1412,0.9062,6,0.1412,,,0.0,0.6618,6,0.1408,0.2596,4,0.154
6,dimension_3d,prediction,geofno,drivaerml_3d_3d_volume,M,pressure_coeff+velocity+vorticity::vorticity::z,34.8126,0.3472,1.5461,2,0,247.5454,2,0,0.018,1,0,4.3736,6,0.142,5.0464,6,0.142,143.1025,6,0.142,0.1454,6,0.1419,0.9244,6,0.1419,,,0.0,0.6211,6,0.142,0.1498,6,0.1484
6,dimension_3d,prediction,linearno,drivaerml_3d_3d_volume,S,pressure_coeff+velocity+vorticity::totalpcoeff,35.3691,0.3611,3.3262,4,0,530.2554,6,0,0.0534,6,0,0.3206,5,0.1411,0.4092,6,0.1397,128.6263,6,0.1397,0.3312,6,0.1397,0.7736,6,0.1397,,,0.0,0.6793,7,0.1428,0.5466,4,0.1574
6,dimension_3d,prediction,transolver,drivaerml_3d_3d_volume,S,pressure_coeff+velocity+vorticity::velocity::x,35.559,0.375,3.778,6,0,274.3223,4,0,0.0622,7,0,10.4968,6,0.1163,13.1053,6,0.1163,89.6034,6,0.1163,0.3623,6,0.1163,0.5582,6,0.1163,0.5731,6.0,0.1163,0.8012,4,0.1811,0.4654,4,0.1211
6,dimension_3d,prediction,regdgcnn,drivaerml_3d_3d_volume,S,pressure_coeff+velocity+vorticity::velocity::y,35.0873,0.375,1.4422,1,0,427.6293,5,0,0.0432,4,0,5.0908,9,0.137,8.5145,5,0.1221,146.1636,5,0.1221,0.025,5,0.122,0.9874,5,0.122,0.4998,8.0,0.1294,0.5761,5,0.1221,0.2307,5,0.1234
6,dimension_3d,prediction,transolver,drivaerml_3d_3d_volume,S,pressure_coeff+velocity+vorticity::velocity::z,33.4118,0.3333,3.778,6,0,274.3223,4,0,0.0622,7,0,3.9915,7,0.1393,6.34,6,0.1212,152.836,8,0.1267,0.0871,6,0.1212,0.9536,6,0.1212,0.5731,6.0,0.1212,0.5443,7,0.1262,0.2769,6,0.1228
6,dimension_3d,prediction,linearno,drivaerml_3d_3d_volume,S,pressure_coeff+velocity+vorticity::vorticity::x,36.7335,0.4167,3.3262,4,0,530.2554,6,0,0.0534,6,0,4.8904,7,0.1481,5.4553,8,0.1298,194.8774,6,0.1316,0.0,6,0.1259,1.0,6,0.1259,,,0.0,0.5021,6,0.1262,0.1834,4,0.2125
6,dimension_3d,prediction,transolver,drivaerml_3d_3d_volume,S,pressure_coeff+velocity+vorticity::vorticity::y,36.7785,0.4028,3.778,6,0,274.3223,4,0,0.0622,7,0,4.7616,6,0.1376,5.4436,6,0.1376,139.865,6,0.1393,0.1101,6,0.1376,0.9347,6,0.1376,,,0.0,0.6591,5,0.1401,0.0361,7,0.1701
6,dimension_3d,prediction,linearno,drivaerml_3d_3d_volume,S,pressure_coeff+velocity+vorticity::vorticity::z,34.4444,0.3611,3.3262,4,0,530.2554,6,0,0.0534,6,0,4.9657,7,0.1329,5.4557,7,0.132,192.817,7,0.1322,0.0012,7,0.132,0.9994,7,0.132,,,0.0,0.5117,7,0.1322,0.0696,7,0.2065
6,dimension_3d,prediction,linearno_big,drivaerml_3d_3d_volume,XL,pressure_coeff+velocity+vorticity::totalpcoeff,39.8138,0.3333,11.0458,7,0,559.7898,3,0,0.0469,6,0,0.1385,6,0.1428,0.2196,6,0.1425,54.3205,6,0.1445,0.8074,6,0.1425,0.4152,6,0.1425,,,0.0,0.894,6,0.1425,0.7461,6,0.1428
6,dimension_3d,prediction,linearno_big,drivaerml_3d_3d_volume,XL,pressure_coeff+velocity+vorticity::velocity::x,36.687,0.3333,11.0458,7,0,559.7898,3,0,0.0469,6,0,5.0406,6,0.1247,7.5639,6,0.1247,61.5032,6,0.1258,0.7876,6,0.1247,0.3222,6,0.1247,0.8539,6.0,0.1247,0.8759,6,0.1258,0.6942,6,0.1247
6,dimension_3d,prediction,linearno_big,drivaerml_3d_3d_volume,XL,pressure_coeff+velocity+vorticity::velocity::y,37.2089,0.3611,11.0458,7,0,559.7898,3,0,0.0469,6,0,3.0721,6,0.1251,5.3321,6,0.1246,96.8151,6,0.1265,0.6176,6,0.1246,0.6184,6,0.1246,0.8539,6.0,0.1246,0.7671,6,0.1253,0.6773,6,0.1246
6,dimension_3d,prediction,linearno_big,drivaerml_3d_3d_volume,XL,pressure_coeff+velocity+vorticity::velocity::z,36.4016,0.3333,11.0458,7,0,559.7898,3,0,0.0469,6,0,2.1905,6,0.1248,3.51,6,0.1248,101.0387,6,0.1248,0.7202,6,0.1248,0.5279,6,0.1248,0.8539,6.0,0.1264,0.7602,6,0.1248,0.6989,6,0.1248
6,dimension_3d,prediction,linearno_big,drivaerml_3d_3d_volume,XL,pressure_coeff+velocity+vorticity::vorticity::x,36.47,0.375,11.0458,7,0,559.7898,3,0,0.0469,6,0,3.8255,6,0.1396,4.7031,6,0.1421,124.3645,6,0.1421,0.2567,6,0.1421,0.8621,6,0.1421,,,0.0,0.677,6,0.1396,0.3596,6,0.1524
6,dimension_3d,prediction,linearno_big,drivaerml_3d_3d_volume,XL,pressure_coeff+velocity+vorticity::vorticity::y,37.0091,0.3611,11.0458,7,0,559.7898,3,0,0.0469,6,0,3.4817,6,0.14,4.5097,6,0.1425,101.6716,6,0.1421,0.3892,6,0.1425,0.7743,6,0.1425,,,0.0,0.7448,6,0.14,0.371,7,0.1504
6,dimension_3d,prediction,linearno_big,drivaerml_3d_3d_volume,XL,pressure_coeff+velocity+vorticity::vorticity::z,35.8921,0.3611,11.0458,7,0,559.7898,3,0,0.0469,6,0,3.3509,6,0.1429,4.3339,6,0.1429,105.7092,6,0.1429,0.3697,6,0.1429,0.7939,6,0.1429,,,0.0,0.7308,6,0.1429,0.3021,6,0.1429
6,dimension_3d,prediction,pointnet,drivaernet_3d_2d_centerplane,L,pressure+velocity::pressure,35.6061,0.3571,3.6682,5,0,190.6118,1,0,0.7414,5,0,28.2368,6,0.1352,49.4357,6,0.1344,55.8399,6,0.1393,0.8467,6,0.1344,0.3778,6,0.1344,,,0.0,0.8982,6,0.1768,0.6934,7,0.1455
6,dimension_3d,prediction,pointnet,drivaernet_3d_2d_centerplane,L,pressure+velocity::velocity::x,40.905,0.3333,3.6682,5,0,190.6118,1,0,0.7414,5,0,3.7877,6,0.1211,5.4578,6,0.1211,40.8073,6,0.1206,0.8369,6,0.1211,0.235,6,0.1211,0.9369,6.0,0.1206,0.9216,6,0.1206,0.6633,6,0.1538
6,dimension_3d,prediction,pointnet,drivaernet_3d_2d_centerplane,L,pressure+velocity::velocity::y,37.5544,0.4048,3.6682,5,0,190.6118,1,0,0.7414,5,0,0.8686,6,0.1213,1.5403,6,0.1172,115.5256,6,0.1538,0.2616,6,0.1172,0.8542,6,0.1172,0.9369,6.0,0.1349,0.6961,6,0.1172,0.393,6,0.1213
6,dimension_3d,prediction,pointnet,drivaernet_3d_2d_centerplane,L,pressure+velocity::velocity::z,35.2012,0.3333,3.6682,5,0,190.6118,1,0,0.7414,5,0,1.3854,6,0.1089,2.1209,6,0.1095,74.7048,6,0.1666,0.8016,6,0.1095,0.436,6,0.1095,0.9369,6.0,0.1101,0.8316,6,0.1559,0.7703,6,0.1299
6,dimension_3d,prediction,geofno,drivaernet_3d_2d_centerplane,M,pressure+velocity::pressure,37.111,0.3571,1.5458,2,0,164.267,2,0,0.7384,4,0,38.5807,6,0.1324,60.8294,6,0.1348,70.0163,6,0.1643,0.7679,6,0.1348,0.4648,6,0.1348,,,0.0,0.8781,6,0.1643,0.6318,6,0.1348
6,dimension_3d,prediction,geofno,drivaernet_3d_2d_centerplane,M,pressure+velocity::velocity::x,35.3296,0.3095,1.5458,2,0,164.267,2,0,0.7384,4,0,5.5607,6,0.1239,7.9832,6,0.1234,51.2719,6,0.1312,0.651,6,0.1234,0.3438,6,0.1234,0.8687,6.0,0.1234,0.9014,6,0.1275,0.5152,6,0.1239
6,dimension_3d,prediction,geofno,drivaernet_3d_2d_centerplane,M,pressure+velocity::velocity::y,39.1957,0.4286,1.5458,2,0,164.267,2,0,0.7384,4,0,0.9293,6,0.1079,1.6157,6,0.1127,122.3245,6,0.1172,0.1875,6,0.1127,0.896,6,0.1127,0.8687,6.0,0.1572,0.6817,6,0.1734,0.3576,6,0.1062
6,dimension_3d,prediction,geofno,drivaernet_3d_2d_centerplane,M,pressure+velocity::velocity::z,36.4715,0.3571,1.5458,2,0,164.267,2,0,0.7384,4,0,1.9587,6,0.112,2.858,6,0.112,95.0152,6,0.1542,0.6397,6,0.112,0.5876,6,0.112,0.8687,6.0,0.1193,0.7697,6,0.1554,0.5938,6,0.123
6,dimension_3d,prediction,geofno,drivaernet_3d_2d_centerplane,S,pressure+velocity::pressure,35.4156,0.3333,1.5458,2,0,113.13,4,0,0.739,4,0,45.3142,6,0.1407,68.1963,6,0.1407,76.06,6,0.1437,0.7083,6,0.1407,0.5211,6,0.1407,,,0.0,0.8663,6,0.1476,0.591,6,0.146
6,dimension_3d,prediction,geofno,drivaernet_3d_2d_centerplane,S,pressure+velocity::velocity::x,34.7321,0.3095,1.5458,2,0,113.13,4,0,0.739,4,0,6.9645,6,0.1235,9.3799,6,0.1235,59.0558,6,0.1258,0.5182,6,0.1235,0.4039,6,0.1235,0.8217,6.0,0.1235,0.884,6,0.1258,0.369,7,0.1307
6,dimension_3d,prediction,geofno,drivaernet_3d_2d_centerplane,S,pressure+velocity::velocity::y,38.4357,0.4286,1.5458,2,0,113.13,4,0,0.739,4,0,0.9698,6,0.1116,1.6757,6,0.1019,129.6739,7,0.1661,0.126,6,0.1032,0.9293,6,0.1019,0.8217,6.0,0.1175,0.6536,5,0.1952,0.3189,6,0.1026
6,dimension_3d,prediction,geofno,drivaernet_3d_2d_centerplane,S,pressure+velocity::velocity::z,37.5375,0.3571,1.5458,2,0,113.13,4,0,0.739,4,0,2.3544,6,0.1174,3.2553,6,0.1203,102.8294,6,0.1301,0.5326,6,0.1203,0.6692,6,0.1203,0.8217,6.0,0.1338,0.7546,6,0.1247,0.5094,6,0.133
6,dimension_3d,prediction,pointnet,drivaernet_3d_2d_centerplane,XL,pressure+velocity::pressure,35.9225,0.3571,3.6682,5,0,294.7499,1,0,0.7472,5,0,24.7887,6,0.1374,45.8859,6,0.1374,50.8548,6,0.1424,0.868,6,0.1374,0.3506,6,0.1374,,,0.0,0.9146,6,0.1424,0.73,6,0.1655
6,dimension_3d,prediction,pointnet,drivaernet_3d_2d_centerplane,XL,pressure+velocity::velocity::x,35.6966,0.3333,3.6682,5,0,294.7499,1,0,0.7472,5,0,3.3633,6,0.1169,5.0811,6,0.1169,38.8814,6,0.1203,0.8586,6,0.1169,0.2188,6,0.1169,0.9448,6.0,0.1215,0.9215,6,0.1203,0.6734,7,0.1701
6,dimension_3d,prediction,pointnet,drivaernet_3d_2d_centerplane,XL,pressure+velocity::velocity::y,41.0137,0.5,3.6682,5,0,294.7499,1,0,0.7472,5,0,0.84,6,0.1344,1.5039,6,0.1166,111.431,5,0.145,0.2961,6,0.1166,0.834,6,0.1166,0.9448,6.0,0.1201,0.7037,5,0.1353,0.4183,6,0.1153
6,dimension_3d,prediction,pointnet,drivaernet_3d_2d_centerplane,XL,pressure+velocity::velocity::z,37.6543,0.381,3.6682,5,0,294.7499,1,0,0.7472,5,0,1.2582,6,0.117,1.9882,6,0.1129,69.9164,6,0.1544,0.8256,6,0.1129,0.4088,6,0.1129,0.9448,6.0,0.1189,0.8444,6,0.1566,0.7901,6,0.1146
6,dimension_3d,prediction,pointnet,drivaernet_3d_2d_surface,L,pressure::pressure,36.966,0.3571,3.6677,5,0,856.7717,6,0,0.109,3,0,38.5001,6,0.1443,67.8698,6,0.1421,40.6369,6,0.1443,0.6517,6,0.1421,0.4571,6,0.1421,,,,0.96,6,0.143,0.6238,6,0.1421
6,dimension_3d,prediction,geofno,drivaernet_3d_2d_surface,M,pressure::pressure,42.8061,0.3571,1.5454,2,0,124.7497,1,0,0.113,5,0,42.678,6,0.1423,72.5722,6,0.1422,43.8427,6,0.1423,0.6018,6,0.1444,0.4887,6,0.1444,,,,0.9536,6,0.1423,0.5996,6,0.1423
6,dimension_3d,prediction,geofno,drivaernet_3d_2d_surface,S,pressure::pressure,38.6137,0.3571,1.5454,2,0,45.3045,1,0,0.172,7,0,50.7737,6,0.1404,84.045,6,0.1404,49.8817,6,0.1427,0.4659,6,0.1404,0.566,6,0.1404,,,,0.9437,6,0.1404,0.5236,6,0.1551
6,dimension_3d,prediction,pointnet,drivaernet_3d_2d_surface,XL,pressure::pressure,35.5229,0.3571,3.6677,5,0,1595.6733,6,0,0.1088,3,0,31.0222,6,0.1408,56.1229,7,0.14,34.2204,6,0.1476,0.7619,7,0.14,0.378,7,0.14,,,,0.9694,6,0.1392,0.7306,7,0.1522
7,dimension_3d,prediction,geofno,drivaerml_3d_2d_surface,L,pressure+wall_shear_stress::pressure,34.7503,0.3194,1.5458,2,0,308.3124,2,0,0.0155,2,0,106.8827,7,0.1442,172.9539,7,0.1389,49.7034,7,0.1442,0.5873,7,0.1389,0.4887,7,0.1389,,,0.0,0.9254,7,0.1511,0.6463,6,0.1439
7,dimension_3d,prediction,geofno,drivaerml_3d_2d_surface,L,pressure+wall_shear_stress::wall_shear_stress::x,35.01,0.3333,1.5458,2,0,308.3124,2,0,0.0155,2,0,0.9299,7,0.1237,1.4309,7,0.1258,111.8873,7,0.128,0.5261,7,0.1258,0.596,7,0.1258,0.5166,7.0,0.1198,0.7184,7,0.1296,0.5669,7,0.1214
7,dimension_3d,prediction,geofno,drivaerml_3d_2d_surface,L,pressure+wall_shear_stress::wall_shear_stress::y,35.9678,0.3611,1.5458,2,0,308.3124,2,0,0.0155,2,0,0.6006,9,0.1305,1.1709,7,0.1223,142.869,7,0.1296,0.2523,7,0.1223,0.8647,7,0.1223,0.5166,7.0,0.1242,0.5735,7,0.1231,0.4399,7,0.1258
7,dimension_3d,prediction,geofno,drivaerml_3d_2d_surface,L,pressure+wall_shear_stress::wall_shear_stress::z,37.0009,0.4028,1.5458,2,0,308.3124,2,0,0.0155,2,0,0.5141,7,0.1202,0.9261,6,0.1218,132.9578,7,0.1405,0.3043,6,0.1218,0.8324,6,0.1218,0.5166,7.0,0.1302,0.629,7,0.1235,0.4104,7,0.1202
7,dimension_3d,prediction,geofno,drivaerml_3d_2d_surface,M,pressure+wall_shear_stress::pressure,36.4931,0.375,1.5458,2,0,238.0283,3,0,0.015,1,0,117.4296,7,0.1407,189.0624,7,0.1397,53.0156,7,0.1407,0.5068,7,0.1397,0.5342,7,0.1397,,,0.0,0.9153,7,0.1545,0.6232,7,0.145
7,dimension_3d,prediction,geofno,drivaerml_3d_2d_surface,M,pressure+wall_shear_stress::wall_shear_stress::x,37.5065,0.4028,1.5458,2,0,238.0283,3,0,0.015,1,0,0.99,7,0.1254,1.5227,7,0.126,113.2918,7,0.1254,0.4633,7,0.126,0.6342,7,0.126,0.4567,7.0,0.122,0.7193,7,0.1254,0.5429,7,0.1237
7,dimension_3d,prediction,geofno,drivaerml_3d_2d_surface,M,pressure+wall_shear_stress::wall_shear_stress::y,35.7172,0.375,1.5458,2,0,238.0283,3,0,0.015,1,0,0.6134,9,0.1403,1.2557,7,0.123,147.3311,7,0.1227,0.1401,7,0.123,0.9273,7,0.123,0.4567,7.0,0.1263,0.556,7,0.1209,0.3675,7,0.1209
7,dimension_3d,prediction,geofno,drivaerml_3d_2d_surface,M,pressure+wall_shear_stress::wall_shear_stress::z,36.3273,0.3889,1.5458,2,0,238.0283,3,0,0.015,1,0,0.5359,7,0.1211,0.9538,6,0.1232,135.4041,7,0.1399,0.2621,6,0.1232,0.8572,6,0.1232,0.4567,7.0,0.1266,0.62,7,0.1216,0.3853,7,0.1211
7,dimension_3d,prediction,geofno,drivaerml_3d_2d_surface,S,pressure+wall_shear_stress::pressure,34.913,0.3333,1.5458,2,0,199.0015,3,0,0.0157,1,0,129.4299,7,0.1432,207.5782,7,0.1415,58.2153,7,0.1432,0.4055,7,0.1415,0.5865,7,0.1415,,,0.0,0.8988,7,0.1423,0.5258,6,0.1469
7,dimension_3d,prediction,geofno,drivaerml_3d_2d_surface,S,pressure+wall_shear_stress::wall_shear_stress::x,37.3634,0.3889,1.5458,2,0,199.0015,3,0,0.0157,1,0,1.0363,7,0.1215,1.5959,5,0.1221,114.7802,7,0.1264,0.4105,5,0.1221,0.6647,5,0.1221,0.4053,7.0,0.1204,0.7165,4,0.1462,0.5111,6,0.1191
7,dimension_3d,prediction,geofno,drivaerml_3d_2d_surface,S,pressure+wall_shear_stress::wall_shear_stress::y,37.565,0.4167,1.5458,2,0,199.0015,3,0,0.0157,1,0,0.6064,9,0.1347,1.3012,7,0.115,147.966,4,0.161,0.0767,7,0.115,0.9609,7,0.115,0.4053,7.0,0.1197,0.5538,7,0.1194,0.2915,7,0.1203
7,dimension_3d,prediction,geofno,drivaerml_3d_2d_surface,S,pressure+wall_shear_stress::wall_shear_stress::z,35.7606,0.375,1.5458,2,0,199.0015,3,0,0.0157,1,0,0.5663,7,0.1242,1.0101,7,0.1225,140.3282,7,0.1355,0.1725,7,0.1225,0.9078,7,0.1225,0.4053,7.0,0.1217,0.6016,7,0.1284,0.3031,7,0.1225
7,dimension_3d,prediction,geofno,drivaerml_3d_2d_surface,XL,pressure+wall_shear_stress::pressure,35.0331,0.3333,1.5458,2,0,451.1472,2,0,0.016,2,0,100.2437,7,0.1426,162.711,7,0.1415,48.3423,7,0.1415,0.6347,7,0.1415,0.4598,7,0.1415,,,0.0,0.9279,7,0.1415,0.6904,7,0.1498
7,dimension_3d,prediction,geofno,drivaerml_3d_2d_surface,XL,pressure+wall_shear_stress::wall_shear_stress::x,35.368,0.3611,1.5458,2,0,451.1472,2,0,0.016,2,0,0.8884,7,0.1242,1.3744,7,0.1242,109.9598,7,0.125,0.5628,7,0.1242,0.5724,7,0.1242,0.5526,7.0,0.1242,0.7223,7,0.1282,0.5933,7,0.1258
7,dimension_3d,prediction,geofno,drivaerml_3d_2d_surface,XL,pressure+wall_shear_stress::wall_shear_stress::y,37.0305,0.4028,1.5458,2,0,451.1472,2,0,0.016,2,0,0.5872,8,0.1288,1.1298,5,0.1253,141.5443,7,0.1228,0.3039,5,0.1253,0.8343,5,0.1253,0.5526,7.0,0.1248,0.5817,7,0.1228,0.4708,7,0.1248
7,dimension_3d,prediction,domino,drivaerml_3d_2d_surface,XL,pressure+wall_shear_stress::wall_shear_stress::z,35.1879,0.3611,24.3143,8,0,161280.0,9,0,1.5127,9,0,0.5005,7,0.1253,0.9478,7,0.1248,119.1828,6,0.1253,0.2714,7,0.1248,0.8518,7,0.1248,0.5844,6.0,0.1248,0.6681,6,0.1253,0.4718,6,0.1248
7,dimension_3d,prediction,geofno,drivaerml_3d_3d_volume,L,pressure_coeff+velocity+vorticity::totalpcoeff,34.6742,0.3333,1.5461,2,0,313.7985,2,0,0.016,1,0,0.2494,7,0.1426,0.339,7,0.1426,93.3701,7,0.1426,0.541,7,0.1426,0.6409,7,0.1426,,,0.0,0.7956,7,0.1426,0.5242,8,0.1443
7,dimension_3d,prediction,geofno,drivaerml_3d_3d_volume,L,pressure_coeff+velocity+vorticity::velocity::x,35.5541,0.3611,1.5461,2,0,313.7985,2,0,0.016,1,0,8.5125,7,0.1245,11.1,7,0.1245,84.0711,7,0.1245,0.5425,7,0.1245,0.4728,7,0.1245,0.7057,7.0,0.1245,0.806,7,0.1256,0.3834,8,0.1272
7,dimension_3d,prediction,geofno,drivaerml_3d_3d_volume,L,pressure_coeff+velocity+vorticity::velocity::y,36.6917,0.3889,1.5461,2,0,313.7985,2,0,0.016,1,0,4.3539,7,0.1241,6.6094,7,0.1241,128.8452,7,0.1268,0.4125,7,0.1241,0.7665,7,0.1241,0.7057,7.0,0.1241,0.6412,7,0.1268,0.4997,7,0.1262
7,dimension_3d,prediction,geofno,drivaerml_3d_3d_volume,L,pressure_coeff+velocity+vorticity::velocity::z,34.9931,0.3611,1.5461,2,0,313.7985,2,0,0.016,1,0,3.6573,7,0.1248,5.498,7,0.1248,135.3558,7,0.1248,0.3135,7,0.1248,0.8269,7,0.1248,0.7057,7.0,0.1248,0.6286,7,0.1264,0.3946,7,0.1248
7,dimension_3d,prediction,regdgcnn,drivaerml_3d_3d_volume,L,pressure_coeff+velocity+vorticity::vorticity::x,35.7653,0.375,1.4422,1,0,1249.1735,7,0,0.0366,5,0,4.8726,8,0.1369,5.7504,9,0.1386,161.4616,7,0.1376,-0.1112,9,0.1386,1.0541,9,0.1386,,,0.0,0.5304,8,0.1369,0.3677,4,0.1727
7,dimension_3d,prediction,regdgcnn,drivaerml_3d_3d_volume,L,pressure_coeff+velocity+vorticity::vorticity::y,35.8619,0.375,1.4422,1,0,1249.1735,7,0,0.0366,5,0,4.7837,8,0.1354,6.1964,9,0.1375,125.3928,7,0.1358,-0.1531,9,0.1375,1.0639,9,0.1375,,,0.0,0.6222,8,0.1354,0.4105,3,0.1809
7,dimension_3d,prediction,geofno,drivaerml_3d_3d_volume,L,pressure_coeff+velocity+vorticity::vorticity::z,34.3562,0.3472,1.5461,2,0,313.7985,2,0,0.016,1,0,4.2007,7,0.1423,4.9314,7,0.1423,134.6335,7,0.1433,0.1839,7,0.1423,0.9034,7,0.1423,,,0.0,0.6448,7,0.1433,0.1505,7,0.144
7,dimension_3d,prediction,linearno_big,drivaerml_3d_3d_volume,M,pressure_coeff+velocity+vorticity::totalpcoeff,35.2315,0.3611,11.0458,7,0,1620.5145,7,0,0.0471,6,0,0.3,7,0.1423,0.3882,7,0.1423,120.4769,8,0.1443,0.3981,7,0.1423,0.7339,7,0.1423,,,0.0,0.7178,7,0.1423,0.5764,6,0.1443
7,dimension_3d,prediction,linearno_big,drivaerml_3d_3d_volume,M,pressure_coeff+velocity+vorticity::velocity::x,35.72,0.375,11.0458,7,0,1620.5145,7,0,0.0471,6,0,9.9296,7,0.1246,12.5957,7,0.1246,88.6971,7,0.1246,0.4109,7,0.1246,0.5365,7,0.1246,0.601,7.0,0.1246,0.8017,7,0.1262,0.4461,6,0.1262
7,dimension_3d,prediction,linearno_big,drivaerml_3d_3d_volume,M,pressure_coeff+velocity+vorticity::velocity::y,35.7253,0.3889,11.0458,7,0,1620.5145,7,0,0.0471,6,0,4.9753,8,0.1255,8.6226,7,0.1244,185.3383,8,0.1252,0.0001,7,0.1244,1.0,7,0.1245,0.601,7.0,0.1243,0.5047,8,0.1252,0.0515,9,0.1263
7,dimension_3d,prediction,linearno_big,drivaerml_3d_3d_volume,M,pressure_coeff+velocity+vorticity::velocity::z,34.7396,0.3611,11.0458,7,0,1620.5145,7,0,0.0471,6,0,3.7068,7,0.125,5.8477,7,0.125,144.3179,7,0.125,0.2234,7,0.125,0.8795,7,0.125,0.601,7.0,0.125,0.586,7,0.125,0.3828,7,0.125
7,dimension_3d,prediction,linearno_big,drivaerml_3d_3d_volume,M,pressure_coeff+velocity+vorticity::vorticity::x,35.8512,0.3889,11.0458,7,0,1620.5145,7,0,0.0471,6,0,4.8904,8,0.1372,5.4552,8,0.1406,196.8707,8,0.1374,0.0,7,0.1397,1.0,7,0.1397,,,0.0,0.5024,8,0.1374,0.2164,7,0.168
7,dimension_3d,prediction,geofno,drivaerml_3d_3d_volume,M,pressure_coeff+velocity+vorticity::vorticity::y,34.4444,0.3611,1.5461,2,0,247.5454,2,0,0.018,1,0,4.774,7,0.1408,5.4665,7,0.1412,146.2448,7,0.1408,0.1026,7,0.1412,0.9386,7,0.1412,,,0.0,0.628,7,0.1408,0.032,9,0.154
7,dimension_3d,prediction,linearno_big,drivaerml_3d_3d_volume,M,pressure_coeff+velocity+vorticity::vorticity::z,33.8889,0.3472,11.0458,7,0,1620.5145,7,0,0.0471,6,0,4.9687,8,0.142,5.4588,8,0.142,196.4709,8,0.142,0.0,8,0.1419,1.0,8,0.1419,,,0.0,0.5023,8,0.142,0.0537,8,0.1484
7,dimension_3d,prediction,linearno_big,drivaerml_3d_3d_volume,S,pressure_coeff+velocity+vorticity::totalpcoeff,35.1156,0.3611,11.0458,7,0,1335.2876,7,0,0.0492,5,0,0.3376,7,0.1411,0.4233,7,0.1397,130.0239,7,0.1397,0.2843,7,0.1397,0.8003,7,0.1397,,,0.0,0.6873,6,0.1428,0.3695,8,0.1574
7,dimension_3d,prediction,linearno_big,drivaerml_3d_3d_volume,S,pressure_coeff+velocity+vorticity::velocity::x,35.3858,0.375,11.0458,7,0,1335.2876,7,0,0.0492,5,0,10.5638,7,0.1163,13.2212,7,0.1163,89.881,7,0.1163,0.351,7,0.1163,0.5631,7,0.1163,0.5646,7.0,0.1163,0.8012,4,0.1811,0.3212,8,0.1211
7,dimension_3d,prediction,transolver,drivaerml_3d_3d_volume,S,pressure_coeff+velocity+vorticity::velocity::y,35.0865,0.375,3.778,6,0,274.3223,4,0,0.0622,7,0,4.9737,6,0.137,8.6092,6,0.1221,175.8255,6,0.1221,0.0032,6,0.122,0.9984,6,0.122,0.5731,6.0,0.1294,0.5095,6,0.1221,0.1442,7,0.1234
7,dimension_3d,prediction,linearno_big,drivaerml_3d_3d_volume,S,pressure_coeff+velocity+vorticity::velocity::z,33.3333,0.3333,11.0458,7,0,1335.2876,7,0,0.0492,5,0,4.008,8,0.1393,6.5054,7,0.1212,149.918,7,0.1267,0.0389,7,0.1212,0.9784,7,0.1212,0.5646,7.0,0.1212,0.55,5,0.1262,0.1732,8,0.1228
7,dimension_3d,prediction,pointnet,drivaerml_3d_3d_volume,S,pressure_coeff+velocity+vorticity::vorticity::x,36.6667,0.4167,3.6682,5,0,8.2143,1,0,0.0173,1,0,4.8904,7,0.1481,5.4551,6,0.1298,197.9722,9,0.1316,0.0,6,0.1259,1.0,6,0.1259,,,0.0,0.5012,8,0.1262,0.1045,6,0.2125
7,dimension_3d,prediction,geofno,drivaerml_3d_3d_volume,S,pressure_coeff+velocity+vorticity::vorticity::y,36.328,0.4028,1.5461,2,0,196.3043,2,0,0.0183,2,0,4.8639,7,0.1376,5.507,7,0.1376,150.619,8,0.1393,0.0892,7,0.1376,0.9455,7,0.1376,,,0.0,0.6214,7,0.1401,0.0305,8,0.1701
7,dimension_3d,prediction,pointnet,drivaerml_3d_3d_volume,S,pressure_coeff+velocity+vorticity::vorticity::z,34.4444,0.3611,3.6682,5,0,8.2143,1,0,0.0173,1,0,4.9688,8,0.1329,5.4589,8,0.132,198.7932,9,0.1322,0.0,8,0.132,1.0,8,0.132,,,0.0,0.5007,9,0.1322,0.1102,5,0.2065
7,dimension_3d,prediction,regdgcnn,drivaerml_3d_3d_volume,XL,pressure_coeff+velocity+vorticity::totalpcoeff,35.7174,0.3333,1.4422,1,0,3025.7068,7,0,0.0338,5,0,0.22,7,0.1428,0.376,8,0.1425,68.6904,7,0.1445,0.4352,8,0.1425,0.711,8,0.1425,,,0.0,0.8195,8,0.1425,0.726,7,0.1428
7,dimension_3d,prediction,regdgcnn,drivaerml_3d_3d_volume,XL,pressure_coeff+velocity+vorticity::velocity::x,34.6179,0.3333,1.4422,1,0,3025.7068,7,0,0.0338,5,0,6.9275,7,0.1247,10.5493,8,0.1247,78.3568,7,0.1258,0.5868,8,0.1247,0.4493,8,0.1247,0.7282,8.0,0.1247,0.8482,7,0.1258,0.6034,7,0.1247
7,dimension_3d,prediction,geofno,drivaerml_3d_3d_volume,XL,pressure_coeff+velocity+vorticity::velocity::y,35.5553,0.3611,1.5461,2,0,466.0517,2,0,0.0179,3,0,4.2645,8,0.1251,6.4616,7,0.1246,126.0885,8,0.1265,0.4385,7,0.1246,0.7493,7,0.1246,0.7391,7.0,0.1246,0.652,8,0.1253,0.5297,7,0.1246
7,dimension_3d,prediction,regdgcnn,drivaerml_3d_3d_volume,XL,pressure_coeff+velocity+vorticity::velocity::z,34.6576,0.3333,1.4422,1,0,3025.7068,7,0,0.0338,5,0,2.8383,7,0.1248,4.5329,7,0.1248,118.0963,7,0.1248,0.5334,7,0.1248,0.6818,7,0.1248,0.7282,8.0,0.1264,0.683,7,0.1248,0.5749,7,0.1248
7,dimension_3d,prediction,regdgcnn,drivaerml_3d_3d_volume,XL,pressure_coeff+velocity+vorticity::vorticity::x,35.6537,0.375,1.4422,1,0,3025.7068,7,0,0.0338,5,0,4.6058,7,0.1396,5.82,9,0.1421,142.0159,7,0.1421,-0.1382,9,0.1421,1.0669,9,0.1421,,,0.0,0.5943,7,0.1396,0.3823,5,0.1524
7,dimension_3d,prediction,regdgcnn,drivaerml_3d_3d_volume,XL,pressure_coeff+velocity+vorticity::vorticity::y,34.9567,0.3611,1.4422,1,0,3025.7068,7,0,0.0338,5,0,4.4301,7,0.14,6.3716,9,0.1425,110.324,7,0.1421,-0.2192,9,0.1425,1.094,9,0.1425,,,0.0,0.6718,7,0.14,0.4559,5,0.1504
7,dimension_3d,prediction,regdgcnn,drivaerml_3d_3d_volume,XL,pressure_coeff+velocity+vorticity::vorticity::z,35.0765,0.3611,1.4422,1,0,3025.7068,7,0,0.0338,5,0,3.7989,7,0.1429,4.7249,7,0.1429,121.019,7,0.1429,0.2508,7,0.1429,0.8656,7,0.1429,,,0.0,0.6782,7,0.1429,0.2429,7,0.1429
7,dimension_3d,prediction,geofno,drivaernet_3d_2d_centerplane,L,pressure+velocity::pressure,34.2857,0.3571,1.5458,2,0,245.3186,2,0,0.7411,4,0,35.9051,7,0.1352,55.8272,7,0.1344,68.1652,7,0.1393,0.8045,7,0.1344,0.4266,7,0.1344,,,0.0,0.8794,7,0.1768,0.7019,6,0.1455
7,dimension_3d,prediction,geofno,drivaernet_3d_2d_centerplane,L,pressure+velocity::velocity::x,33.3333,0.3333,1.5458,2,0,245.3186,2,0,0.7411,4,0,5.0467,7,0.1211,7.3633,7,0.1211,47.3455,7,0.1206,0.7031,7,0.1211,0.3171,7,0.1211,0.8884,7.0,0.1206,0.9101,7,0.1206,0.5618,7,0.1538
7,dimension_3d,prediction,geofno,drivaernet_3d_2d_centerplane,L,pressure+velocity::velocity::y,36.1905,0.4048,1.5458,2,0,245.3186,2,0,0.7411,4,0,0.9016,7,0.1213,1.581,7,0.1172,119.3873,7,0.1538,0.222,7,0.1172,0.8768,7,0.1172,0.8884,7.0,0.1349,0.6889,7,0.1172,0.3783,7,0.1213
7,dimension_3d,prediction,geofno,drivaernet_3d_2d_centerplane,L,pressure+velocity::velocity::z,33.3333,0.3333,1.5458,2,0,245.3186,2,0,0.7411,4,0,1.7433,7,0.1089,2.5787,7,0.1095,84.1154,7,0.1666,0.7067,7,0.1095,0.5301,7,0.1095,0.8884,7.0,0.1101,0.8125,7,0.1559,0.6623,7,0.1299
7,dimension_3d,prediction,pointnet,drivaernet_3d_2d_centerplane,M,pressure+velocity::pressure,34.2857,0.3571,3.6682,5,0,138.1616,1,0,0.7408,5,0,54.6357,7,0.1324,86.6376,7,0.1348,75.999,7,0.1643,0.5292,7,0.1348,0.6621,7,0.1348,,,0.0,0.8569,7,0.1643,0.3389,7,0.1348
7,dimension_3d,prediction,pointnet,drivaernet_3d_2d_centerplane,M,pressure+velocity::velocity::x,32.381,0.3095,3.6682,5,0,138.1616,1,0,0.7408,5,0,9.7961,7,0.1239,11.8337,7,0.1234,71.5471,7,0.1312,0.2332,7,0.1234,0.5095,7,0.1234,0.7247,7.0,0.1234,0.8544,7,0.1275,0.4621,7,0.1239
7,dimension_3d,prediction,pointnet,drivaernet_3d_2d_centerplane,M,pressure+velocity::velocity::y,37.1429,0.4286,3.6682,5,0,138.1616,1,0,0.7408,5,0,0.9945,7,0.1079,1.7348,7,0.1127,124.5219,7,0.1172,0.0632,7,0.1127,0.9621,7,0.1127,0.7247,7.0,0.1572,0.6859,5,0.1734,0.2247,7,0.1062
7,dimension_3d,prediction,pointnet,drivaernet_3d_2d_centerplane,M,pressure+velocity::velocity::z,34.2857,0.3571,3.6682,5,0,138.1616,1,0,0.7408,5,0,2.7852,7,0.112,3.6345,7,0.112,124.9742,7,0.1542,0.4173,7,0.112,0.7472,7,0.112,0.7247,7.0,0.1193,0.6727,7,0.1554,0.4627,7,0.123
7,dimension_3d,prediction,pointnet,drivaernet_3d_2d_centerplane,S,pressure+velocity::pressure,33.3333,0.3333,3.6682,5,0,109.8087,2,0,0.7212,2,0,55.3378,7,0.1407,87.2153,7,0.1407,77.3622,7,0.1437,0.523,7,0.1407,0.6665,7,0.1407,,,0.0,0.8555,7,0.1476,0.294,7,0.146
7,dimension_3d,prediction,pointnet,drivaernet_3d_2d_centerplane,S,pressure+velocity::velocity::x,32.381,0.3095,3.6682,5,0,109.8087,2,0,0.7212,2,0,9.8514,7,0.1235,11.8872,7,0.1235,71.5307,7,0.1258,0.2262,7,0.1235,0.5119,7,0.1235,0.7223,7.0,0.1235,0.8544,7,0.1258,0.4419,6,0.1307
7,dimension_3d,prediction,pointnet,drivaernet_3d_2d_centerplane,S,pressure+velocity::velocity::y,37.1429,0.4286,3.6682,5,0,109.8087,2,0,0.7212,2,0,0.9928,7,0.1116,1.7387,7,0.1019,127.276,6,0.1661,0.0591,7,0.1032,0.9642,7,0.1019,0.7223,7.0,0.1175,0.6791,4,0.1952,0.1982,7,0.1026
7,dimension_3d,prediction,pointnet,drivaernet_3d_2d_centerplane,S,pressure+velocity::velocity::z,34.2857,0.3571,3.6682,5,0,109.8087,2,0,0.7212,2,0,2.7897,7,0.1174,3.6385,7,0.1203,125.7377,7,0.1301,0.416,7,0.1203,0.748,7,0.1203,0.7223,7.0,0.1338,0.6754,7,0.1247,0.4606,7,0.133
7,dimension_3d,prediction,geofno,drivaernet_3d_2d_centerplane,XL,pressure+velocity::pressure,34.2857,0.3571,1.5458,2,0,317.7262,2,0,0.7385,4,0,32.0198,7,0.1374,50.0878,7,0.1374,62.8901,7,0.1424,0.8427,7,0.1374,0.3828,7,0.1374,,,0.0,0.8991,7,0.1424,0.698,7,0.1655
7,dimension_3d,prediction,geofno,drivaernet_3d_2d_centerplane,XL,pressure+velocity::velocity::x,33.3333,0.3333,1.5458,2,0,317.7262,2,0,0.7385,4,0,4.2567,7,0.1169,6.3979,7,0.1169,44.1503,7,0.1203,0.7759,7,0.1169,0.2755,7,0.1169,0.9135,7.0,0.1215,0.9148,7,0.1203,0.7076,6,0.1701
7,dimension_3d,prediction,geofno,drivaernet_3d_2d_centerplane,XL,pressure+velocity::velocity::y,40.0,0.5,1.5458,2,0,317.7262,2,0,0.7385,4,0,0.8877,7,0.1344,1.5666,7,0.1166,116.1579,7,0.145,0.2361,7,0.1166,0.8688,7,0.1166,0.9135,7.0,0.1201,0.6944,6,0.1353,0.3932,7,0.1153
7,dimension_3d,prediction,geofno,drivaernet_3d_2d_centerplane,XL,pressure+velocity::velocity::z,35.2381,0.381,1.5458,2,0,317.7262,2,0,0.7385,4,0,1.6063,7,0.117,2.4026,7,0.1129,83.1643,7,0.1544,0.7454,7,0.1129,0.4939,7,0.1129,0.9135,7.0,0.1189,0.8107,7,0.1566,0.6984,7,0.1146
7,dimension_3d,prediction,geofno,drivaernet_3d_2d_surface,L,pressure::pressure,34.2857,0.3571,1.5454,2,0,176.9332,1,0,0.1145,6,0,42.6818,7,0.1443,71.2352,7,0.1421,46.062,7,0.1443,0.6163,7,0.1421,0.4797,7,0.1421,,,,0.9508,7,0.143,0.622,7,0.1421
7,dimension_3d,prediction,pointnet,drivaernet_3d_2d_surface,M,pressure::pressure,34.2857,0.3571,3.6677,5,0,557.8178,5,0,0.1066,2,0,49.1277,7,0.1423,83.414,7,0.1422,48.4889,7,0.1423,0.4739,7,0.1444,0.5618,7,0.1444,,,,0.9427,7,0.1423,0.4583,7,0.1423
7,dimension_3d,prediction,pointnet,drivaernet_3d_2d_surface,S,pressure::pressure,34.2857,0.3571,3.6677,5,0,356.3184,3,0,0.1154,4,0,55.2397,7,0.1404,92.0516,7,0.1404,53.9408,7,0.1427,0.3593,7,0.1404,0.6199,7,0.1404,,,,0.9294,7,0.1404,0.4407,7,0.1551
7,dimension_3d,prediction,geofno,drivaernet_3d_2d_surface,XL,pressure::pressure,34.2857,0.3571,1.5454,2,0,360.5876,1,0,0.113,6,0,32.3606,7,0.1408,55.285,6,0.14,37.2307,7,0.1476,0.7689,6,0.14,0.3723,6,0.14,,,,0.9618,7,0.1392,0.7462,6,0.1522
8,dimension_3d,prediction,pointnet,drivaerml_3d_2d_surface,L,pressure+wall_shear_stress::pressure,33.1393,0.3194,3.6681,5,0,316.1338,3,0,0.0145,1,0,156.9218,8,0.1442,236.0757,8,0.1389,65.9104,8,0.1442,0.231,8,0.1389,0.6671,8,0.1389,,,0.0,0.8953,8,0.1511,0.4128,8,0.1439
8,dimension_3d,prediction,pointnet,drivaerml_3d_2d_surface,L,pressure+wall_shear_stress::wall_shear_stress::x,33.9537,0.3333,3.6681,5,0,316.1338,3,0,0.0145,1,0,1.1238,8,0.1237,1.7259,8,0.1258,118.3291,8,0.128,0.3105,8,0.1258,0.7188,8,0.1258,0.3375,8.0,0.1198,0.7047,8,0.1296,0.4169,8,0.1214
8,dimension_3d,prediction,pointnet,drivaerml_3d_2d_surface,L,pressure+wall_shear_stress::wall_shear_stress::y,34.6545,0.3611,3.6681,5,0,316.1338,3,0,0.0145,1,0,0.5868,7,0.1305,1.3542,8,0.1223,179.6277,9,0.1296,-0.0001,8,0.1223,1.0001,8,0.1223,0.3375,8.0,0.1242,0.5024,8,0.1231,0.223,8,0.1258
8,dimension_3d,prediction,pointnet,drivaerml_3d_2d_surface,L,pressure+wall_shear_stress::wall_shear_stress::z,36.3547,0.4028,3.6681,5,0,316.1338,3,0,0.0145,1,0,0.5557,8,0.1202,1.021,8,0.1218,142.1362,8,0.1405,0.1544,8,0.1218,0.9177,8,0.1218,0.3375,8.0,0.1302,0.5951,8,0.1235,0.2932,8,0.1202
8,dimension_3d,prediction,pointnet,drivaerml_3d_2d_surface,M,pressure+wall_shear_stress::pressure,35.0699,0.375,3.6681,5,0,266.7395,4,0,0.0198,3,0,158.8896,8,0.1407,236.3133,8,0.1397,65.8427,8,0.1407,0.2295,8,0.1397,0.6677,8,0.1397,,,0.0,0.8981,8,0.1545,0.4071,8,0.145
8,dimension_3d,prediction,pointnet,drivaerml_3d_2d_surface,M,pressure+wall_shear_stress::wall_shear_stress::x,36.6151,0.4028,3.6681,5,0,266.7395,4,0,0.0198,3,0,1.1571,8,0.1254,1.7653,8,0.126,119.0253,8,0.1254,0.2788,8,0.126,0.7352,8,0.126,0.3208,8.0,0.122,0.7034,8,0.1254,0.3979,8,0.1237
8,dimension_3d,prediction,pointnet,drivaerml_3d_2d_surface,M,pressure+wall_shear_stress::wall_shear_stress::y,35.1044,0.375,3.6681,5,0,266.7395,4,0,0.0198,3,0,0.5871,7,0.1403,1.3542,8,0.123,178.0704,9,0.1227,-0.0001,8,0.123,1.0,8,0.123,0.3208,8.0,0.1263,0.5003,8,0.1209,0.2264,8,0.1209
8,dimension_3d,prediction,pointnet,drivaerml_3d_2d_surface,M,pressure+wall_shear_stress::wall_shear_stress::z,35.7199,0.3889,3.6681,5,0,266.7395,4,0,0.0198,3,0,0.5628,8,0.1211,1.0256,8,0.1232,143.0985,8,0.1399,0.1468,8,0.1232,0.9218,8,0.1232,0.3208,8.0,0.1266,0.5853,8,0.1216,0.2871,8,0.1211
8,dimension_3d,prediction,pointnet,drivaerml_3d_2d_surface,S,pressure+wall_shear_stress::pressure,33.3333,0.3333,3.6681,5,0,210.0634,5,0,0.0201,3,0,177.6618,8,0.1432,260.6398,8,0.1415,69.4548,8,0.1432,0.0626,8,0.1415,0.7365,8,0.1415,,,0.0,0.8935,8,0.1423,0.1762,9,0.1469
8,dimension_3d,prediction,pointnet,drivaerml_3d_2d_surface,S,pressure+wall_shear_stress::wall_shear_stress::x,35.7571,0.3889,3.6681,5,0,210.0634,5,0,0.0201,3,0,1.305,8,0.1215,1.9288,8,0.1221,123.9981,8,0.1264,0.1389,8,0.1221,0.8034,8,0.1221,0.2353,8.0,0.1204,0.7005,8,0.1462,0.2314,8,0.1191
8,dimension_3d,prediction,regdgcnn,drivaerml_3d_2d_surface,S,pressure+wall_shear_stress::wall_shear_stress::y,36.8405,0.4167,1.4418,1,0,122.1567,1,0,0.0332,6,0,0.5925,8,0.1347,1.3551,9,0.115,159.5521,8,0.161,-0.0015,9,0.115,1.0007,9,0.115,0.164,9.0,0.1197,0.5021,8,0.1194,0.1462,8,0.1203
8,dimension_3d,prediction,pointnet,drivaerml_3d_2d_surface,S,pressure+wall_shear_stress::wall_shear_stress::z,35.0,0.375,3.6681,5,0,210.0634,5,0,0.0201,3,0,0.5809,9,0.1242,1.0961,8,0.1225,153.7519,8,0.1355,0.0255,8,0.1225,0.9852,8,0.1225,0.2353,8.0,0.1217,0.5515,8,0.1284,0.2319,8,0.1225
8,dimension_3d,prediction,pointnet,drivaerml_3d_2d_surface,XL,pressure+wall_shear_stress::pressure,33.4539,0.3333,3.6681,5,0,434.429,1,0,0.0173,4,0,155.0018,8,0.1426,235.1679,8,0.1415,65.0767,8,0.1415,0.2369,8,0.1415,0.6645,8,0.1415,,,0.0,0.8958,8,0.1415,0.4147,9,0.1498
8,dimension_3d,prediction,pointnet,drivaerml_3d_2d_surface,XL,pressure+wall_shear_stress::wall_shear_stress::x,34.5812,0.3611,3.6681,5,0,434.429,1,0,0.0173,4,0,1.0895,8,0.1242,1.6976,8,0.1242,117.935,8,0.125,0.3329,8,0.1242,0.7071,8,0.1242,0.347,8.0,0.1242,0.7029,8,0.1282,0.436,9,0.1258
8,dimension_3d,prediction,regdgcnn,drivaerml_3d_2d_surface,XL,pressure+wall_shear_stress::wall_shear_stress::y,36.1808,0.4028,1.4418,1,0,510.425,3,0,0.0316,6,0,0.5964,9,0.1288,1.3559,9,0.1253,161.2245,8,0.1228,-0.0026,9,0.1253,1.0013,9,0.1253,0.2068,9.0,0.1248,0.5017,8,0.1228,0.1415,9,0.1248
8,dimension_3d,prediction,pointnet,drivaerml_3d_2d_surface,XL,pressure+wall_shear_stress::wall_shear_stress::z,34.5435,0.3611,3.6681,5,0,434.429,1,0,0.0173,4,0,0.5514,8,0.1253,1.0273,8,0.1248,140.2441,8,0.1253,0.144,8,0.1248,0.9233,8,0.1248,0.347,8.0,0.1248,0.6019,8,0.1253,0.2985,8,0.1248
8,dimension_3d,prediction,regdgcnn,drivaerml_3d_3d_volume,L,pressure_coeff+velocity+vorticity::totalpcoeff,34.2428,0.3333,1.4422,1,0,1249.1735,7,0,0.0366,5,0,0.2927,8,0.1426,0.4074,8,0.1426,99.596,8,0.1426,0.3372,8,0.1426,0.7702,8,0.1426,,,0.0,0.7101,8,0.1426,0.6137,7,0.1443
8,dimension_3d,prediction,regdgcnn,drivaerml_3d_3d_volume,L,pressure_coeff+velocity+vorticity::velocity::x,34.7203,0.3611,1.4422,1,0,1249.1735,7,0,0.0366,5,0,11.0384,8,0.1245,14.3093,8,0.1245,88.7092,8,0.1245,0.2398,8,0.1245,0.6095,8,0.1245,0.5494,8.0,0.1245,0.802,8,0.1256,0.4552,7,0.1272
8,dimension_3d,prediction,regdgcnn,drivaerml_3d_3d_volume,L,pressure_coeff+velocity+vorticity::velocity::y,35.8371,0.3889,1.4422,1,0,1249.1735,7,0,0.0366,5,0,5.2478,9,0.1241,8.7036,9,0.1241,135.0145,8,0.1268,-0.0188,9,0.1241,1.0094,9,0.1241,0.5494,8.0,0.1241,0.6137,8,0.1268,0.3782,8,0.1262
8,dimension_3d,prediction,regdgcnn,drivaerml_3d_3d_volume,L,pressure_coeff+velocity+vorticity::velocity::z,34.5445,0.3611,1.4422,1,0,1249.1735,7,0,0.0366,5,0,3.7457,8,0.1248,6.2219,8,0.1248,142.0335,8,0.1248,0.1208,8,0.1248,0.9358,8,0.1248,0.5494,8.0,0.1248,0.5936,8,0.1264,0.3561,8,0.1248
8,dimension_3d,prediction,geofno,drivaerml_3d_3d_volume,L,pressure_coeff+velocity+vorticity::vorticity::x,35.0,0.375,1.5461,2,0,313.7985,2,0,0.016,1,0,4.7487,7,0.1369,5.3653,7,0.1386,164.2554,8,0.1376,0.0327,7,0.1386,0.9835,7,0.1386,,,0.0,0.5638,7,0.1369,0.0452,9,0.1727
8,dimension_3d,prediction,geofno,drivaerml_3d_3d_volume,L,pressure_coeff+velocity+vorticity::vorticity::y,35.0,0.375,1.5461,2,0,313.7985,2,0,0.016,1,0,4.7036,7,0.1354,5.4235,7,0.1375,143.7238,8,0.1358,0.1166,7,0.1375,0.9312,7,0.1375,,,0.0,0.6395,7,0.1354,0.0331,9,0.1809
8,dimension_3d,prediction,regdgcnn,drivaerml_3d_3d_volume,L,pressure_coeff+velocity+vorticity::vorticity::z,34.3193,0.3472,1.4422,1,0,1249.1735,7,0,0.0366,5,0,4.3611,8,0.1423,5.0808,8,0.1423,138.5648,8,0.1433,0.1337,8,0.1423,0.9307,8,0.1423,,,0.0,0.6351,8,0.1433,0.1151,8,0.144
8,dimension_3d,prediction,regdgcnn,drivaerml_3d_3d_volume,M,pressure_coeff+velocity+vorticity::totalpcoeff,34.8634,0.3611,1.4422,1,0,538.1162,5,0,0.0339,5,0,0.3184,8,0.1423,0.4343,8,0.1423,110.3036,7,0.1443,0.2467,8,0.1423,0.8211,8,0.1423,,,0.0,0.6894,8,0.1423,0.4983,8,0.1443
8,dimension_3d,prediction,pointnet,drivaerml_3d_3d_volume,M,pressure_coeff+velocity+vorticity::velocity::x,35.0,0.375,3.6682,5,0,76.5837,1,0,0.0193,2,0,14.4731,9,0.1246,16.4115,9,0.1246,99.5763,9,0.1246,0.0,9,0.1246,0.699,9,0.1246,0.4212,9.0,0.1246,0.8012,8,0.1262,0.0997,9,0.1262
8,dimension_3d,prediction,pointnet,drivaerml_3d_3d_volume,M,pressure_coeff+velocity+vorticity::velocity::y,35.5556,0.3889,3.6682,5,0,76.5837,1,0,0.0193,2,0,4.974,7,0.1255,8.6229,8,0.1244,189.8849,9,0.1252,0.0,8,0.1244,1.0,7,0.1245,0.4212,9.0,0.1243,0.5014,9,0.1252,0.0827,8,0.1263
8,dimension_3d,prediction,pointnet,drivaerml_3d_3d_volume,M,pressure_coeff+velocity+vorticity::velocity::z,34.4444,0.3611,3.6682,5,0,76.5837,1,0,0.0193,2,0,3.947,9,0.125,6.6356,9,0.125,161.8582,9,0.125,0.0,9,0.125,0.998,9,0.125,0.4212,9.0,0.125,0.5171,9,0.125,0.1046,9,0.125
8,dimension_3d,prediction,geofno,drivaerml_3d_3d_volume,M,pressure_coeff+velocity+vorticity::vorticity::x,35.5556,0.3889,1.5461,2,0,247.5454,2,0,0.018,1,0,4.806,6,0.1372,5.4057,6,0.1406,167.671,6,0.1374,0.018,6,0.1397,0.9909,6,0.1397,,,0.0,0.5511,6,0.1374,0.0381,9,0.168
8,dimension_3d,prediction,pointnet,drivaerml_3d_3d_volume,M,pressure_coeff+velocity+vorticity::vorticity::y,34.4444,0.3611,3.6682,5,0,76.5837,1,0,0.0193,2,0,5.2358,9,0.1408,5.7705,8,0.1412,165.2669,9,0.1408,0.0,8,0.1412,0.9908,8,0.1412,,,0.0,0.5762,9,0.1408,0.1004,8,0.154
8,dimension_3d,prediction,pointnet,drivaerml_3d_3d_volume,M,pressure_coeff+velocity+vorticity::vorticity::z,33.8889,0.3472,3.6682,5,0,76.5837,1,0,0.0193,2,0,4.9688,9,0.142,5.4589,9,0.142,199.5757,9,0.142,0.0,8,0.1419,1.0,8,0.1419,,,0.0,0.5007,9,0.142,0.0943,7,0.1484
8,dimension_3d,prediction,regdgcnn,drivaerml_3d_3d_volume,S,pressure_coeff+velocity+vorticity::totalpcoeff,34.9518,0.3611,1.4422,1,0,427.6293,5,0,0.0432,4,0,0.3604,8,0.1411,0.4356,8,0.1397,135.7298,8,0.1397,0.2423,8,0.1397,0.8235,8,0.1397,,,0.0,0.5525,8,0.1428,0.5215,6,0.1574
8,dimension_3d,prediction,regdgcnn,drivaerml_3d_3d_volume,S,pressure_coeff+velocity+vorticity::velocity::x,35.0941,0.375,1.4422,1,0,427.6293,5,0,0.0432,4,0,12.8643,8,0.1163,15.1838,8,0.1163,91.225,8,0.1163,0.144,8,0.1163,0.6467,8,0.1163,0.4998,8.0,0.1163,0.8012,4,0.1811,0.3449,7,0.1211
8,dimension_3d,prediction,linearno_big,drivaerml_3d_3d_volume,S,pressure_coeff+velocity+vorticity::velocity::y,35.0,0.375,11.0458,7,0,1335.2876,7,0,0.0492,5,0,4.9746,8,0.137,8.6227,8,0.1221,187.7038,8,0.1221,0.0,8,0.122,1.0,8,0.122,0.5646,7.0,0.1294,0.5041,8,0.1221,0.0553,9,0.1234
8,dimension_3d,prediction,pointnet,drivaerml_3d_3d_volume,S,pressure_coeff+velocity+vorticity::velocity::z,33.3333,0.3333,3.6682,5,0,8.2143,1,0,0.0173,1,0,3.9482,5,0.1393,6.6356,9,0.1212,161.6679,9,0.1267,0.0,9,0.1212,0.998,9,0.1212,0.4212,9.0,0.1212,0.5171,9,0.1262,0.0875,9,0.1228
8,dimension_3d,prediction,regdgcnn,drivaerml_3d_3d_volume,S,pressure_coeff+velocity+vorticity::vorticity::x,36.6667,0.4167,1.4422,1,0,427.6293,5,0,0.0432,4,0,4.8914,9,0.1481,5.4546,5,0.1298,186.8221,5,0.1316,0.0002,5,0.1259,0.9999,5,0.1259,,,0.0,0.5109,5,0.1262,0.0741,8,0.2125
8,dimension_3d,prediction,pointnet,drivaerml_3d_3d_volume,S,pressure_coeff+velocity+vorticity::vorticity::y,36.1111,0.4028,3.6682,5,0,8.2143,1,0,0.0173,1,0,5.2373,9,0.1376,5.7705,9,0.1376,165.7202,9,0.1393,0.0,9,0.1376,0.9908,9,0.1376,,,0.0,0.5762,9,0.1401,0.0916,5,0.1701
8,dimension_3d,prediction,regdgcnn,drivaerml_3d_3d_volume,S,pressure_coeff+velocity+vorticity::vorticity::z,34.4444,0.3611,1.4422,1,0,427.6293,5,0,0.0432,4,0,4.7774,5,0.1329,5.31,5,0.132,164.0042,5,0.1322,0.0538,5,0.132,0.9727,5,0.132,,,0.0,0.6032,5,0.1322,0.0275,9,0.2065
8,dimension_3d,prediction,geofno,drivaerml_3d_3d_volume,XL,pressure_coeff+velocity+vorticity::totalpcoeff,35.5393,0.3333,1.5461,2,0,466.0517,2,0,0.0179,3,0,0.2239,8,0.1428,0.3115,7,0.1425,82.4852,8,0.1445,0.6125,7,0.1425,0.5889,7,0.1425,,,0.0,0.8222,7,0.1425,0.55,8,0.1428
8,dimension_3d,prediction,geofno,drivaerml_3d_3d_volume,XL,pressure_coeff+velocity+vorticity::velocity::x,34.4526,0.3333,1.5461,2,0,466.0517,2,0,0.0179,3,0,7.8914,8,0.1247,10.442,7,0.1247,80.7859,8,0.1258,0.5952,7,0.1247,0.4448,7,0.1247,0.7391,7.0,0.1247,0.8142,8,0.1258,0.4374,8,0.1247
8,dimension_3d,prediction,regdgcnn,drivaerml_3d_3d_volume,XL,pressure_coeff+velocity+vorticity::velocity::y,35.5532,0.3611,1.4422,1,0,3025.7068,7,0,0.0338,5,0,3.9724,7,0.1251,7.0919,8,0.1246,115.9283,7,0.1265,0.3236,8,0.1246,0.8225,8,0.1246,0.7282,8.0,0.1246,0.6923,7,0.1253,0.4927,8,0.1246
8,dimension_3d,prediction,geofno,drivaerml_3d_3d_volume,XL,pressure_coeff+velocity+vorticity::velocity::z,34.2327,0.3333,1.5461,2,0,466.0517,2,0,0.0179,3,0,3.2616,8,0.1248,4.8962,8,0.1248,128.0254,8,0.1248,0.4555,8,0.1248,0.7364,8,0.1248,0.7391,7.0,0.1264,0.6599,8,0.1248,0.5115,8,0.1248
8,dimension_3d,prediction,geofno,drivaerml_3d_3d_volume,XL,pressure_coeff+velocity+vorticity::vorticity::x,35.0,0.375,1.5461,2,0,466.0517,2,0,0.0179,3,0,4.71,8,0.1396,5.3399,7,0.1421,162.187,8,0.1421,0.0418,7,0.1421,0.9789,7,0.1421,,,0.0,0.5712,8,0.1396,0.0634,8,0.1524
8,dimension_3d,prediction,geofno,drivaerml_3d_3d_volume,XL,pressure_coeff+velocity+vorticity::vorticity::y,34.4444,0.3611,1.5461,2,0,466.0517,2,0,0.0179,3,0,4.6448,8,0.14,5.392,7,0.1425,141.9462,8,0.1421,0.1269,7,0.1425,0.9258,7,0.1425,,,0.0,0.642,8,0.14,0.0369,8,0.1504
8,dimension_3d,prediction,geofno,drivaerml_3d_3d_volume,XL,pressure_coeff+velocity+vorticity::vorticity::z,34.8472,0.3611,1.5461,2,0,466.0517,2,0,0.0179,3,0,4.1698,8,0.1429,4.8948,8,0.1429,136.1003,8,0.1429,0.196,8,0.1429,0.8967,8,0.1429,,,0.0,0.647,8,0.1429,0.1945,8,0.1429
9,dimension_3d,prediction,regdgcnn,drivaerml_3d_2d_surface,L,pressure+wall_shear_stress::pressure,32.7778,0.3194,1.4418,1,0,510.5902,5,0,0.2925,8,0,178.6098,9,0.1442,271.3765,9,0.1389,70.83,9,0.1442,-0.0162,9,0.1389,0.7668,9,0.1389,,,0.0,0.8935,9,0.1511,0.3061,9,0.1439
9,dimension_3d,prediction,regdgcnn,drivaerml_3d_2d_surface,L,pressure+wall_shear_stress::wall_shear_stress::x,33.3333,0.3333,1.4418,1,0,510.5902,5,0,0.2925,8,0,1.4162,9,0.1237,2.1066,9,0.1258,132.9714,9,0.128,-0.0272,9,0.1258,0.8774,9,0.1258,0.163,9.0,0.1198,0.6969,9,0.1296,0.2391,9,0.1214
9,dimension_3d,prediction,regdgcnn,drivaerml_3d_2d_surface,L,pressure+wall_shear_stress::wall_shear_stress::y,34.4444,0.3611,1.4418,1,0,510.5902,5,0,0.2925,8,0,0.5914,8,0.1305,1.3549,9,0.1223,163.9418,8,0.1296,-0.0012,9,0.1223,1.0006,9,0.1223,0.163,9.0,0.1242,0.502,9,0.1231,0.0382,9,0.1258
9,dimension_3d,prediction,regdgcnn,drivaerml_3d_2d_surface,L,pressure+wall_shear_stress::wall_shear_stress::z,36.1111,0.4028,1.4418,1,0,510.5902,5,0,0.2925,8,0,0.5898,9,0.1202,1.1115,9,0.1218,152.6737,9,0.1405,-0.002,9,0.1218,0.999,9,0.1218,0.163,9.0,0.1302,0.5146,9,0.1235,0.2269,9,0.1202
9,dimension_3d,prediction,regdgcnn,drivaerml_3d_2d_surface,M,pressure+wall_shear_stress::pressure,35.0,0.375,1.4418,1,0,198.4984,1,0,0.2243,8,0,177.7416,9,0.1407,267.513,9,0.1397,68.9095,9,0.1407,0.0126,9,0.1397,0.7559,9,0.1397,,,0.0,0.8935,9,0.1545,0.3415,9,0.145
9,dimension_3d,prediction,regdgcnn,drivaerml_3d_2d_surface,M,pressure+wall_shear_stress::wall_shear_stress::x,36.1111,0.4028,1.4418,1,0,198.4984,1,0,0.2243,8,0,1.497,9,0.1254,2.075,9,0.126,129.7824,9,0.1254,0.0035,9,0.126,0.8642,9,0.126,0.1662,9.0,0.122,0.6969,9,0.1254,0.3034,9,0.1237
9,dimension_3d,prediction,regdgcnn,drivaerml_3d_2d_surface,M,pressure+wall_shear_stress::wall_shear_stress::y,35.0,0.375,1.4418,1,0,198.4984,1,0,0.2243,8,0,0.5871,7,0.1403,1.3543,9,0.123,177.992,8,0.1227,-0.0002,9,0.123,1.0001,9,0.123,0.1662,9.0,0.1263,0.4992,9,0.1209,0.1216,9,0.1209
9,dimension_3d,prediction,regdgcnn,drivaerml_3d_2d_surface,M,pressure+wall_shear_stress::wall_shear_stress::z,35.5556,0.3889,1.4418,1,0,198.4984,1,0,0.2243,8,0,0.5754,9,0.1211,1.1103,9,0.1232,157.1948,9,0.1399,0.0001,9,0.1232,0.9979,9,0.1232,0.1662,9.0,0.1266,0.5146,9,0.1216,0.2043,9,0.1211
9,dimension_3d,prediction,regdgcnn,drivaerml_3d_2d_surface,S,pressure+wall_shear_stress::pressure,33.3333,0.3333,1.4418,1,0,122.1567,1,0,0.0332,6,0,179.2098,9,0.1432,269.2901,9,0.1415,69.8141,9,0.1432,-0.0006,9,0.1415,0.7609,9,0.1415,,,0.0,0.8935,8,0.1423,0.2654,8,0.1469
9,dimension_3d,prediction,regdgcnn,drivaerml_3d_2d_surface,S,pressure+wall_shear_stress::wall_shear_stress::x,35.5556,0.3889,1.4418,1,0,122.1567,1,0,0.0332,6,0,1.5217,9,0.1215,2.0787,9,0.1221,129.1432,9,0.1264,-0.0002,9,0.1221,0.8658,9,0.1221,0.164,9.0,0.1204,0.6969,9,0.1462,0.2037,9,0.1191
9,dimension_3d,prediction,pointnet,drivaerml_3d_2d_surface,S,pressure+wall_shear_stress::wall_shear_stress::y,36.6667,0.4167,3.6681,5,0,210.0634,5,0,0.0201,3,0,0.5868,7,0.1347,1.3542,8,0.115,180.9638,9,0.161,-0.0001,8,0.115,1.0,8,0.115,0.2353,8.0,0.1197,0.5,9,0.1194,0.1103,9,0.1203
9,dimension_3d,prediction,regdgcnn,drivaerml_3d_2d_surface,S,pressure+wall_shear_stress::wall_shear_stress::z,35.0,0.375,1.4418,1,0,122.1567,1,0,0.0332,6,0,0.5709,8,0.1242,1.1107,9,0.1225,161.4196,9,0.1355,-0.0006,9,0.1225,0.9982,9,0.1225,0.164,9.0,0.1217,0.5146,9,0.1284,0.0708,9,0.1225
9,dimension_3d,prediction,regdgcnn,drivaerml_3d_2d_surface,XL,pressure+wall_shear_stress::pressure,33.3333,0.3333,1.4418,1,0,510.425,3,0,0.0316,6,0,168.4218,9,0.1426,262.1571,9,0.1415,78.939,9,0.1415,0.0517,9,0.1415,0.7408,9,0.1415,,,0.0,0.8324,9,0.1415,0.4866,8,0.1498
9,dimension_3d,prediction,regdgcnn,drivaerml_3d_2d_surface,XL,pressure+wall_shear_stress::wall_shear_stress::x,34.4444,0.3611,1.4418,1,0,510.425,3,0,0.0316,6,0,1.455,9,0.1242,1.9827,9,0.1242,131.6331,9,0.125,0.0902,9,0.1242,0.8258,9,0.1242,0.2068,9.0,0.1242,0.6868,9,0.1282,0.4785,8,0.1258
9,dimension_3d,prediction,pointnet,drivaerml_3d_2d_surface,XL,pressure+wall_shear_stress::wall_shear_stress::y,36.1111,0.4028,3.6681,5,0,434.429,1,0,0.0173,4,0,0.5867,7,0.1288,1.3541,8,0.1253,181.0098,9,0.1228,0.0,8,0.1253,1.0,8,0.1253,0.347,8.0,0.1248,0.5012,9,0.1228,0.2254,8,0.1248
9,dimension_3d,prediction,regdgcnn,drivaerml_3d_2d_surface,XL,pressure+wall_shear_stress::wall_shear_stress::z,34.4444,0.3611,1.4418,1,0,510.425,3,0,0.0316,6,0,0.581,9,0.1253,1.119,9,0.1248,156.8928,9,0.1253,-0.0156,9,0.1248,1.0057,9,0.1248,0.2068,9.0,0.1248,0.4855,9,0.1253,0.1458,9,0.1248
9,dimension_3d,prediction,pointnet,drivaerml_3d_3d_volume,L,pressure_coeff+velocity+vorticity::totalpcoeff,33.3333,0.3333,3.6682,5,0,89.5038,1,0,0.0197,2,0,0.4272,9,0.1426,0.5004,9,0.1426,145.1809,9,0.1426,0.0,9,0.1426,0.946,9,0.1426,,,0.0,0.5381,9,0.1426,0.1002,9,0.1443
9,dimension_3d,prediction,pointnet,drivaerml_3d_3d_volume,L,pressure_coeff+velocity+vorticity::velocity::x,34.4444,0.3611,3.6682,5,0,89.5038,1,0,0.0197,2,0,14.4725,9,0.1245,16.4114,9,0.1245,99.595,9,0.1245,0.0,9,0.1245,0.699,9,0.1245,0.4212,9.0,0.1245,0.8012,9,0.1256,0.0997,9,0.1272
9,dimension_3d,prediction,pointnet,drivaerml_3d_3d_volume,L,pressure_coeff+velocity+vorticity::velocity::y,35.5556,0.3889,3.6682,5,0,89.5038,1,0,0.0197,2,0,4.9739,8,0.1241,8.6229,8,0.1241,190.0322,9,0.1268,0.0,8,0.1241,1.0,8,0.1241,0.4212,9.0,0.1241,0.5014,9,0.1268,0.0896,9,0.1262
9,dimension_3d,prediction,pointnet,drivaerml_3d_3d_volume,L,pressure_coeff+velocity+vorticity::velocity::z,34.4444,0.3611,3.6682,5,0,89.5038,1,0,0.0197,2,0,3.9457,9,0.1248,6.6356,9,0.1248,162.0908,9,0.1248,0.0,9,0.1248,0.998,9,0.1248,0.4212,9.0,0.1248,0.5171,9,0.1264,0.101,9,0.1248
9,dimension_3d,prediction,pointnet,drivaerml_3d_3d_volume,L,pressure_coeff+velocity+vorticity::vorticity::x,35.0,0.375,3.6682,5,0,89.5038,1,0,0.0197,2,0,4.8904,9,0.1369,5.4551,8,0.1386,197.6701,9,0.1376,0.0,8,0.1386,1.0,8,0.1386,,,0.0,0.5012,9,0.1369,0.0819,8,0.1727
9,dimension_3d,prediction,pointnet,drivaerml_3d_3d_volume,L,pressure_coeff+velocity+vorticity::vorticity::y,35.0,0.375,3.6682,5,0,89.5038,1,0,0.0197,2,0,5.2364,9,0.1354,5.7705,8,0.1375,165.4587,9,0.1358,0.0,8,0.1375,0.9908,8,0.1375,,,0.0,0.5762,9,0.1354,0.1006,8,0.1809
9,dimension_3d,prediction,pointnet,drivaerml_3d_3d_volume,L,pressure_coeff+velocity+vorticity::vorticity::z,33.8889,0.3472,3.6682,5,0,89.5038,1,0,0.0197,2,0,4.9688,9,0.1423,5.4589,9,0.1423,198.5771,9,0.1433,0.0,9,0.1423,1.0,9,0.1423,,,0.0,0.5007,9,0.1433,0.0919,9,0.144
9,dimension_3d,prediction,pointnet,drivaerml_3d_3d_volume,M,pressure_coeff+velocity+vorticity::totalpcoeff,34.4444,0.3611,3.6682,5,0,76.5837,1,0,0.0193,2,0,0.4272,9,0.1423,0.5004,9,0.1423,145.0738,9,0.1443,0.0,9,0.1423,0.946,9,0.1423,,,0.0,0.5381,9,0.1423,0.1001,9,0.1443
9,dimension_3d,prediction,regdgcnn,drivaerml_3d_3d_volume,M,pressure_coeff+velocity+vorticity::velocity::x,35.0,0.375,1.4422,1,0,538.1162,5,0,0.0339,5,0,11.8427,8,0.1246,14.5354,8,0.1246,93.9195,8,0.1246,0.2156,8,0.1246,0.6191,8,0.1246,0.5078,8.0,0.1246,0.801,9,0.1262,0.3377,8,0.1262
9,dimension_3d,prediction,regdgcnn,drivaerml_3d_3d_volume,M,pressure_coeff+velocity+vorticity::velocity::y,35.5556,0.3889,1.4422,1,0,538.1162,5,0,0.0339,5,0,5.3811,9,0.1255,8.9765,9,0.1244,147.9215,7,0.1252,-0.0837,9,0.1244,1.041,9,0.1245,0.5078,8.0,0.1243,0.5599,7,0.1252,0.3071,7,0.1263
9,dimension_3d,prediction,regdgcnn,drivaerml_3d_3d_volume,M,pressure_coeff+velocity+vorticity::velocity::z,34.4444,0.3611,1.4422,1,0,538.1162,5,0,0.0339,5,0,3.938,8,0.125,6.3794,8,0.125,150.02,8,0.125,0.0757,8,0.125,0.9595,8,0.125,0.5078,8.0,0.125,0.555,8,0.125,0.2008,8,0.125
9,dimension_3d,prediction,pointnet,drivaerml_3d_3d_volume,M,pressure_coeff+velocity+vorticity::vorticity::x,35.5556,0.3889,3.6682,5,0,76.5837,1,0,0.0193,2,0,4.8904,8,0.1372,5.4551,7,0.1406,197.9589,9,0.1374,0.0,7,0.1397,1.0,7,0.1397,,,0.0,0.5012,9,0.1374,0.098,8,0.168
9,dimension_3d,prediction,regdgcnn,drivaerml_3d_3d_volume,M,pressure_coeff+velocity+vorticity::vorticity::y,34.4444,0.3611,1.4422,1,0,538.1162,5,0,0.0339,5,0,5.0229,8,0.1408,5.782,9,0.1412,147.6105,8,0.1408,-0.004,9,0.1412,0.9928,9,0.1412,,,0.0,0.5839,8,0.1408,0.1233,7,0.154
9,dimension_3d,prediction,regdgcnn,drivaerml_3d_3d_volume,M,pressure_coeff+velocity+vorticity::vorticity::z,33.8889,0.3472,1.4422,1,0,538.1162,5,0,0.0339,5,0,4.6165,7,0.142,5.2342,7,0.142,152.2198,7,0.142,0.0806,7,0.1419,0.9588,7,0.1419,,,0.0,0.6017,7,0.142,0.0431,9,0.1484
9,dimension_3d,prediction,pointnet,drivaerml_3d_3d_volume,S,pressure_coeff+velocity+vorticity::totalpcoeff,34.4444,0.3611,3.6682,5,0,8.2143,1,0,0.0173,1,0,0.4272,9,0.1411,0.5004,9,0.1397,145.1919,9,0.1397,0.0,9,0.1397,0.946,9,0.1397,,,0.0,0.5381,9,0.1428,0.1044,9,0.1574
9,dimension_3d,prediction,pointnet,drivaerml_3d_3d_volume,S,pressure_coeff+velocity+vorticity::velocity::x,35.0,0.375,3.6682,5,0,8.2143,1,0,0.0173,1,0,14.4717,9,0.1163,16.4114,9,0.1163,99.6214,9,0.1163,0.0,9,0.1163,0.699,9,0.1163,0.4212,9.0,0.1163,0.8012,4,0.1811,0.0922,9,0.1211
9,dimension_3d,prediction,pointnet,drivaerml_3d_3d_volume,S,pressure_coeff+velocity+vorticity::velocity::y,35.0,0.375,3.6682,5,0,8.2143,1,0,0.0173,1,0,4.9738,7,0.137,8.6228,9,0.1221,191.4222,9,0.1221,0.0,8,0.122,1.0,8,0.122,0.4212,9.0,0.1294,0.5014,9,0.1221,0.0994,8,0.1234
9,dimension_3d,prediction,regdgcnn,drivaerml_3d_3d_volume,S,pressure_coeff+velocity+vorticity::velocity::z,33.3333,0.3333,1.4422,1,0,427.6293,5,0,0.0432,4,0,4.162,9,0.1393,6.5506,8,0.1212,149.1347,6,0.1267,0.0255,8,0.1212,0.9852,8,0.1212,0.4998,8.0,0.1212,0.5298,8,0.1262,0.2118,7,0.1228
9,dimension_3d,prediction,transolver,drivaerml_3d_3d_volume,S,pressure_coeff+velocity+vorticity::vorticity::x,36.6667,0.4167,3.778,6,0,274.3223,4,0,0.0622,7,0,4.89,5,0.1481,5.456,9,0.1298,194.9983,7,0.1316,-0.0003,9,0.1259,1.0002,9,0.1259,,,0.0,0.501,9,0.1262,0.0848,7,0.2125
9,dimension_3d,prediction,regdgcnn,drivaerml_3d_3d_volume,S,pressure_coeff+velocity+vorticity::vorticity::y,36.1111,0.4028,1.4422,1,0,427.6293,5,0,0.0432,4,0,4.9343,8,0.1376,5.6094,8,0.1376,147.8325,7,0.1393,0.055,8,0.1376,0.9631,8,0.1376,,,0.0,0.5909,8,0.1401,0.016,9,0.1701
9,dimension_3d,prediction,transolver,drivaerml_3d_3d_volume,S,pressure_coeff+velocity+vorticity::vorticity::z,34.4444,0.3611,3.778,6,0,274.3223,4,0,0.0622,7,0,4.9639,6,0.1329,5.4521,6,0.132,188.5997,6,0.1322,0.0025,6,0.132,0.9988,6,0.132,,,0.0,0.5179,6,0.1322,0.0389,8,0.2065
9,dimension_3d,prediction,pointnet,drivaerml_3d_3d_volume,XL,pressure_coeff+velocity+vorticity::totalpcoeff,33.3333,0.3333,3.6682,5,0,331.0667,1,0,0.0166,1,0,0.4199,9,0.1428,0.4917,9,0.1425,145.2509,9,0.1445,0.0342,9,0.1425,0.9297,9,0.1425,,,0.0,0.5381,9,0.1425,0.2475,9,0.1428
9,dimension_3d,prediction,pointnet,drivaerml_3d_3d_volume,XL,pressure_coeff+velocity+vorticity::velocity::x,33.3333,0.3333,3.6682,5,0,331.0667,1,0,0.0166,1,0,14.3164,9,0.1247,16.267,9,0.1247,99.2531,9,0.1258,0.0175,9,0.1247,0.6929,9,0.1247,0.4285,9.0,0.1247,0.8012,9,0.1258,0.1186,9,0.1247
9,dimension_3d,prediction,pointnet,drivaerml_3d_3d_volume,XL,pressure_coeff+velocity+vorticity::velocity::y,34.4444,0.3611,3.6682,5,0,331.0667,1,0,0.0166,1,0,4.9739,9,0.1251,8.6216,9,0.1246,188.424,9,0.1265,0.0003,9,0.1246,0.9998,9,0.1246,0.4285,9.0,0.1246,0.5111,9,0.1253,0.0039,9,0.1246
9,dimension_3d,prediction,pointnet,drivaerml_3d_3d_volume,XL,pressure_coeff+velocity+vorticity::velocity::z,33.3333,0.3333,3.6682,5,0,331.0667,1,0,0.0166,1,0,3.9408,9,0.1248,6.6235,9,0.1248,165.2011,9,0.1248,0.0036,9,0.1248,0.9962,9,0.1248,0.4285,9.0,0.1264,0.5319,9,0.1248,0.1778,9,0.1248
9,dimension_3d,prediction,pointnet,drivaerml_3d_3d_volume,XL,pressure_coeff+velocity+vorticity::vorticity::x,35.0,0.375,3.6682,5,0,331.0667,1,0,0.0166,1,0,4.8905,9,0.1396,5.4552,8,0.1421,196.5121,9,0.1421,0.0,8,0.1421,1.0,8,0.1421,,,0.0,0.5012,9,0.1396,0.0,9,0.1524
9,dimension_3d,prediction,pointnet,drivaerml_3d_3d_volume,XL,pressure_coeff+velocity+vorticity::vorticity::y,34.4444,0.3611,3.6682,5,0,331.0667,1,0,0.0166,1,0,5.1882,9,0.14,5.727,8,0.1425,164.7909,9,0.1421,0.015,8,0.1425,0.9833,8,0.1425,,,0.0,0.5762,9,0.14,0.0002,9,0.1504
9,dimension_3d,prediction,pointnet,drivaerml_3d_3d_volume,XL,pressure_coeff+velocity+vorticity::vorticity::z,34.4444,0.3611,3.6682,5,0,331.0667,1,0,0.0166,1,0,4.9664,9,0.1429,5.4548,9,0.1429,192.8052,9,0.1429,0.0015,9,0.1429,0.9993,9,0.1429,,,0.0,0.509,9,0.1429,0.0596,9,0.1429
