{
    "model_parameters": 4862212,
    "training_time_sec": 4534.987926006317,
    "inference_time_sec": 194.89849400520325,
    "total_generated": 500
}