{
    "model_parameters": 3778764,
    "training_time_sec": 2953.1207382678986,
    "inference_time_sec": 112.94627714157104,
    "total_generated": 500
}