{
    "model_parameters": 1441673,
    "training_time_sec": 2772.9653446674347,
    "inference_time_sec": 148.1490740776062,
    "total_generated": 500
}