{
    "model_parameters": 74984193,
    "training_time_sec": 5012.269313097,
    "inference_time_sec": 5.439404249191284,
    "total_generated": 500
}