{
    "model_parameters": 4889859,
    "training_time_sec": 864.0667462348938,
    "inference_time_sec": 17.007229328155518,
    "total_generated": 500
}