{
    "model_parameters": 74984193,
    "training_time_sec": 2756.7560007572174,
    "inference_time_sec": 5.393343210220337,
    "total_generated": 500
}