{
    "model_parameters": 74984193,
    "training_time_sec": 7553.193042039871,
    "inference_time_sec": 11.295195817947388,
    "total_generated": 500
}