{
    "model_parameters": 1740453,
    "training_time_sec": 3890.821206331253,
    "inference_time_sec": 68.82441759109497,
    "total_generated": 500
}