{
    "model_parameters": 8751227,
    "training_time_sec": 2798.678452014923,
    "inference_time_sec": 81.25711035728455,
    "total_generated": 500
}