{
    "model_parameters": 23947136,
    "training_time_sec": 3251.8576231002808,
    "inference_time_sec": 21.168730974197388,
    "total_generated": 500
}