{
    "model_parameters": 8751227,
    "training_time_sec": 9201.134005069733,
    "inference_time_sec": 125.8796136379242,
    "total_generated": 500
}