{
    "model_parameters": 3778507,
    "training_time_sec": 2753.7330288887024,
    "inference_time_sec": 70.46356177330017,
    "total_generated": 500
}