{
    "model_parameters": 8751227,
    "training_time_sec": 2728.828153848648,
    "inference_time_sec": 122.06810092926025,
    "total_generated": 500
}