{
    "model_parameters": 28768075,
    "training_time_sec": 3676.0257833004,
    "inference_time_sec": 2.8973851203918457,
    "total_generated": 500
}