{
    "model_parameters": 50717992,
    "training_time_sec": 5334.883526563644,
    "inference_time_sec": 9.431844711303711,
    "total_generated": 500
}