{
    "model_parameters": 74984193,
    "training_time_sec": 2538.3490710258484,
    "inference_time_sec": 5.400297403335571,
    "total_generated": 500
}