{
    "model_parameters": 23950976,
    "training_time_sec": 5631.142550945282,
    "inference_time_sec": 17.270670413970947,
    "total_generated": 500
}