{
    "model_parameters": 8751227,
    "training_time_sec": 2614.631811618805,
    "inference_time_sec": 125.10141944885254,
    "total_generated": 500
}