{
    "model_parameters": 4862212,
    "training_time_sec": 2281.889925956726,
    "inference_time_sec": 193.90110754966736,
    "total_generated": 500
}