{
    "model_parameters": 76365057,
    "training_time_sec": 9310.27629494667,
    "inference_time_sec": 19.373679876327515,
    "total_generated": 500
}