{
    "model_parameters": 1740967,
    "training_time_sec": 676.3928077220917,
    "inference_time_sec": 144.83803963661194,
    "total_generated": 500
}