{
    "model_parameters": 76365057,
    "training_time_sec": 6548.756231307983,
    "inference_time_sec": 11.59992241859436,
    "total_generated": 500
}