{
    "model_parameters": 3879832,
    "training_time_sec": 753.3727579116821,
    "inference_time_sec": 25.038445711135864,
    "total_generated": 500
}