{
    "model_parameters": 1740967,
    "training_time_sec": 5712.832079172134,
    "inference_time_sec": 96.95129442214966,
    "total_generated": 500
}