{
    "model_parameters": 4862212,
    "training_time_sec": 2580.4853069782257,
    "inference_time_sec": 193.85408687591553,
    "total_generated": 500
}