{
    "model_parameters": 3778764,
    "training_time_sec": 2553.934586048126,
    "inference_time_sec": 112.1722583770752,
    "total_generated": 500
}