{
    "model_parameters": 1741224,
    "training_time_sec": 1754.7863321304321,
    "inference_time_sec": 111.17542386054993,
    "total_generated": 500
}