{
    "model_parameters": 1441801,
    "training_time_sec": 8438.415519237518,
    "inference_time_sec": 196.79616689682007,
    "total_generated": 500
}