{
    "model_parameters": 685913,
    "training_time_sec": 4979.060378551483,
    "inference_time_sec": 336.91952657699585,
    "total_generated": 500
}