{
    "model_parameters": 8751215,
    "training_time_sec": 8243.032334327698,
    "inference_time_sec": 112.22302603721619,
    "total_generated": 500
}