{
    "model_parameters": 2150913,
    "training_time_sec": 5935.236350297928,
    "inference_time_sec": 701.8282883167267,
    "total_generated": 500
}