{
    "model_parameters": 1741224,
    "training_time_sec": 6636.707717657089,
    "inference_time_sec": 112.14040613174438,
    "total_generated": 500
}