{
    "model_parameters": 3668228,
    "training_time_sec": 570.3860926628113,
    "inference_time_sec": 162.72768378257751,
    "total_generated": 500
}