{
    "model_parameters": 1441801,
    "training_time_sec": 4161.428485393524,
    "inference_time_sec": 126.49737477302551,
    "total_generated": 500
}