{
    "model_parameters": 1740967,
    "training_time_sec": 1516.6788911819458,
    "inference_time_sec": 100.21150732040405,
    "total_generated": 500
}