{
    "model_parameters": 3777993,
    "training_time_sec": 3981.451421737671,
    "inference_time_sec": 67.58996343612671,
    "total_generated": 500
}