{
    "model_parameters": 1441801,
    "training_time_sec": 4053.7020444869995,
    "inference_time_sec": 125.69431519508362,
    "total_generated": 500
}