{
    "model_parameters": 1441801,
    "training_time_sec": 895.4262881278992,
    "inference_time_sec": 124.63645339012146,
    "total_generated": 500
}