{
    "model_parameters": 23950976,
    "training_time_sec": 3706.555370569229,
    "inference_time_sec": 14.759348154067993,
    "total_generated": 500
}