{
    "model_parameters": 3778764,
    "training_time_sec": 2511.414980173111,
    "inference_time_sec": 69.29932928085327,
    "total_generated": 500
}