{
    "model_parameters": 1441801,
    "training_time_sec": 5461.82110953331,
    "inference_time_sec": 79.05066990852356,
    "total_generated": 500
}