{
    "model_parameters": 1740967,
    "training_time_sec": 673.5828061103821,
    "inference_time_sec": 139.71860337257385,
    "total_generated": 500
}