{
    "model_parameters": 3778507,
    "training_time_sec": 905.3086113929749,
    "inference_time_sec": 97.70216012001038,
    "total_generated": 500
}