Rank,domain,task,model,dataset,size,Group Key,Unified Score,Graph Density,Parameters (M) (Value),Parameters (M) (Rank),Parameters (M) (Weight),Training Time (s) (Value),Training Time (s) (Rank),Training Time (s) (Weight),Inference Time (s) (Value),Inference Time (s) (Rank),Inference Time (s) (Weight),MAE (Value),MAE (Rank),MAE (Weight),RMSE (Value),RMSE (Rank),RMSE (Weight),MAPE (%) (Value),MAPE (%) (Rank),MAPE (%) (Weight),R² (Value),R² (Rank),R² (Weight),Rel-L2 (Value),Rel-L2 (Rank),Rel-L2 (Weight),MaxAE (Value),MaxAE (Rank),MaxAE (Weight),MAC (Value),MAC (Rank),MAC (Weight),Sign Agree (Value),Sign Agree (Rank),Sign Agree (Weight),Extremal Agree (Value),Extremal Agree (Rank),Extremal Agree (Weight)
1,dimension_3d,prediction,transolver_pp,deepjeb_3d_2d,L,diagonal::disp_x,100.0,0.5,1.7412,3,0.1552,3185.1101,3,0.0975,0.3056,5,0.0809,0.0034,2,0.0717,0.0067,2,0.0753,44.1307,2,0.0717,0.8475,2,0.0753,0.312,2,0.0753,0.1193,3,0.0784,0.9872,2.0,0.0753,0.9269,2,0.0717,0.8573,2,0.0717
1,dimension_3d,prediction,transolver_pp,deepjeb_3d_2d,L,diagonal::disp_y,100.0,0.5,1.7412,3,0.1732,3185.1101,3,0.0777,0.3056,5,0.0855,0.0027,2,0.0734,0.0053,3,0.0734,53.01,2,0.0734,0.9078,3,0.0734,0.3036,3,0.0734,0.1202,3,0.0777,0.9872,2.0,0.0734,0.9097,3,0.0719,0.8671,2,0.0734
1,dimension_3d,prediction,transolver_pp,deepjeb_3d_2d,L,diagonal::disp_z,100.0,0.5,1.7412,3,0.1535,3185.1101,3,0.0813,0.3056,5,0.0853,0.0068,2,0.0743,0.0124,3,0.0767,31.9399,2,0.0751,0.9453,3,0.0767,0.1665,3,0.0767,0.1751,3,0.0767,0.9872,2.0,0.0743,0.9508,2,0.0751,0.9281,2,0.0743
1,dimension_3d,prediction,transolver_pp,deepjeb_3d_2d,L,diagonal::stress,100.0,0.5,1.7412,3,0.1319,3185.1101,3,0.0809,0.3056,5,0.0906,15.633,2,0.0799,26.0759,3,0.0768,54.0775,2,0.0778,0.7006,3,0.0768,0.4727,3,0.0768,783.2674,2,0.1517,,,0.0,0.8952,2,0.0778,0.6811,3,0.0788
1,dimension_3d,prediction,transolver_pp,deepjeb_3d_2d,L,horizontal::disp_x,100.0,0.5,1.7412,3,0.1474,3139.7829,2,0.1132,0.2415,2,0.0927,0.0059,1,0.0715,0.0122,1,0.075,33.4171,2,0.0676,0.9742,1,0.0812,0.1315,1,0.0812,0.3473,2,0.0676,0.9936,2.0,0.0676,0.9448,2,0.0676,0.9732,2,0.0676
1,dimension_3d,prediction,transolver_pp,deepjeb_3d_2d,L,horizontal::disp_y,100.0,0.5,1.7412,3,0.1635,3139.7829,2,0.1482,0.2415,2,0.1158,0.0018,1,0.0612,0.0031,1,0.0637,61.287,1,0.063,0.8378,1,0.0664,0.4001,1,0.0664,0.076,2,0.0626,0.9936,2.0,0.0634,0.8857,1,0.063,0.7741,1,0.063
1,dimension_3d,prediction,transolver_pp,deepjeb_3d_2d,L,horizontal::disp_z,100.0,0.5,1.7412,3,0.1292,3139.7829,2,0.1239,0.2415,2,0.0995,0.0064,1,0.074,0.012,1,0.0799,38.4091,2,0.0698,0.9759,1,0.0799,0.1446,1,0.0799,0.2554,2,0.066,0.9936,2.0,0.066,0.9327,2,0.066,0.9639,2,0.066
1,dimension_3d,prediction,transolver_pp,deepjeb_3d_2d,L,horizontal::stress,100.0,0.5,1.7412,3,0.1338,3139.7829,2,0.1452,0.2415,2,0.0978,21.9357,2,0.0643,39.6929,1,0.0706,60.4494,2,0.0643,0.706,1,0.0706,0.5341,1,0.0706,1148.2207,2,0.154,,,0.0,0.8698,2,0.0643,0.6661,2,0.0643
1,dimension_3d,prediction,transolver_pp,deepjeb_3d_2d,L,mode_shape_1::mode_x,100.0,0.5,1.741,3,0.0736,2273.2623,4,0.0975,0.2436,5,0.0915,258.7804,1,0.0773,357.2859,1,0.0773,195.9088,3,0.0721,0.0001,1,0.0773,0.9999,1,0.0748,4674.4619,4,0.0774,0.0347,3.0,0.1073,0.5062,2,0.0763,0.1292,2,0.0975
1,dimension_3d,prediction,transolver_pp,deepjeb_3d_2d,L,mode_shape_1::mode_y,100.0,0.5,1.741,3,0.0777,2273.2623,4,0.0922,0.2436,5,0.0904,374.0604,3,0.0815,552.0063,1,0.0691,190.4202,3,0.0815,0.0004,1,0.0691,0.9998,1,0.0698,7195.4492,2,0.1103,0.0347,3.0,0.0985,0.5009,4,0.0802,0.3972,1,0.0796
1,dimension_3d,prediction,pointnet,deepjeb_3d_2d,L,mode_shape_1::mode_z,100.0,0.5,3.6681,4,0.0674,1882.4347,2,0.0901,0.1934,2,0.1326,641.7198,1,0.0865,793.7879,2,0.0674,197.4211,5,0.069,-0.0002,2,0.0674,1.0,1,0.0665,5281.397,2,0.0674,0.0148,4.0,0.1225,0.5028,2,0.0901,0.3067,3,0.0731
1,dimension_3d,prediction,pointnet,deepjeb_3d_2d,L,mode_shape_2::mode_x,100.0,0.45,3.6681,4,0.072,1387.7907,2,0.1065,0.1938,2,0.1114,248.431,1,0.0603,327.4019,1,0.0603,196.6084,5,0.0603,0.0,1,0.0603,1.0,1,0.0603,3799.3276,2,0.0667,0.0008,5.0,0.0623,0.4999,2,0.1059,0.1783,2,0.1738
1,dimension_3d,prediction,transolver,deepjeb_3d_2d,L,mode_shape_2::mode_y,100.0,0.5,3.7785,5,0.0755,1656.5735,3,0.1635,0.2101,3,0.1141,263.0572,3,0.0679,455.0807,3,0.0625,176.5147,3,0.0625,-0.001,3,0.0625,1.0005,3,0.0623,10486.9746,3,0.0679,0.0013,4.0,0.0644,0.5034,1,0.0755,0.2078,2,0.1214
1,dimension_3d,prediction,pointnet,deepjeb_3d_2d,L,mode_shape_2::mode_z,100.0,0.5,3.6681,4,0.0648,1387.7907,2,0.1219,0.1938,2,0.111,673.8675,2,0.0683,904.0624,1,0.0691,196.962,5,0.0691,0.0,1,0.0697,1.0,1,0.0697,5247.3726,2,0.0648,0.0008,5.0,0.0647,0.4957,4,0.0877,0.3552,1,0.139
1,dimension_3d,prediction,transolver_pp,deepjeb_3d_2d,L,torsion::disp_x,100.0,0.5,1.7412,3,0.138,3014.421,2,0.1932,0.2229,2,0.0878,0.0013,2,0.0617,0.0027,2,0.0617,44.2744,2,0.0617,0.9763,2,0.0617,0.1539,2,0.0617,0.0734,2,0.0617,0.984,2.0,0.0617,0.9286,1,0.0878,0.9584,2,0.0617
1,dimension_3d,prediction,transolver_pp,deepjeb_3d_2d,L,torsion::disp_y,100.0,0.5,1.7412,3,0.1331,3014.421,2,0.2112,0.2229,2,0.0875,0.0011,2,0.0631,0.0024,2,0.0631,71.082,2,0.0631,0.9649,2,0.0631,0.1868,2,0.0631,0.0818,2,0.0631,0.984,2.0,0.0631,0.8536,2,0.0631,0.8562,2,0.0631
1,dimension_3d,prediction,transolver_pp,deepjeb_3d_2d,L,torsion::disp_z,100.0,0.5,1.7412,3,0.1402,3014.421,2,0.1928,0.2229,2,0.0857,0.0012,2,0.0643,0.0023,2,0.0643,54.2839,2,0.0643,0.9609,2,0.0643,0.1976,2,0.0643,0.043,3,0.0671,0.984,2.0,0.0643,0.9051,2,0.0643,0.8951,2,0.0643
1,dimension_3d,prediction,transolver_pp,deepjeb_3d_2d,L,torsion::stress,100.0,0.5,1.7412,3,0.1858,3014.421,2,0.192,0.2229,2,0.0835,9.0948,2,0.0677,17.3936,3,0.067,76.6406,2,0.0677,0.7875,3,0.067,0.461,3,0.067,742.3214,4,0.0677,,,0.0,0.8184,3,0.067,0.8294,2,0.0677
1,dimension_3d,prediction,transolver_pp,deepjeb_3d_2d,L,vertical::disp_x,100.0,0.5,1.7412,3,0.1308,3132.5492,3,0.1942,0.2566,3,0.0745,0.0054,2,0.0654,0.0103,1,0.0661,43.0828,2,0.0654,0.9751,1,0.0661,0.1434,1,0.0661,0.2272,1,0.0745,0.9945,1.0,0.0661,0.9245,2,0.0654,0.9616,2,0.0654
1,dimension_3d,prediction,transolver_pp,deepjeb_3d_2d,L,vertical::disp_y,100.0,0.5,1.7412,3,0.1882,3132.5492,3,0.1053,0.2566,3,0.0698,0.0033,3,0.0668,0.0064,3,0.0668,58.2352,1,0.0786,0.911,3,0.0668,0.2979,3,0.0668,0.1316,3,0.0668,0.9945,1.0,0.0786,0.8933,1,0.0786,0.8694,2,0.0668
1,dimension_3d,prediction,transolver_pp,deepjeb_3d_2d,L,vertical::disp_z,100.0,0.5,1.7412,3,0.1399,3132.5492,3,0.1302,0.2566,3,0.0775,0.0104,1,0.0709,0.0187,2,0.0728,37.7853,1,0.0719,0.9734,2,0.0728,0.131,2,0.0728,0.307,1,0.0723,0.9945,1.0,0.0719,0.9353,2,0.0735,0.9692,2,0.0735
1,dimension_3d,prediction,transolver_pp,deepjeb_3d_2d,L,vertical::stress,100.0,0.5,1.7412,3,0.1711,3132.5492,3,0.1385,0.2566,3,0.0727,25.8944,2,0.0718,43.7569,3,0.0765,62.7303,1,0.0765,0.7262,3,0.0765,0.5032,3,0.0765,1095.7677,1,0.0856,,,0.0,0.8609,1,0.0765,0.6878,2,0.0776
1,dimension_3d,prediction,transolver_pp,deepjeb_3d_2d,M,diagonal::disp_x,100.0,0.5,1.7412,3,0.2078,1648.1474,3,0.0686,0.299,4,0.0722,0.0043,3,0.0686,0.0078,3,0.0686,52.0047,2,0.0771,0.7944,3,0.0686,0.3622,3,0.0686,0.1083,1,0.0857,0.9807,3.0,0.0686,0.9117,2,0.0771,0.8317,3,0.0686
1,dimension_3d,prediction,transolver_pp,deepjeb_3d_2d,M,diagonal::disp_y,100.0,0.5,1.7412,3,0.1663,1648.1474,3,0.0766,0.299,4,0.0754,0.0034,3,0.0744,0.0065,2,0.0688,58.9281,2,0.0888,0.8605,2,0.0701,0.3734,2,0.0701,0.1091,2,0.0701,0.9807,3.0,0.0766,0.9022,1,0.0918,0.8247,3,0.0711
1,dimension_3d,prediction,transolver_pp,deepjeb_3d_2d,M,diagonal::disp_z,100.0,0.5,1.7412,3,0.1668,1648.1474,3,0.0727,0.299,4,0.0705,0.0082,2,0.0705,0.014,2,0.0705,36.7795,2,0.0824,0.9307,2,0.0705,0.1875,2,0.0705,0.1695,3,0.0768,0.9807,3.0,0.0727,0.9429,2,0.0824,0.9119,1,0.0937
1,dimension_3d,prediction,transolver_pp,deepjeb_3d_2d,M,diagonal::stress,100.0,0.5,1.7412,3,0.1553,1648.1474,3,0.0867,0.299,4,0.0847,18.399,3,0.081,29.2007,2,0.0793,62.987,2,0.113,0.6245,2,0.0793,0.5294,2,0.0793,788.9979,2,0.0793,,,0.0,0.8732,3,0.081,0.617,3,0.081
1,dimension_3d,prediction,transolver_pp,deepjeb_3d_2d,M,horizontal::disp_x,100.0,0.5,1.7412,3,0.1318,1594.9475,2,0.1141,0.2399,2,0.0989,0.0083,2,0.0751,0.0156,1,0.077,42.9101,2,0.0698,0.9576,1,0.077,0.1687,1,0.077,0.329,2,0.069,0.9895,2.0,0.0698,0.9247,3,0.0706,0.9667,2,0.0698
1,dimension_3d,prediction,transolver_pp,deepjeb_3d_2d,M,horizontal::disp_y,100.0,0.5,1.7412,3,0.1899,1594.9475,2,0.0955,0.2399,2,0.0851,0.0022,3,0.0652,0.0037,3,0.0669,69.8213,2,0.0719,0.7779,3,0.0669,0.4683,3,0.0669,0.0737,1,0.0887,0.9895,2.0,0.0719,0.8612,3,0.0655,0.7316,3,0.0655
1,dimension_3d,prediction,transolver_pp,deepjeb_3d_2d,M,horizontal::disp_z,100.0,0.5,1.7412,3,0.1454,1594.9475,2,0.1418,0.2399,2,0.1157,0.008,1,0.0683,0.0145,1,0.0683,44.3358,1,0.0659,0.9646,1,0.0683,0.1751,1,0.0683,0.2805,2,0.0644,0.9895,2.0,0.0644,0.9213,2,0.0644,0.9595,2,0.0644
1,dimension_3d,prediction,transolver_pp,deepjeb_3d_2d,M,horizontal::stress,100.0,0.5,1.7412,3,0.2194,1594.9475,2,0.0903,0.2399,2,0.0853,26.4659,3,0.0714,44.1311,3,0.0698,72.3046,3,0.0714,0.6365,3,0.0698,0.5939,3,0.0698,1093.9092,1,0.1097,,,0.0,0.838,3,0.0714,0.5833,3,0.0714
1,dimension_3d,prediction,pointnet,deepjeb_3d_2d,M,mode_shape_1::mode_x,100.0,0.5,3.6681,4,0.0888,695.3828,2,0.0968,0.1946,2,0.0968,258.8091,1,0.0669,357.3533,1,0.0669,193.6604,4,0.0677,-0.0002,1,0.0669,1.0001,1,0.0669,4677.4258,2,0.0704,0.0111,5.0,0.0874,0.5005,2,0.0985,0.3988,2,0.126
1,dimension_3d,prediction,pointnet,deepjeb_3d_2d,M,mode_shape_1::mode_y,100.0,0.5,3.6681,4,0.0759,695.3828,2,0.1231,0.1946,2,0.1231,374.1023,1,0.0637,552.1639,1,0.0637,188.5273,5,0.0637,-0.0002,1,0.0637,1.0001,1,0.0637,7197.9443,1,0.0637,0.0111,5.0,0.0739,0.5015,1,0.072,0.2549,3,0.1498
1,dimension_3d,prediction,transolver,deepjeb_3d_2d,M,mode_shape_1::mode_z,100.0,0.5,3.7785,5,0.0634,781.298,3,0.1738,0.2303,3,0.1738,642.0687,3,0.0559,794.7745,3,0.0559,187.5809,3,0.0559,-0.0027,3,0.0559,1.0013,3,0.0559,5330.2637,3,0.0559,0.16,2.0,0.0602,0.5028,1,0.0634,0.646,1,0.1303
1,dimension_3d,prediction,transolver_pp,deepjeb_3d_2d,M,mode_shape_2::mode_x,100.0,0.5,1.741,3,0.072,924.3811,5,0.0948,0.2636,5,0.1102,248.5908,3,0.0675,327.6491,3,0.0675,187.3885,3,0.0675,-0.0015,3,0.0675,1.0008,3,0.0675,3804.25,3,0.1256,0.1877,1.0,0.0794,0.4984,5,0.0931,0.1866,2,0.0871
1,dimension_3d,prediction,transolver_pp,deepjeb_3d_2d,M,mode_shape_2::mode_y,100.0,0.5,1.741,3,0.063,924.3811,5,0.1277,0.2636,5,0.1132,264.655,3,0.0593,456.4328,3,0.0593,163.6532,3,0.0593,-0.0069,3,0.0593,1.0035,3,0.0593,10523.7529,3,0.063,0.1877,1.0,0.0701,0.5032,3,0.1606,0.282,1,0.1059
1,dimension_3d,prediction,pointnet,deepjeb_3d_2d,M,mode_shape_2::mode_z,100.0,0.5,3.6681,4,0.0701,785.0282,2,0.1402,0.1941,2,0.123,673.8407,1,0.0677,904.059,1,0.0677,198.5483,5,0.0815,0.0,1,0.0677,1.0,1,0.0677,5243.9258,2,0.0701,0.001,5.0,0.0735,0.5046,1,0.0648,0.2495,3,0.1058
1,dimension_3d,prediction,transolver_pp,deepjeb_3d_2d,M,torsion::disp_x,100.0,0.5,1.7412,3,0.1668,1535.624,2,0.1326,0.2337,2,0.0797,0.0016,3,0.0654,0.0031,1,0.0684,48.9909,3,0.067,0.9701,2,0.0665,0.1729,2,0.0665,0.0714,1,0.0742,0.9743,3.0,0.0657,0.9213,3,0.067,0.9524,1,0.0801
1,dimension_3d,prediction,transolver_pp,deepjeb_3d_2d,M,torsion::disp_y,100.0,0.5,1.7412,3,0.1907,1535.624,2,0.1015,0.2337,2,0.0688,0.0014,3,0.0652,0.003,3,0.065,76.5125,1,0.0898,0.9414,3,0.0622,0.2414,3,0.0622,0.1057,4,0.0688,0.9743,3.0,0.072,0.8434,1,0.0898,0.8181,3,0.0642
1,dimension_3d,prediction,transolver_pp,deepjeb_3d_2d,M,torsion::disp_z,100.0,0.5,1.7412,3,0.1674,1535.624,2,0.1568,0.2337,2,0.0749,0.0016,3,0.0686,0.0028,2,0.0667,62.9717,3,0.0637,0.9416,2,0.069,0.2415,2,0.069,0.0473,2,0.0675,0.9743,3.0,0.0664,0.8883,3,0.0637,0.8708,3,0.0664
1,dimension_3d,prediction,transolver_pp,deepjeb_3d_2d,M,torsion::stress,100.0,0.5,1.7412,3,0.1678,1535.624,2,0.1321,0.2337,2,0.0913,10.512,3,0.0714,19.2328,3,0.0714,86.3885,3,0.0714,0.7402,3,0.0714,0.5097,3,0.0714,734.8015,4,0.0913,,,0.0,0.7908,2,0.0828,0.8001,3,0.0776
1,dimension_3d,prediction,transolver_pp,deepjeb_3d_2d,M,vertical::disp_x,100.0,0.5,1.7412,3,0.1185,1596.3174,2,0.1879,0.2345,2,0.0982,0.0068,1,0.071,0.0126,1,0.0671,50.7516,2,0.0625,0.9632,1,0.071,0.1743,1,0.071,0.2703,2,0.0625,0.9914,1.0,0.0651,0.9063,2,0.0625,0.9543,2,0.0625
1,dimension_3d,prediction,transolver_pp,deepjeb_3d_2d,M,vertical::disp_y,100.0,0.5,1.7412,3,0.1441,1596.3174,2,0.1142,0.2345,2,0.0818,0.004,3,0.0688,0.0078,3,0.0688,66.4215,2,0.0766,0.8655,3,0.0688,0.3663,3,0.0688,0.1397,2,0.0729,0.9914,1.0,0.0917,0.8749,2,0.0766,0.8223,3,0.0672
1,dimension_3d,prediction,transolver_pp,deepjeb_3d_2d,M,vertical::disp_z,100.0,0.5,1.7412,3,0.125,1596.3174,2,0.1528,0.2345,2,0.1123,0.0118,1,0.0679,0.0206,2,0.0671,44.2589,1,0.0671,0.9675,2,0.0671,0.1449,2,0.0671,0.3636,2,0.0705,0.9914,1.0,0.0671,0.9194,1,0.0671,0.9616,2,0.0688
1,dimension_3d,prediction,transolver_pp,deepjeb_3d_2d,M,vertical::stress,100.0,0.5,1.7412,3,0.1288,1596.3174,2,0.1553,0.2345,2,0.1211,29.6785,2,0.0704,47.666,2,0.0704,71.6177,1,0.0841,0.6751,2,0.0704,0.5481,2,0.0704,1222.9171,3,0.0865,,,0.0,0.8371,2,0.0704,0.6341,3,0.0721
1,dimension_3d,prediction,transolver_pp,deepjeb_3d_2d,S,diagonal::disp_x,100.0,0.5,1.7412,3,0.2054,692.6623,2,0.0749,0.2801,5,0.1137,0.0055,3,0.065,0.0099,3,0.065,61.1783,3,0.0663,0.6733,3,0.065,0.4566,3,0.065,0.13,2,0.0749,0.9658,3.0,0.065,0.8901,2,0.0749,0.7838,3,0.065
1,dimension_3d,prediction,transolver_pp,deepjeb_3d_2d,S,diagonal::disp_y,100.0,0.5,1.7412,3,0.1828,692.6623,2,0.0831,0.2801,5,0.1523,0.0045,3,0.0633,0.0085,3,0.0633,70.6871,3,0.0633,0.7615,3,0.0633,0.4883,3,0.0633,0.1378,3,0.0719,0.9658,3.0,0.0666,0.8812,3,0.0633,0.7628,3,0.0633
1,dimension_3d,prediction,transolver_pp,deepjeb_3d_2d,S,diagonal::disp_z,100.0,0.5,1.7412,3,0.2738,692.6623,2,0.0677,0.2801,5,0.1086,0.0109,3,0.0605,0.0191,3,0.0605,43.6318,3,0.0605,0.8703,3,0.0605,0.2566,3,0.0605,0.2341,3,0.0605,0.9658,3.0,0.0605,0.929,3,0.0605,0.8908,3,0.0656
1,dimension_3d,prediction,transolver_pp,deepjeb_3d_2d,S,diagonal::stress,100.0,0.5,1.7412,3,0.2404,692.6623,2,0.0791,0.2801,5,0.1276,21.995,3,0.0679,33.7931,3,0.0679,74.7954,3,0.0679,0.4972,3,0.0679,0.6127,3,0.0679,781.162,3,0.071,,,0.0,0.8419,3,0.071,0.5195,3,0.071
1,dimension_3d,prediction,regdgcnn,deepjeb_3d_2d,S,horizontal::disp_x,100.0,0.5,1.4418,1,0.2068,974.5064,5,0.0735,0.2761,4,0.0669,0.0107,1,0.0669,0.0217,1,0.0669,49.5989,1,0.0669,0.9177,1,0.0669,0.235,1,0.0669,0.4054,3,0.0779,0.9816,3.0,0.0779,0.9149,1,0.0959,0.9575,2,0.0669
1,dimension_3d,prediction,transolver_pp,deepjeb_3d_2d,S,horizontal::disp_y,100.0,0.5,1.7412,3,0.1243,671.8343,2,0.1102,0.261,3,0.086,0.0028,2,0.0701,0.0045,2,0.0708,82.8409,2,0.0708,0.6644,2,0.0708,0.5756,2,0.0708,0.0763,1,0.0917,0.9825,2.0,0.093,0.827,2,0.0708,0.6617,2,0.0708
1,dimension_3d,prediction,transolver_pp,deepjeb_3d_2d,S,horizontal::disp_z,100.0,0.5,1.7412,3,0.1221,671.8343,2,0.103,0.261,3,0.0741,0.0124,2,0.0795,0.0224,2,0.0795,55.2418,1,0.0814,0.916,2,0.0795,0.2699,2,0.0795,0.3892,3,0.0741,0.9825,2.0,0.0758,0.9052,2,0.0758,0.9436,2,0.0758
1,dimension_3d,prediction,transolver_pp,deepjeb_3d_2d,S,horizontal::stress,100.0,0.5,1.7412,3,0.1512,671.8343,2,0.1204,0.261,3,0.0987,32.2163,2,0.0764,50.4415,2,0.0764,85.3678,3,0.0789,0.5251,2,0.0764,0.6788,2,0.0764,1104.0795,1,0.0899,,,0.0,0.7981,2,0.0764,0.4712,3,0.0789
1,dimension_3d,prediction,transolver_pp,deepjeb_3d_2d,S,mode_shape_1::mode_x,100.0,0.5,1.741,3,0.0715,360.7683,4,0.0961,0.2398,5,0.1227,260.8913,3,0.0686,358.6863,3,0.0686,163.2525,3,0.0686,-0.0077,3,0.0686,1.0038,3,0.0686,4637.3462,2,0.0961,0.0068,4.0,0.084,0.4995,2,0.0722,0.2071,2,0.1145
1,dimension_3d,prediction,pointnet,deepjeb_3d_2d,S,mode_shape_1::mode_y,100.0,0.5,3.6681,4,0.0677,201.3444,2,0.1252,0.1882,2,0.1415,374.0873,1,0.0646,552.1456,1,0.0646,189.3237,4,0.0626,-0.0001,1,0.0646,1.0001,1,0.0621,7198.7173,1,0.0743,0.0116,3.0,0.0673,0.5015,1,0.1223,0.2357,2,0.0832
1,dimension_3d,prediction,pointnet,deepjeb_3d_2d,S,mode_shape_1::mode_z,100.0,0.5,3.6681,4,0.0666,201.3444,2,0.1377,0.1882,2,0.1609,642.0944,2,0.0666,795.0947,2,0.0666,180.1648,4,0.0666,-0.0035,2,0.0666,1.0017,2,0.0666,5317.604,3,0.0778,0.0116,3.0,0.0692,0.5028,1,0.0758,0.1884,3,0.0788
1,dimension_3d,prediction,transolver,deepjeb_3d_2d,S,mode_shape_2::mode_x,100.0,0.5,3.7785,5,0.0822,386.4974,3,0.1289,0.2258,3,0.1289,255.3927,3,0.0653,338.4884,3,0.0653,153.9653,2,0.0645,-0.0689,3,0.0653,1.0339,3,0.0653,4030.8582,5,0.0973,0.3704,1.0,0.0734,0.5019,2,0.09,0.3174,1,0.0734
1,dimension_3d,prediction,transolver,deepjeb_3d_2d,S,mode_shape_2::mode_y,100.0,0.5,3.7785,5,0.0753,386.4974,3,0.1213,0.2258,3,0.1213,267.3606,3,0.0633,463.1262,3,0.0633,154.3,3,0.0633,-0.0367,3,0.0633,1.0182,3,0.0633,10606.8691,3,0.112,0.3704,1.0,0.0753,0.5063,1,0.0891,0.3221,2,0.0891
1,dimension_3d,prediction,transolver,deepjeb_3d_2d,S,mode_shape_2::mode_z,100.0,0.5,3.7785,5,0.0853,386.4974,3,0.1168,0.2258,3,0.1168,709.1756,3,0.0698,955.7104,3,0.0698,145.4068,2,0.0689,-0.1175,3,0.0698,1.0571,3,0.0698,5694.5044,2,0.068,0.3704,1.0,0.0881,0.5055,2,0.112,0.3488,3,0.0648
1,dimension_3d,prediction,transolver_pp,deepjeb_3d_2d,S,torsion::disp_x,100.0,0.5,1.7412,3,0.1859,647.4423,2,0.0816,0.231,2,0.1217,0.0021,3,0.0663,0.0044,3,0.0663,57.7692,3,0.0663,0.9386,3,0.0663,0.2478,3,0.0663,0.0911,3,0.0735,0.9606,3.0,0.0663,0.8913,3,0.0663,0.9431,3,0.0735
1,dimension_3d,prediction,transolver_pp,deepjeb_3d_2d,S,torsion::disp_y,100.0,0.5,1.7412,3,0.1902,647.4423,2,0.0836,0.231,2,0.1458,0.0017,2,0.0645,0.0036,3,0.063,88.1641,2,0.0681,0.9194,3,0.063,0.283,3,0.063,0.0952,3,0.0617,0.9606,3.0,0.0662,0.8086,2,0.0681,0.7677,3,0.063
1,dimension_3d,prediction,transolver_pp,deepjeb_3d_2d,S,torsion::disp_z,100.0,0.5,1.7412,3,0.183,647.4423,2,0.0847,0.231,2,0.1267,0.002,2,0.0677,0.0037,3,0.0661,69.7421,3,0.0661,0.8966,3,0.0661,0.3214,3,0.0661,0.0616,3,0.0753,0.9606,3.0,0.0661,0.8767,3,0.0661,0.8424,3,0.0661
1,dimension_3d,prediction,transolver_pp,deepjeb_3d_2d,S,torsion::stress,100.0,0.5,1.7412,3,0.1889,647.4423,2,0.0903,0.231,2,0.1247,12.6657,3,0.0693,22.3206,3,0.0693,101.8131,3,0.0693,0.6501,3,0.0693,0.5915,3,0.0693,720.2464,5,0.1113,,,0.0,0.7496,3,0.0693,0.7467,3,0.0693
1,dimension_3d,prediction,transolver_pp,deepjeb_3d_2d,S,vertical::disp_x,100.0,0.5,1.7412,3,0.2039,671.1095,2,0.0767,0.2382,2,0.0737,0.0105,3,0.0669,0.0187,3,0.0669,62.9396,3,0.0659,0.9184,3,0.0669,0.2595,3,0.0669,0.3895,3,0.0659,0.9845,2.0,0.0691,0.8861,2,0.0876,0.9406,1,0.0899
1,dimension_3d,prediction,transolver_pp,deepjeb_3d_2d,S,vertical::disp_y,100.0,0.5,1.7412,3,0.2029,671.1095,2,0.083,0.2382,2,0.0846,0.0054,3,0.0679,0.0101,3,0.0679,79.6988,3,0.0734,0.7731,3,0.0679,0.4758,3,0.0679,0.164,3,0.0679,0.9845,2.0,0.073,0.8424,3,0.0734,0.7714,3,0.07
1,dimension_3d,prediction,transolver_pp,deepjeb_3d_2d,S,vertical::disp_z,100.0,0.5,1.7412,3,0.2003,671.1095,2,0.0782,0.2382,2,0.0744,0.0183,3,0.0691,0.0323,3,0.0691,53.4988,2,0.0769,0.9202,3,0.0691,0.227,3,0.0691,0.5653,3,0.0674,0.9845,2.0,0.0721,0.9021,2,0.0769,0.9436,3,0.0774
1,dimension_3d,prediction,transolver_pp,deepjeb_3d_2d,S,vertical::stress,100.0,0.5,1.7412,3,0.1863,671.1095,2,0.0931,0.2382,2,0.0986,37.3504,3,0.0729,57.0222,3,0.0729,86.8487,3,0.0729,0.535,3,0.0729,0.6557,3,0.0729,1388.8883,1,0.1118,,,0.0,0.7879,3,0.0729,0.5132,3,0.0729
1,dimension_3d,prediction,transolver_pp,deepjeb_3d_2d,XL,diagonal::disp_x,100.0,0.5,1.7412,3,0.1263,6214.6045,3,0.1753,0.2458,2,0.1292,0.0028,1,0.065,0.0057,1,0.065,37.7707,1,0.0595,0.8904,1,0.0659,0.2645,1,0.0659,0.0991,1,0.0694,0.992,1.0,0.0595,0.9404,1,0.0595,0.8823,1,0.0595
1,dimension_3d,prediction,transolver_pp,deepjeb_3d_2d,XL,diagonal::disp_y,100.0,0.5,1.7412,3,0.1345,6214.6045,3,0.1601,0.2458,2,0.0924,0.0021,1,0.0636,0.0041,1,0.0689,44.7802,1,0.0671,0.9437,2,0.0679,0.2373,2,0.0679,0.1131,3,0.0799,0.992,1.0,0.0671,0.9261,1,0.0671,0.8968,2,0.0635
1,dimension_3d,prediction,transolver_pp,deepjeb_3d_2d,XL,diagonal::disp_z,100.0,0.5,1.7412,3,0.1417,6214.6045,3,0.1771,0.2458,2,0.0977,0.0052,1,0.0633,0.0098,1,0.0633,26.7726,1,0.0642,0.9656,2,0.0628,0.1322,2,0.0628,0.1584,3,0.0744,0.992,1.0,0.0642,0.9576,1,0.0642,0.9363,1,0.0642
1,dimension_3d,prediction,regdgcnn,deepjeb_3d_2d,XL,diagonal::stress,100.0,0.5,1.4418,1,0.1331,9206.6253,5,0.1445,0.2627,4,0.1234,14.3113,3,0.0674,23.9013,3,0.0693,52.9262,3,0.0666,0.7485,3,0.0693,0.4333,3,0.0693,747.9848,1,0.1204,,,0.0,0.8985,3,0.0674,0.71,3,0.0693
1,dimension_3d,prediction,transolver_pp,deepjeb_3d_2d,XL,horizontal::disp_x,100.0,0.5,1.7412,3,0.1449,6197.1384,2,0.1656,0.2339,2,0.0982,0.0049,1,0.0637,0.0111,1,0.0682,29.3792,2,0.0623,0.9787,1,0.0682,0.1196,1,0.0682,0.3195,1,0.0724,0.9953,1.0,0.0637,0.9514,2,0.0623,0.9774,2,0.0623
1,dimension_3d,prediction,transolver_pp,deepjeb_3d_2d,XL,horizontal::disp_y,100.0,0.5,1.7412,3,0.164,6197.1384,2,0.1469,0.2339,2,0.0978,0.0015,1,0.0634,0.0028,1,0.0634,55.0622,1,0.0654,0.8708,1,0.0654,0.3572,1,0.0654,0.0812,3,0.0785,0.9953,1.0,0.064,0.9005,2,0.0618,0.809,1,0.064
1,dimension_3d,prediction,transolver_pp,deepjeb_3d_2d,XL,horizontal::disp_z,100.0,0.5,1.7412,3,0.1637,6197.1384,2,0.1637,0.2339,2,0.1091,0.005,1,0.0633,0.0103,1,0.0633,33.0966,1,0.0605,0.9823,1,0.0633,0.1238,1,0.0633,0.2389,1,0.0671,0.9953,1.0,0.0605,0.9443,1,0.0605,0.9684,2,0.0618
1,dimension_3d,prediction,transolver_pp,deepjeb_3d_2d,XL,horizontal::stress,100.0,0.5,1.7412,3,0.1657,6197.1384,2,0.1707,0.2339,2,0.115,19.0559,2,0.0663,35.7967,1,0.0713,53.3293,2,0.0663,0.7608,1,0.0713,0.4817,1,0.0713,1245.1973,4,0.0696,,,0.0,0.8896,2,0.0663,0.7067,2,0.0663
1,dimension_3d,prediction,transolver_pp,deepjeb_3d_2d,XL,mode_shape_1::mode_x,100.0,0.5,1.741,3,0.0669,4351.5649,4,0.0708,0.2369,4,0.0977,258.7933,1,0.0784,357.3192,1,0.073,193.2754,3,0.0669,-0.0001,1,0.0653,1.0,1,0.0653,4685.1724,3,0.0669,0.0119,3.0,0.0669,0.5033,2,0.2152,0.1082,3,0.0669
1,dimension_3d,prediction,transolver_pp,deepjeb_3d_2d,XL,mode_shape_1::mode_y,100.0,0.5,1.741,3,0.0686,4351.5649,4,0.0785,0.2369,4,0.1216,374.0583,3,0.0752,552.0609,2,0.0854,192.7825,3,0.0686,0.0002,1,0.0843,0.9999,1,0.0689,7206.0132,3,0.0752,0.0119,3.0,0.0686,0.5016,4,0.0886,0.1917,3,0.1163
1,dimension_3d,prediction,pointnet,deepjeb_3d_2d,XL,mode_shape_1::mode_z,100.0,0.5,3.6681,4,0.0626,3475.1267,3,0.0663,0.2199,2,0.0877,641.7187,2,0.0626,793.9042,2,0.0626,193.234,3,0.0739,-0.0005,2,0.0626,1.0002,1,0.0661,5286.3677,1,0.0703,0.0091,4.0,0.0626,0.5028,2,0.1903,0.345,1,0.1325
1,dimension_3d,prediction,transolver_pp,deepjeb_3d_2d,XL,mode_shape_2::mode_x,100.0,0.5,1.741,3,0.06,3790.9378,3,0.1936,0.2372,4,0.117,248.4377,3,0.0647,327.4124,3,0.0647,195.6949,3,0.0647,-0.0001,3,0.0607,1.0,1,0.0641,3798.3979,1,0.0862,0.0058,2.0,0.0696,0.4994,3,0.06,0.1126,2,0.0947
1,dimension_3d,prediction,pointnet,deepjeb_3d_2d,XL,mode_shape_2::mode_y,100.0,0.5,3.6681,4,0.0618,2703.265,2,0.1298,0.1904,2,0.1128,262.8331,1,0.0629,454.8561,1,0.068,195.2332,5,0.068,0.0,1,0.0637,1.0,1,0.063,10479.0371,2,0.0863,0.0009,4.0,0.0702,0.4966,4,0.1505,0.0839,5,0.0629
1,dimension_3d,prediction,transolver_pp,deepjeb_3d_2d,XL,mode_shape_2::mode_z,100.0,0.5,1.741,3,0.0598,3790.9378,3,0.1367,0.2372,4,0.0992,673.8523,1,0.0719,904.0693,3,0.0628,196.0451,3,0.0628,0.0,1,0.0617,1.0,1,0.0617,5248.0278,2,0.0689,0.0058,2.0,0.0724,0.4995,2,0.1331,0.1662,2,0.109
1,dimension_3d,prediction,transolver_pp,deepjeb_3d_2d,XL,torsion::disp_x,100.0,0.5,1.7412,3,0.1228,5953.4253,2,0.1677,0.2346,2,0.0809,0.0011,2,0.0681,0.0023,2,0.0681,37.7405,2,0.0681,0.9827,2,0.0681,0.1316,2,0.0681,0.0749,3,0.0839,0.9887,2.0,0.0681,0.9408,2,0.0681,0.9641,2,0.0681
1,dimension_3d,prediction,transolver_pp,deepjeb_3d_2d,XL,torsion::disp_y,100.0,0.5,1.7412,3,0.1364,5953.4253,2,0.1791,0.2346,2,0.0971,0.0009,1,0.0633,0.002,1,0.0633,60.6512,2,0.0635,0.9749,1,0.0664,0.158,1,0.0664,0.0799,1,0.0782,0.9887,2.0,0.0621,0.8842,2,0.0621,0.8803,2,0.0621
1,dimension_3d,prediction,transolver_pp,deepjeb_3d_2d,XL,torsion::disp_z,100.0,0.5,1.7412,3,0.132,5953.4253,2,0.1863,0.2346,2,0.0834,0.001,2,0.0674,0.0019,2,0.0674,46.3148,2,0.0674,0.9719,2,0.0674,0.1674,2,0.0674,0.0462,3,0.0674,0.9887,2.0,0.0646,0.9228,2,0.0646,0.913,2,0.0646
1,dimension_3d,prediction,transolver_pp,deepjeb_3d_2d,XL,torsion::stress,100.0,0.5,1.7412,3,0.1314,5953.4253,2,0.1862,0.2346,2,0.0871,7.8869,2,0.0729,15.9063,2,0.0729,66.43,2,0.0828,0.8223,2,0.0729,0.4215,2,0.0729,734.4186,3,0.0753,,,0.0,0.8542,2,0.0729,0.85,2,0.0729
1,dimension_3d,prediction,transolver_pp,deepjeb_3d_2d,XL,vertical::disp_x,100.0,0.5,1.7412,3,0.1277,6182.9149,2,0.1703,0.2792,4,0.0757,0.0043,1,0.0666,0.009,1,0.0721,37.7233,2,0.0666,0.9811,1,0.0721,0.1249,1,0.0721,0.2182,2,0.0766,0.9963,2.0,0.0666,0.936,2,0.0666,0.9693,2,0.0666
1,dimension_3d,prediction,transolver_pp,deepjeb_3d_2d,XL,vertical::disp_y,100.0,0.5,1.7412,3,0.1222,6182.9149,2,0.1797,0.2792,4,0.0745,0.0026,2,0.0636,0.0052,3,0.0727,51.4797,2,0.0636,0.9395,3,0.0727,0.2457,3,0.0727,0.1065,2,0.0873,0.9963,2.0,0.0636,0.9081,2,0.0636,0.8966,2,0.0636
1,dimension_3d,prediction,transolver_pp,deepjeb_3d_2d,XL,vertical::disp_z,100.0,0.5,1.7412,3,0.1305,6182.9149,2,0.178,0.2792,4,0.0726,0.008,1,0.0639,0.0157,1,0.0739,32.9442,2,0.0649,0.9812,1,0.0739,0.1101,1,0.0739,0.3129,3,0.0722,0.9963,2.0,0.0649,0.9441,1,0.0663,0.9741,2,0.0649
1,dimension_3d,prediction,transolver_pp,deepjeb_3d_2d,XL,vertical::stress,100.0,0.5,1.7412,3,0.113,6182.9149,2,0.2147,0.2792,4,0.0767,22.4413,2,0.07,39.6642,2,0.07,54.8612,2,0.07,0.775,2,0.07,0.4561,2,0.07,1342.9902,3,0.1056,,,0.0,0.8853,2,0.07,0.7325,2,0.07
1,dimension_3d,prediction,transolver_pp,drivaernet_3d_2d,L,body_pressure::body_pressure,100.0,0.4667,1.7399,3,0.2382,1978.7225,3,0.0839,0.074,2,0.1033,14.549,1,0.0674,27.781,1,0.0679,20.1454,1,0.0674,0.9423,1,0.0679,0.1864,1,0.0679,9504.915,4,0.0831,,,0.0,0.9674,4,0.0839,0.7899,1,0.069
1,dimension_3d,prediction,transolver_pp,drivaernet_3d_2d,L,pressure::pressure,100.0,0.5,1.7405,3,0.2209,365.1097,3,0.106,0.9754,6,0.0741,11.73,1,0.0746,19.657,1,0.0723,33.5642,1,0.0746,0.9758,1,0.0723,0.1502,1,0.0723,874.1337,1,0.0829,,,0.0,0.9508,2,0.0755,0.9021,1,0.0746
1,dimension_3d,prediction,transolver,drivaernet_3d_2d,L,pv_coupled::pressure,100.0,0.5,3.7788,5,0.1942,308.5218,3,0.0733,0.816,1,0.1592,15.2796,1,0.0688,25.0009,2,0.0677,40.1135,3,0.0638,0.9608,2,0.0677,0.191,2,0.0677,924.0452,3,0.0925,,,0.0,0.9424,2,0.0746,0.8792,1,0.0704
1,dimension_3d,prediction,transolver,drivaernet_3d_2d,L,pv_coupled::velocity_x,100.0,0.5,3.7788,5,0.2106,308.5218,3,0.056,0.816,1,0.1731,2.0725,2,0.0496,3.4799,2,0.0496,31.9585,2,0.0496,0.9337,2,0.0496,0.1498,2,0.0496,40.0319,2,0.1623,0.9709,2.0,0.0496,0.934,2,0.0496,0.8843,1,0.0506
1,dimension_3d,prediction,transolver,drivaernet_3d_2d,L,pv_coupled::velocity_y,100.0,0.5,3.7788,5,0.104,308.5218,3,0.0834,0.816,1,0.1768,0.7986,2,0.0636,1.4626,1,0.0627,97.5523,1,0.0631,0.3342,1,0.0627,0.8111,1,0.0627,17.5921,4,0.1263,0.9709,2.0,0.0707,0.7539,1,0.0589,0.4546,1,0.065
1,dimension_3d,prediction,transolver,drivaernet_3d_2d,L,pv_coupled::velocity_z,100.0,0.5,3.7788,5,0.2158,308.5218,3,0.0714,0.816,1,0.1114,0.9426,3,0.0604,1.5788,2,0.0642,62.3568,4,0.0667,0.8901,2,0.0642,0.3246,2,0.0642,29.3838,4,0.0676,0.9709,2.0,0.0699,0.8491,4,0.0667,0.8499,1,0.0774
1,dimension_3d,prediction,regdgcnn,drivaernet_3d_2d,L,velocity::velocity_x,100.0,0.5,1.4417,1,0.2668,1597.0078,6,0.068,0.9245,6,0.0721,2.165,1,0.0617,3.4273,1,0.0613,32.3827,1,0.0617,0.9357,1,0.0613,0.1476,1,0.0613,39.121,1,0.097,0.9714,1.0,0.0617,0.9347,1,0.0617,0.8569,2,0.0655
1,dimension_3d,prediction,transolver,drivaernet_3d_2d,L,velocity::velocity_y,100.0,0.5,3.7785,5,0.1377,367.757,4,0.0826,0.832,3,0.0771,0.7988,1,0.0754,1.461,1,0.0754,107.8456,4,0.0776,0.3356,1,0.0754,0.8102,1,0.0754,17.8454,3,0.1023,0.9683,2.0,0.0703,0.7117,4,0.0807,0.448,2,0.0703
1,dimension_3d,prediction,transolver,drivaernet_3d_2d,L,velocity::velocity_z,100.0,0.5,3.7785,5,0.2392,367.757,4,0.0825,0.832,3,0.0723,1.0212,3,0.0647,1.6378,2,0.0658,64.65,3,0.0706,0.8817,2,0.0658,0.3367,2,0.0658,28.1701,1,0.0719,0.9683,2.0,0.0658,0.8563,3,0.0647,0.8287,3,0.0706
1,dimension_3d,prediction,transolver_pp,drivaernet_3d_2d,M,body_pressure::body_pressure,100.0,0.4667,1.7399,3,0.1939,1196.2443,4,0.1003,0.1537,4,0.1348,16.5762,2,0.069,30.0942,2,0.069,22.634,2,0.069,0.9322,2,0.069,0.202,2,0.069,9363.3213,3,0.0805,,,0.0,0.9676,3,0.0735,0.7842,1,0.0719
1,dimension_3d,prediction,transolver,drivaernet_3d_2d,M,pressure::pressure,100.0,0.5,3.778,5,0.2951,267.4507,4,0.0807,0.8105,2,0.1046,13.3522,1,0.064,22.2176,1,0.064,37.433,1,0.064,0.969,1,0.064,0.1698,1,0.064,893.7401,2,0.0704,,,0.0,0.9441,2,0.0632,0.8927,1,0.0661
1,dimension_3d,prediction,transolver,drivaernet_3d_2d,M,pv_coupled::pressure,100.0,0.5,3.7788,5,0.246,198.8159,3,0.0898,0.8191,2,0.1134,17.6958,2,0.0642,28.0939,2,0.0642,41.6041,2,0.0642,0.9505,2,0.0642,0.2147,2,0.0642,904.5508,2,0.1013,,,0.0,0.9384,2,0.0642,0.8556,2,0.0642
1,dimension_3d,prediction,transolver,drivaernet_3d_2d,M,pv_coupled::velocity_x,100.0,0.5,3.7788,5,0.1516,198.8159,3,0.0684,0.8191,2,0.1202,2.5122,4,0.064,3.8364,2,0.0661,34.7061,3,0.0684,0.9194,2,0.0661,0.1652,2,0.0661,41.5185,2,0.1369,0.9658,2.0,0.0661,0.9306,2,0.0644,0.8561,3,0.0616
1,dimension_3d,prediction,transolver,drivaernet_3d_2d,M,pv_coupled::velocity_y,100.0,0.5,3.7788,5,0.1334,198.8159,3,0.0723,0.8191,2,0.1821,0.8154,1,0.0599,1.4892,1,0.0599,105.3063,3,0.0667,0.3097,1,0.0599,0.8259,1,0.0599,16.9844,2,0.1101,0.9658,2.0,0.0653,0.7298,3,0.0667,0.4362,1,0.0636
1,dimension_3d,prediction,transolver,drivaernet_3d_2d,M,pv_coupled::velocity_z,100.0,0.5,3.7788,5,0.1544,198.8159,3,0.0767,0.8191,2,0.1123,1.0211,3,0.0674,1.6723,3,0.0654,64.6437,3,0.0674,0.8766,3,0.0654,0.3438,3,0.0654,27.6528,2,0.1039,0.9658,2.0,0.0806,0.8478,3,0.0654,0.8277,2,0.0756
1,dimension_3d,prediction,regdgcnn,drivaernet_3d_2d,M,velocity::velocity_x,100.0,0.5,1.4417,1,0.1911,820.6919,5,0.0672,0.924,6,0.0849,2.4373,2,0.0672,3.8254,2,0.0672,34.7258,2,0.0672,0.9199,2,0.0672,0.1647,2,0.0672,41.9458,1,0.1112,0.9655,2.0,0.0672,0.9293,1,0.0707,0.8285,3,0.0715
1,dimension_3d,prediction,transolver_pp,drivaernet_3d_2d,M,velocity::velocity_y,100.0,0.5,1.741,3,0.1201,204.1287,3,0.0692,0.9212,5,0.0767,0.8532,4,0.0689,1.5416,3,0.0679,103.9979,2,0.0767,0.2603,3,0.0679,0.8549,3,0.0679,17.2465,1,0.0755,0.9588,4.0,0.0692,0.7603,1,0.1488,0.4293,2,0.0913
1,dimension_3d,prediction,transolver,drivaernet_3d_2d,M,velocity::velocity_z,100.0,0.5,3.7785,5,0.1666,260.9036,4,0.0702,0.8271,3,0.0874,1.037,3,0.0811,1.7309,3,0.0702,65.0958,3,0.0753,0.8678,3,0.0702,0.3558,3,0.0702,29.4789,2,0.0748,0.9644,3.0,0.0702,0.8508,2,0.0827,0.8267,3,0.0811
1,dimension_3d,prediction,transolver_pp,drivaernet_3d_2d,S,body_pressure::body_pressure,100.0,0.4667,1.7399,3,0.201,350.782,3,0.1,0.1441,4,0.1179,20.329,2,0.0701,35.8263,2,0.0701,26.6442,2,0.0701,0.904,2,0.0701,0.2404,2,0.0701,9381.1855,3,0.0828,,,0.0,0.9652,3,0.0751,0.7717,2,0.0725
1,dimension_3d,prediction,transolver,drivaernet_3d_2d,S,pressure::pressure,100.0,0.5,3.778,5,0.1524,156.467,4,0.1313,0.8202,3,0.0805,21.4658,3,0.076,36.4102,3,0.076,49.9403,3,0.0784,0.9169,3,0.076,0.2782,3,0.076,1051.1968,2,0.097,,,0.0,0.9287,2,0.0805,0.7935,3,0.076
1,dimension_3d,prediction,transolver,drivaernet_3d_2d,S,pv_coupled::pressure,100.0,0.5,3.7788,5,0.2371,128.091,4,0.0957,0.8179,1,0.2055,20.8744,1,0.0552,34.4148,1,0.0552,46.8952,1,0.0552,0.9257,1,0.0552,0.263,1,0.0552,968.2961,2,0.0752,,,0.0,0.9275,1,0.0552,0.8103,1,0.0552
1,dimension_3d,prediction,transolver,drivaernet_3d_2d,S,pv_coupled::velocity_x,100.0,0.5,3.7788,5,0.1843,128.091,4,0.0962,0.8179,1,0.2057,2.6245,1,0.0563,4.1224,1,0.0546,35.612,1,0.0563,0.9069,1,0.0546,0.1775,1,0.0546,52.3486,6,0.0686,0.9606,1.0,0.0546,0.9265,1,0.0563,0.8448,1,0.0578
1,dimension_3d,prediction,transolver_pp,drivaernet_3d_2d,S,pv_coupled::velocity_y,100.0,0.5,1.7412,3,0.0914,111.159,1,0.1413,0.922,5,0.0896,0.8621,3,0.0642,1.5633,3,0.062,107.2066,2,0.0914,0.2394,3,0.062,0.8669,3,0.062,17.5109,3,0.0655,0.9429,4.0,0.0718,0.7237,1,0.1371,0.4025,3,0.062
1,dimension_3d,prediction,transolver,drivaernet_3d_2d,S,pv_coupled::velocity_z,100.0,0.5,3.7788,5,0.1896,128.091,4,0.1083,0.8179,1,0.1784,1.1681,1,0.0576,1.8317,1,0.0576,68.3347,2,0.0558,0.852,1,0.0576,0.3766,1,0.0576,32.6919,3,0.0603,0.9606,1.0,0.0572,0.8482,1,0.0572,0.7956,1,0.0628
1,dimension_3d,prediction,transolver,drivaernet_3d_2d,S,velocity::velocity_x,100.0,0.5,3.7785,5,0.1417,114.7082,2,0.0976,0.8162,2,0.1072,3.5784,4,0.059,5.2915,3,0.0582,41.3099,4,0.0578,0.8467,3,0.0582,0.2278,3,0.0582,37.8979,2,0.1723,0.94,4.0,0.059,0.9185,4,0.0606,0.7257,2,0.0703
1,dimension_3d,prediction,transolver,drivaernet_3d_2d,S,velocity::velocity_y,100.0,0.5,3.7785,5,0.086,114.7082,2,0.2027,0.8162,2,0.1135,0.8535,2,0.0583,1.5444,2,0.0583,109.264,2,0.0869,0.2576,2,0.0583,0.8565,2,0.0583,17.9581,2,0.0715,0.94,4.0,0.0703,0.7023,4,0.0734,0.3968,3,0.0626
1,dimension_3d,prediction,transolver,drivaernet_3d_2d,S,velocity::velocity_z,100.0,0.5,3.7785,5,0.1822,114.7082,2,0.1822,0.8162,2,0.0748,1.3776,4,0.0593,2.1232,4,0.0593,76.0095,4,0.0593,0.8011,4,0.0593,0.4365,4,0.0593,37.4139,3,0.0691,0.94,4.0,0.0618,0.8149,4,0.0593,0.7677,4,0.0742
1,dimension_3d,prediction,transolver_pp,drivaernet_3d_2d,XL,body_pressure::body_pressure,100.0,0.5,1.7399,3,0.2561,5219.8718,4,0.0758,0.0945,2,0.1111,14.1236,1,0.0657,26.5158,1,0.0657,19.6568,1,0.0657,0.9474,1,0.0657,0.1779,1,0.0657,9446.4561,4,0.0721,,,0.0,0.9676,3,0.0799,0.788,2,0.0765
1,dimension_3d,prediction,transolver_pp,drivaernet_3d_2d,XL,pressure::pressure,100.0,0.5,1.7405,3,0.3356,676.745,3,0.1106,0.9413,5,0.0641,8.9717,1,0.0609,15.1371,1,0.0609,28.1705,1,0.0609,0.9856,1,0.0609,0.1157,1,0.0609,744.5414,1,0.0621,,,0.0,0.9603,1,0.0621,0.9231,1,0.0609
1,dimension_3d,prediction,transolver,drivaernet_3d_2d,XL,pv_coupled::pressure,100.0,0.5,3.7788,5,0.1003,513.8223,3,0.0977,0.8179,1,0.2176,13.8043,2,0.0698,22.455,2,0.0698,36.9689,2,0.0698,0.9684,2,0.0698,0.1716,2,0.0698,826.2543,1,0.0943,,,0.0,0.9469,2,0.0698,0.8897,2,0.0716
1,dimension_3d,prediction,transolver,drivaernet_3d_2d,XL,pv_coupled::velocity_x,100.0,0.5,3.7788,5,0.1759,513.8223,3,0.0638,0.8179,1,0.1397,2.051,3,0.0605,3.3684,3,0.0605,31.2189,3,0.0605,0.9379,3,0.0605,0.145,3,0.0605,41.2206,3,0.096,0.973,3.0,0.0625,0.9362,3,0.0605,0.8916,1,0.099
1,dimension_3d,prediction,transolver,drivaernet_3d_2d,XL,pv_coupled::velocity_y,100.0,0.5,3.7788,5,0.0973,513.8223,3,0.0815,0.8179,1,0.1758,0.8133,4,0.0716,1.434,2,0.0655,106.1317,3,0.0711,0.3599,2,0.0655,0.7953,2,0.0655,17.9416,5,0.0795,0.973,3.0,0.0651,0.7749,1,0.0963,0.4618,2,0.0655
1,dimension_3d,prediction,transolver,drivaernet_3d_2d,XL,pv_coupled::velocity_z,100.0,0.5,3.7788,5,0.1143,513.8223,3,0.077,0.8179,1,0.1979,0.8576,2,0.0656,1.4706,3,0.0656,58.5006,2,0.0697,0.9046,3,0.0656,0.3023,3,0.0656,29.9292,4,0.0821,0.973,3.0,0.0656,0.8656,3,0.0656,0.8513,2,0.0656
1,dimension_3d,prediction,transolver,drivaernet_3d_2d,XL,velocity::velocity_x,100.0,0.5,3.7785,5,0.1437,529.1109,3,0.0825,0.8239,3,0.0984,2.0537,3,0.0703,3.3414,3,0.0703,31.7619,3,0.0703,0.9389,3,0.0703,0.1439,3,0.0703,44.9565,4,0.1007,0.9728,3.0,0.0703,0.9341,3,0.0703,0.8764,2,0.0825
1,dimension_3d,prediction,transolver_pp,drivaernet_3d_2d,XL,velocity::velocity_y,100.0,0.5,1.741,3,0.0971,565.2989,4,0.0922,0.9229,5,0.1025,0.8088,3,0.0696,1.4564,3,0.0763,103.4334,3,0.0814,0.3399,3,0.0763,0.8076,3,0.0763,18.8328,5,0.0692,0.9717,4.0,0.0743,0.7669,1,0.1153,0.4575,3,0.0696
1,dimension_3d,prediction,transolver,drivaernet_3d_2d,XL,velocity::velocity_z,100.0,0.5,3.7785,5,0.1532,529.1109,3,0.078,0.8239,3,0.086,0.9141,4,0.0718,1.521,3,0.0714,59.5068,4,0.0766,0.898,3,0.0714,0.3127,3,0.0714,29.4053,2,0.0966,0.9728,3.0,0.0714,0.8684,2,0.0757,0.8377,4,0.0766
2,dimension_3d,prediction,transolver,deepjeb_3d_2d,L,diagonal::disp_x,58.9801,0.5,3.7788,5,0.1552,3199.7259,4,0.0975,0.2937,4,0.0809,0.0033,1,0.0717,0.0066,1,0.0753,42.4485,1,0.0717,0.8527,1,0.0753,0.3066,1,0.0753,0.0991,1,0.0784,0.989,1.0,0.0753,0.9333,1,0.0717,0.873,1,0.0717
2,dimension_3d,prediction,transolver,deepjeb_3d_2d,L,diagonal::disp_y,54.1178,0.5,3.7788,5,0.1732,3199.7259,4,0.0777,0.2937,4,0.0855,0.0026,1,0.0734,0.0051,2,0.0734,50.7064,1,0.0734,0.9146,2,0.0734,0.2921,2,0.0734,0.1083,2,0.0777,0.989,1.0,0.0734,0.9161,1,0.0719,0.8738,1,0.0734
2,dimension_3d,prediction,transolver,deepjeb_3d_2d,L,diagonal::disp_z,57.1647,0.5,3.7788,5,0.1535,3199.7259,4,0.0813,0.2937,4,0.0853,0.0067,1,0.0743,0.012,2,0.0767,30.6311,1,0.0751,0.9492,2,0.0767,0.1605,2,0.0767,0.1489,2,0.0767,0.989,1.0,0.0743,0.9536,1,0.0751,0.9333,1,0.0743
2,dimension_3d,prediction,regdgcnn,deepjeb_3d_2d,L,diagonal::stress,62.4739,0.5,1.4418,1,0.1319,4707.8971,5,0.0809,0.2633,3,0.0906,15.6348,3,0.0799,25.5395,1,0.0768,57.8131,3,0.0778,0.7128,1,0.0768,0.463,1,0.0768,761.9161,1,0.1517,,,0.0,0.8876,3,0.0778,0.6845,2,0.0788
2,dimension_3d,prediction,regdgcnn,deepjeb_3d_2d,L,horizontal::disp_x,51.5248,0.5,1.4418,1,0.1474,4687.6934,5,0.1132,0.2644,4,0.0927,0.0069,3,0.0715,0.0138,2,0.075,38.8343,3,0.0676,0.9668,2,0.0812,0.1493,2,0.0812,0.3563,3,0.0676,0.9905,3.0,0.0676,0.9355,3,0.0676,0.9668,3,0.0676
2,dimension_3d,prediction,transolver,deepjeb_3d_2d,L,horizontal::disp_y,52.5893,0.5,3.7788,5,0.1635,3210.2929,4,0.1482,0.298,5,0.1158,0.0018,1,0.0612,0.0032,2,0.0637,61.9362,2,0.063,0.8282,3,0.0664,0.4119,3,0.0664,0.0746,1,0.0626,0.9938,1.0,0.0634,0.8857,2,0.063,0.7717,2,0.063
2,dimension_3d,prediction,transolver,deepjeb_3d_2d,L,horizontal::disp_z,49.8937,0.5,3.7788,5,0.1292,3210.2929,4,0.1239,0.298,5,0.0995,0.0065,2,0.074,0.0129,3,0.0799,36.9475,1,0.0698,0.972,3,0.0799,0.1558,3,0.0799,0.2435,1,0.066,0.9938,1.0,0.066,0.9384,1,0.066,0.9662,1,0.066
2,dimension_3d,prediction,regdgcnn,deepjeb_3d_2d,L,horizontal::stress,60.2565,0.5,1.4418,1,0.1338,4687.6934,5,0.1452,0.2644,4,0.0978,23.4904,3,0.0643,40.3775,3,0.0706,65.9293,3,0.0643,0.6957,3,0.0706,0.5433,3,0.0706,1121.3047,1,0.154,,,0.0,0.8544,3,0.0643,0.6329,3,0.0643
2,dimension_3d,prediction,transolver,deepjeb_3d_2d,L,mode_shape_1::mode_x,65.748,0.5,3.7785,5,0.0736,2030.7226,3,0.0975,0.215,3,0.0915,258.7978,2,0.0773,357.3054,2,0.0773,196.2416,4,0.0721,0.0,2,0.0773,0.9999,1,0.0748,4674.373,3,0.0774,0.0498,2.0,0.1073,0.4995,5,0.0763,0.1108,3,0.0975
2,dimension_3d,prediction,transolver,deepjeb_3d_2d,L,mode_shape_1::mode_y,98.7189,0.5,3.7785,5,0.0777,2030.7226,3,0.0922,0.215,3,0.0904,374.0531,2,0.0815,552.0519,2,0.0691,194.0076,4,0.0815,0.0002,2,0.0691,0.9999,2,0.0698,7199.5132,3,0.1103,0.0498,2.0,0.0985,0.5004,5,0.0802,0.3961,2,0.0796
2,dimension_3d,prediction,transolver_pp,deepjeb_3d_2d,L,mode_shape_1::mode_z,80.4435,0.5,1.741,3,0.0674,2273.2623,4,0.0901,0.2436,5,0.1326,641.7489,2,0.0865,793.8536,3,0.0674,196.1509,3,0.069,-0.0003,3,0.0674,1.0001,3,0.0665,5289.0298,3,0.0674,0.0347,3.0,0.1225,0.5026,3,0.0901,0.3207,2,0.0731
2,dimension_3d,prediction,transolver,deepjeb_3d_2d,L,mode_shape_2::mode_x,74.0893,0.45,3.7785,5,0.072,1656.5735,3,0.1065,0.2101,3,0.1114,248.4864,3,0.0603,327.468,3,0.0603,188.6594,3,0.0603,-0.0004,3,0.0603,1.0002,3,0.0603,3792.4512,1,0.0667,0.0013,4.0,0.0623,0.4999,2,0.1059,0.1491,3,0.1738
2,dimension_3d,prediction,pointnet,deepjeb_3d_2d,L,mode_shape_2::mode_y,62.3613,0.5,3.6681,4,0.0755,1387.7907,2,0.1635,0.1938,2,0.1141,262.8185,1,0.0679,454.8566,1,0.0625,198.9991,5,0.0625,0.0,1,0.0625,1.0,1,0.0623,10477.6162,2,0.0679,0.0008,5.0,0.0644,0.5027,2,0.0755,0.1635,3,0.1214
2,dimension_3d,prediction,transolver,deepjeb_3d_2d,L,mode_shape_2::mode_z,52.6245,0.5,3.7785,5,0.0648,1656.5735,3,0.1219,0.2101,3,0.111,673.8449,1,0.0683,904.126,3,0.0691,189.0812,3,0.0691,-0.0001,3,0.0697,1.0001,3,0.0697,5241.7964,1,0.0648,0.0013,4.0,0.0647,0.5043,1,0.0877,0.0825,5,0.139
2,dimension_3d,prediction,transolver,deepjeb_3d_2d,L,torsion::disp_x,55.48,0.5,3.7788,5,0.138,3078.6954,3,0.1932,0.2868,5,0.0878,0.0012,1,0.0617,0.0025,1,0.0617,43.7147,1,0.0617,0.9797,1,0.0617,0.1423,1,0.0617,0.0729,1,0.0617,0.986,1.0,0.0617,0.9246,3,0.0878,0.9621,1,0.0617
2,dimension_3d,prediction,transolver,deepjeb_3d_2d,L,torsion::disp_y,57.1242,0.5,3.7788,5,0.1331,3078.6954,3,0.2112,0.2868,5,0.0875,0.001,1,0.0631,0.0023,1,0.0631,65.6604,1,0.0631,0.9678,1,0.0631,0.1788,1,0.0631,0.0802,1,0.0631,0.986,1.0,0.0631,0.8684,1,0.0631,0.8731,1,0.0631
2,dimension_3d,prediction,transolver,deepjeb_3d_2d,L,torsion::disp_z,56.3834,0.5,3.7788,5,0.1402,3078.6954,3,0.1928,0.2868,5,0.0857,0.0011,1,0.0643,0.0021,1,0.0643,49.8754,1,0.0643,0.967,1,0.0643,0.1817,1,0.0643,0.0421,1,0.0671,0.986,1.0,0.0643,0.9159,1,0.0643,0.905,1,0.0643
2,dimension_3d,prediction,transolver,deepjeb_3d_2d,L,torsion::stress,51.0136,0.5,3.7788,5,0.1858,3078.6954,3,0.192,0.2868,5,0.0835,8.3925,1,0.0677,16.9017,1,0.067,71.4068,1,0.0677,0.7993,1,0.067,0.4479,1,0.067,775.3276,5,0.0677,,,0.0,0.8296,1,0.067,0.8582,1,0.0677
2,dimension_3d,prediction,transolver,deepjeb_3d_2d,L,vertical::disp_x,51.2594,0.5,3.7788,5,0.1308,3025.7775,2,0.1942,0.32,5,0.0745,0.0053,1,0.0654,0.011,2,0.0661,41.9531,1,0.0654,0.9718,2,0.0661,0.1527,2,0.0661,0.2646,3,0.0745,0.9941,2.0,0.0661,0.9293,1,0.0654,0.9625,1,0.0654
2,dimension_3d,prediction,regdgcnn,deepjeb_3d_2d,L,vertical::disp_y,59.7059,0.5,1.4418,1,0.1882,4637.4829,5,0.1053,0.2646,4,0.0698,0.0031,1,0.0668,0.0054,1,0.0668,63.7179,3,0.0786,0.9352,1,0.0668,0.2542,1,0.0668,0.0967,1,0.0668,0.9923,3.0,0.0786,0.8779,3,0.0786,0.8718,1,0.0668
2,dimension_3d,prediction,regdgcnn,deepjeb_3d_2d,L,vertical::disp_z,54.5908,0.5,1.4418,1,0.1399,4637.4829,5,0.1302,0.2646,4,0.0775,0.0105,3,0.0709,0.0183,1,0.0728,45.2425,3,0.0719,0.9745,1,0.0728,0.1284,1,0.0728,0.3535,2,0.0723,0.9923,3.0,0.0719,0.9137,3,0.0735,0.9572,3,0.0735
2,dimension_3d,prediction,regdgcnn,deepjeb_3d_2d,L,vertical::stress,57.4593,0.5,1.4418,1,0.1711,4637.4829,5,0.1385,0.2646,4,0.0727,26.1612,3,0.0718,43.0186,1,0.0765,65.8314,3,0.0765,0.7353,1,0.0765,0.4947,1,0.0765,1201.9139,3,0.0856,,,0.0,0.8585,3,0.0765,0.6806,3,0.0776
2,dimension_3d,prediction,regdgcnn,deepjeb_3d_2d,M,diagonal::disp_x,55.6305,0.5,1.4418,1,0.2078,2369.2793,5,0.0686,0.3009,5,0.0722,0.004,1,0.0686,0.0075,1,0.0686,53.2516,3,0.0771,0.8113,1,0.0686,0.347,1,0.0686,0.1273,3,0.0857,0.982,1.0,0.0686,0.903,3,0.0771,0.8389,1,0.0686
2,dimension_3d,prediction,regdgcnn,deepjeb_3d_2d,M,diagonal::disp_y,57.2805,0.5,1.4418,1,0.1663,2369.2793,5,0.0766,0.3009,5,0.0754,0.0032,1,0.0744,0.0058,1,0.0688,60.7888,3,0.0888,0.8901,1,0.0701,0.3315,1,0.0701,0.0884,1,0.0701,0.982,1.0,0.0766,0.8998,3,0.0918,0.845,1,0.0711
2,dimension_3d,prediction,transolver,deepjeb_3d_2d,M,diagonal::disp_z,59.3615,0.5,3.7788,5,0.1668,1671.8016,4,0.0727,0.2581,3,0.0705,0.0084,3,0.0705,0.0142,3,0.0705,36.4979,1,0.0824,0.9282,3,0.0705,0.1909,3,0.0705,0.1675,2,0.0768,0.9813,2.0,0.0727,0.9471,1,0.0824,0.9109,2,0.0937
2,dimension_3d,prediction,regdgcnn,deepjeb_3d_2d,M,diagonal::stress,63.1372,0.5,1.4418,1,0.1553,2369.2793,5,0.0867,0.3009,5,0.0847,17.2344,1,0.081,27.3695,1,0.0793,63.3333,3,0.113,0.6702,1,0.0793,0.4962,1,0.0793,762.472,1,0.0793,,,0.0,0.8743,1,0.081,0.6457,1,0.081
2,dimension_3d,prediction,regdgcnn,deepjeb_3d_2d,M,horizontal::disp_x,58.4412,0.5,1.4418,1,0.1318,2332.4042,5,0.1141,0.2623,4,0.0989,0.0082,1,0.0751,0.0165,2,0.077,43.7511,3,0.0698,0.9527,2,0.077,0.1782,2,0.077,0.3564,3,0.069,0.9867,3.0,0.0698,0.9261,2,0.0706,0.9564,3,0.0698
2,dimension_3d,prediction,regdgcnn,deepjeb_3d_2d,M,horizontal::disp_y,58.8146,0.5,1.4418,1,0.1899,2332.4042,5,0.0955,0.2623,4,0.0851,0.0021,1,0.0652,0.0034,1,0.0669,69.8803,3,0.0719,0.8039,1,0.0669,0.44,1,0.0669,0.082,3,0.0887,0.9867,3.0,0.0719,0.8668,2,0.0655,0.7379,2,0.0655
2,dimension_3d,prediction,regdgcnn,deepjeb_3d_2d,M,horizontal::disp_z,56.3148,0.5,1.4418,1,0.1454,2332.4042,5,0.1418,0.2623,4,0.1157,0.0082,2,0.0683,0.0149,2,0.0683,50.5184,3,0.0659,0.963,2,0.0683,0.1792,2,0.0683,0.2896,3,0.0644,0.9867,3.0,0.0644,0.8987,3,0.0644,0.9396,3,0.0644
2,dimension_3d,prediction,regdgcnn,deepjeb_3d_2d,M,horizontal::stress,60.8116,0.5,1.4418,1,0.2194,2332.4042,5,0.0903,0.2623,4,0.0853,25.6554,2,0.0714,42.7655,1,0.0698,71.9416,2,0.0714,0.6587,1,0.0698,0.5755,1,0.0698,1139.5491,2,0.1097,,,0.0,0.8407,2,0.0714,0.5907,2,0.0714
2,dimension_3d,prediction,transolver,deepjeb_3d_2d,M,mode_shape_1::mode_x,62.1184,0.5,3.7785,5,0.0888,781.298,3,0.0968,0.2303,3,0.0968,259.4166,3,0.0669,358.1053,3,0.0669,175.2498,3,0.0677,-0.0045,3,0.0669,1.0022,3,0.0669,4698.6348,4,0.0704,0.16,2.0,0.0874,0.5011,1,0.0985,0.402,1,0.126
2,dimension_3d,prediction,transolver,deepjeb_3d_2d,M,mode_shape_1::mode_y,59.7487,0.5,3.7785,5,0.0759,781.298,3,0.1231,0.2303,3,0.1231,374.2743,2,0.0637,552.377,2,0.0637,188.2498,4,0.0637,-0.001,2,0.0637,1.0005,2,0.0637,7199.1567,2,0.0637,0.16,2.0,0.0739,0.4963,4,0.072,0.2835,2,0.1498
2,dimension_3d,prediction,pointnet,deepjeb_3d_2d,M,mode_shape_1::mode_z,63.4996,0.5,3.6681,4,0.0634,695.3828,2,0.1738,0.1946,2,0.1738,641.7139,1,0.0559,793.8552,1,0.0559,194.683,5,0.0559,-0.0003,1,0.0559,1.0001,1,0.0559,5283.9614,1,0.0559,0.0111,5.0,0.0602,0.5028,2,0.0634,0.4278,2,0.1303
2,dimension_3d,prediction,transolver,deepjeb_3d_2d,M,mode_shape_2::mode_x,55.1881,0.5,3.7785,5,0.072,896.788,4,0.0948,0.2156,3,0.1102,248.4709,2,0.0675,327.4484,2,0.0675,191.0969,4,0.0675,-0.0003,2,0.0675,1.0002,2,0.0675,3809.0811,4,0.1256,0.0016,4.0,0.0794,0.4997,4,0.0931,0.1596,3,0.0871
2,dimension_3d,prediction,pointnet,deepjeb_3d_2d,M,mode_shape_2::mode_y,59.25,0.5,3.6681,4,0.063,785.0282,2,0.1277,0.1941,2,0.1132,262.8158,1,0.0593,454.8585,1,0.0593,197.5689,5,0.0593,0.0,1,0.0593,1.0,1,0.0593,10476.9082,1,0.063,0.001,5.0,0.0701,0.5034,2,0.1606,0.185,2,0.1059
2,dimension_3d,prediction,transolver_pp,deepjeb_3d_2d,M,mode_shape_2::mode_z,63.4436,0.5,1.741,3,0.0701,924.3811,5,0.1402,0.2636,5,0.123,674.1398,3,0.0677,904.4893,3,0.0677,184.116,4,0.0815,-0.001,3,0.0677,1.0005,3,0.0677,5273.877,3,0.0701,0.1877,1.0,0.0735,0.5018,4,0.0648,0.4604,1,0.1058
2,dimension_3d,prediction,regdgcnn,deepjeb_3d_2d,M,torsion::disp_x,53.7943,0.5,1.4418,1,0.1668,2239.7368,5,0.1326,0.2563,4,0.0797,0.0015,1,0.0654,0.0033,3,0.0684,46.6074,1,0.067,0.9655,3,0.0665,0.1858,3,0.0665,0.0859,3,0.0742,0.977,2.0,0.0657,0.9288,1,0.067,0.9514,2,0.0801
2,dimension_3d,prediction,regdgcnn,deepjeb_3d_2d,M,torsion::disp_y,59.3066,0.5,1.4418,1,0.1907,2239.7368,5,0.1015,0.2563,4,0.0688,0.0013,1,0.0652,0.0028,2,0.065,77.2301,2,0.0898,0.9488,2,0.0622,0.2257,2,0.0622,0.0944,2,0.0688,0.977,2.0,0.072,0.836,2,0.0898,0.8343,1,0.0642
2,dimension_3d,prediction,regdgcnn,deepjeb_3d_2d,M,torsion::disp_z,51.4369,0.5,1.4418,1,0.1674,2239.7368,5,0.1568,0.2563,4,0.0749,0.0015,1,0.0686,0.0028,2,0.0667,60.8732,2,0.0637,0.9395,3,0.069,0.2459,3,0.069,0.054,3,0.0675,0.977,2.0,0.0664,0.8935,2,0.0637,0.8709,2,0.0664
2,dimension_3d,prediction,regdgcnn,deepjeb_3d_2d,M,torsion::stress,54.9184,0.5,1.4418,1,0.1678,2239.7368,5,0.1321,0.2563,4,0.0913,9.9089,1,0.0714,17.9429,1,0.0714,84.3131,1,0.0714,0.7739,1,0.0714,0.4755,1,0.0714,714.2985,3,0.0913,,,0.0,0.8053,1,0.0828,0.8062,2,0.0776
2,dimension_3d,prediction,regdgcnn,deepjeb_3d_2d,M,vertical::disp_x,53.5485,0.5,1.4418,1,0.1185,2347.7989,5,0.1879,0.2682,4,0.0982,0.0071,2,0.071,0.0131,2,0.0671,55.1418,3,0.0625,0.9602,2,0.071,0.1812,2,0.071,0.2834,3,0.0625,0.9885,3.0,0.0651,0.8938,3,0.0625,0.9419,3,0.0625
2,dimension_3d,prediction,regdgcnn,deepjeb_3d_2d,M,vertical::disp_y,59.1794,0.5,1.4418,1,0.1441,2347.7989,5,0.1142,0.2682,4,0.0818,0.0036,1,0.0688,0.0065,1,0.0688,69.2083,3,0.0766,0.9057,1,0.0688,0.3067,1,0.0688,0.1178,1,0.0729,0.9885,3.0,0.0917,0.8611,3,0.0766,0.8515,1,0.0672
2,dimension_3d,prediction,regdgcnn,deepjeb_3d_2d,M,vertical::disp_z,56.2374,0.5,1.4418,1,0.125,2347.7989,5,0.1528,0.2682,4,0.1123,0.0122,2,0.0679,0.0202,1,0.0671,52.7706,3,0.0671,0.9689,1,0.0671,0.1416,1,0.0671,0.3881,3,0.0705,0.9885,3.0,0.0671,0.8861,3,0.0671,0.9505,3,0.0688
2,dimension_3d,prediction,regdgcnn,deepjeb_3d_2d,M,vertical::stress,56.8708,0.5,1.4418,1,0.1288,2347.7989,5,0.1553,0.2682,4,0.1211,28.7323,1,0.0704,45.8368,1,0.0704,72.5063,2,0.0841,0.6995,1,0.0704,0.5271,1,0.0704,1178.682,2,0.0865,,,0.0,0.8383,1,0.0704,0.6451,1,0.0721
2,dimension_3d,prediction,regdgcnn,deepjeb_3d_2d,S,diagonal::disp_x,69.069,0.5,1.4418,1,0.2054,983.5402,5,0.0749,0.2652,4,0.1137,0.0049,1,0.065,0.009,1,0.065,58.5747,2,0.0663,0.7273,1,0.065,0.4172,1,0.065,0.1407,3,0.0749,0.9731,1.0,0.065,0.885,3,0.0749,0.8081,1,0.065
2,dimension_3d,prediction,regdgcnn,deepjeb_3d_2d,S,diagonal::disp_y,73.1042,0.5,1.4418,1,0.1828,983.5402,5,0.0831,0.2652,4,0.1523,0.004,1,0.0633,0.0076,1,0.0633,67.2089,1,0.0633,0.8074,1,0.0633,0.4388,1,0.0633,0.1344,2,0.0719,0.9731,1.0,0.0666,0.8908,1,0.0633,0.7993,1,0.0633
2,dimension_3d,prediction,regdgcnn,deepjeb_3d_2d,S,diagonal::disp_z,70.338,0.5,1.4418,1,0.2738,983.5402,5,0.0677,0.2652,4,0.1086,0.0099,1,0.0605,0.0168,1,0.0605,41.7256,1,0.0605,0.8999,1,0.0605,0.2254,1,0.0605,0.1951,1,0.0605,0.9731,1.0,0.0605,0.9384,1,0.0605,0.895,2,0.0656
2,dimension_3d,prediction,regdgcnn,deepjeb_3d_2d,S,diagonal::stress,71.308,0.5,1.4418,1,0.2404,983.5402,5,0.0791,0.2652,4,0.1276,19.0642,1,0.0679,29.5971,1,0.0679,68.6505,1,0.0679,0.6143,1,0.0679,0.5366,1,0.0679,756.0582,1,0.071,,,0.0,0.8635,1,0.071,0.6109,1,0.071
2,dimension_3d,prediction,transolver_pp,deepjeb_3d_2d,S,horizontal::disp_x,62.9376,0.5,1.7412,3,0.2068,671.8343,2,0.0735,0.261,3,0.0669,0.0124,3,0.0669,0.023,3,0.0669,53.6404,3,0.0669,0.908,3,0.0669,0.2485,3,0.0669,0.3533,2,0.0779,0.9825,2.0,0.0779,0.8992,4,0.0959,0.9563,3,0.0669
2,dimension_3d,prediction,regdgcnn,deepjeb_3d_2d,S,horizontal::disp_y,63.7044,0.5,1.4418,1,0.1243,974.5064,5,0.1102,0.2761,4,0.086,0.0026,1,0.0701,0.0041,1,0.0708,80.1222,1,0.0708,0.7206,1,0.0708,0.5253,1,0.0708,0.0797,3,0.0917,0.9816,3.0,0.093,0.8363,1,0.0708,0.6779,1,0.0708
2,dimension_3d,prediction,regdgcnn,deepjeb_3d_2d,S,horizontal::disp_z,63.9408,0.5,1.4418,1,0.1221,974.5064,5,0.103,0.2761,4,0.0741,0.011,1,0.0795,0.0209,1,0.0795,57.7081,3,0.0814,0.9266,1,0.0795,0.2523,1,0.0795,0.3572,2,0.0741,0.9816,3.0,0.0758,0.8836,3,0.0758,0.9399,3,0.0758
2,dimension_3d,prediction,regdgcnn,deepjeb_3d_2d,S,horizontal::stress,63.1599,0.5,1.4418,1,0.1512,974.5064,5,0.1204,0.2761,4,0.0987,29.4711,1,0.0764,47.0767,1,0.0764,78.3834,1,0.0789,0.5864,1,0.0764,0.6335,1,0.0764,1142.8663,2,0.0899,,,0.0,0.8188,1,0.0764,0.5201,1,0.0789
2,dimension_3d,prediction,pointnet,deepjeb_3d_2d,S,mode_shape_1::mode_x,58.3499,0.5,3.6681,4,0.0715,201.3444,2,0.0961,0.1882,2,0.1227,259.285,1,0.0686,357.8604,1,0.0686,174.3186,5,0.0686,-0.0031,1,0.0686,1.0015,1,0.0686,4692.4209,4,0.0961,0.0116,3.0,0.084,0.5005,1,0.0722,0.1658,4,0.1145
2,dimension_3d,prediction,transolver,deepjeb_3d_2d,S,mode_shape_1::mode_y,51.0617,0.5,3.7785,5,0.0677,335.7921,3,0.1252,0.2188,3,0.1415,374.2755,3,0.0646,552.2991,3,0.0646,185.2464,3,0.0626,-0.0007,3,0.0646,1.0003,2,0.0621,7212.4839,2,0.0743,0.0038,5.0,0.0673,0.4978,4,0.1223,0.1618,4,0.0832
2,dimension_3d,prediction,transolver_pp,deepjeb_3d_2d,S,mode_shape_1::mode_z,46.4079,0.5,1.741,3,0.0666,360.7683,4,0.1377,0.2398,5,0.1609,643.3359,3,0.0666,795.3329,3,0.0666,174.8359,3,0.0666,-0.0041,3,0.0666,1.002,3,0.0666,5229.3188,1,0.0778,0.0068,4.0,0.0692,0.4972,2,0.0758,0.0316,5,0.0788
2,dimension_3d,prediction,geofno,deepjeb_3d_2d,S,mode_shape_2::mode_x,57.6009,0.5,1.5457,2,0.0822,197.6788,1,0.1289,0.1869,1,0.1289,264.1469,4,0.0653,346.8928,4,0.0653,154.5308,3,0.0645,-0.1226,4,0.0653,1.0595,4,0.0653,3917.842,3,0.0973,0.1784,4.0,0.0734,0.5012,3,0.09,0.1249,4,0.0734
2,dimension_3d,prediction,pointnet,deepjeb_3d_2d,S,mode_shape_2::mode_y,62.4264,0.5,3.6681,4,0.0753,201.9775,2,0.1213,0.1934,2,0.1213,263.1556,1,0.0633,454.9828,1,0.0633,178.5983,5,0.0633,-0.0006,1,0.0633,1.0003,1,0.0633,10489.2734,1,0.112,0.0015,5.0,0.0753,0.4966,4,0.0891,0.0946,5,0.0891
2,dimension_3d,prediction,geofno,deepjeb_3d_2d,S,mode_shape_2::mode_z,58.9894,0.5,1.5457,2,0.0853,197.6788,1,0.1168,0.1869,1,0.1168,721.3329,4,0.0698,959.0608,4,0.0698,152.2368,3,0.0689,-0.1254,4,0.0698,1.0608,4,0.0698,6456.9395,4,0.068,0.1784,4.0,0.0881,0.5055,1,0.112,0.2434,4,0.0648
2,dimension_3d,prediction,regdgcnn,deepjeb_3d_2d,S,torsion::disp_x,61.5375,0.5,1.4418,1,0.1859,908.8806,5,0.0816,0.2564,5,0.1217,0.0018,1,0.0663,0.0037,1,0.0663,52.6514,1,0.0663,0.9562,1,0.0663,0.2092,1,0.0663,0.079,2,0.0735,0.9663,1.0,0.0663,0.9204,1,0.0663,0.9453,2,0.0735
2,dimension_3d,prediction,regdgcnn,deepjeb_3d_2d,S,torsion::disp_y,59.2172,0.5,1.4418,1,0.1902,908.8806,5,0.0836,0.2564,5,0.1458,0.0017,2,0.0645,0.0034,2,0.063,89.0102,3,0.0681,0.9257,2,0.063,0.2717,2,0.063,0.0931,2,0.0617,0.9663,1.0,0.0662,0.8046,3,0.0681,0.7797,2,0.063
2,dimension_3d,prediction,regdgcnn,deepjeb_3d_2d,S,torsion::disp_z,61.0563,0.5,1.4418,1,0.183,908.8806,5,0.0847,0.2564,5,0.1267,0.0018,1,0.0677,0.0032,1,0.0661,66.6519,1,0.0661,0.9243,1,0.0661,0.275,1,0.0661,0.0544,2,0.0753,0.9663,1.0,0.0661,0.8809,1,0.0661,0.8532,1,0.0661
2,dimension_3d,prediction,regdgcnn,deepjeb_3d_2d,S,torsion::stress,73.6375,0.5,1.4418,1,0.1889,908.8806,5,0.0903,0.2564,5,0.1247,11.0013,1,0.0693,19.5217,1,0.0693,91.2197,1,0.0693,0.7323,1,0.0693,0.5174,1,0.0693,655.5378,3,0.1113,,,0.0,0.7773,1,0.0693,0.7841,1,0.0693
2,dimension_3d,prediction,regdgcnn,deepjeb_3d_2d,S,vertical::disp_x,63.3288,0.5,1.4418,1,0.2039,954.5219,5,0.0767,0.2659,4,0.0737,0.0093,1,0.0669,0.0175,1,0.0669,62.3082,2,0.0659,0.9289,1,0.0669,0.2424,1,0.0669,0.3783,2,0.0659,0.9846,1.0,0.0691,0.8776,3,0.0876,0.9332,3,0.0899
2,dimension_3d,prediction,regdgcnn,deepjeb_3d_2d,S,vertical::disp_y,63.624,0.5,1.4418,1,0.2029,954.5219,5,0.083,0.2659,4,0.0846,0.0044,1,0.0679,0.0083,1,0.0679,76.9098,2,0.0734,0.8484,1,0.0679,0.3889,1,0.0679,0.152,1,0.0679,0.9846,1.0,0.073,0.8467,2,0.0734,0.804,1,0.07
2,dimension_3d,prediction,regdgcnn,deepjeb_3d_2d,S,vertical::disp_z,63.2449,0.5,1.4418,1,0.2003,954.5219,5,0.0782,0.2659,4,0.0744,0.016,1,0.0691,0.0281,1,0.0691,59.31,3,0.0769,0.9399,1,0.0691,0.197,1,0.0691,0.4983,2,0.0674,0.9846,1.0,0.0721,0.8639,3,0.0769,0.949,2,0.0774
2,dimension_3d,prediction,regdgcnn,deepjeb_3d_2d,S,vertical::stress,63.7614,0.5,1.4418,1,0.1863,954.5219,5,0.0931,0.2659,4,0.0986,32.0051,1,0.0729,49.8345,1,0.0729,78.4911,1,0.0729,0.6448,1,0.0729,0.573,1,0.0729,1424.3959,2,0.1118,,,0.0,0.8195,1,0.0729,0.6082,1,0.0729
2,dimension_3d,prediction,regdgcnn,deepjeb_3d_2d,XL,diagonal::disp_x,54.4119,0.5,1.4418,1,0.1263,9206.6253,5,0.1753,0.2627,4,0.1292,0.003,2,0.065,0.006,2,0.065,45.4526,3,0.0595,0.8789,2,0.0659,0.278,2,0.0659,0.1128,4,0.0694,0.9894,3.0,0.0595,0.922,3,0.0595,0.8703,3,0.0595
2,dimension_3d,prediction,regdgcnn,deepjeb_3d_2d,XL,diagonal::disp_y,56.6591,0.5,1.4418,1,0.1345,9206.6253,5,0.1601,0.2627,4,0.0924,0.0024,3,0.0636,0.0042,3,0.0689,51.5575,3,0.0671,0.9411,3,0.0679,0.2427,3,0.0679,0.0877,1,0.0799,0.9894,3.0,0.0671,0.9168,3,0.0671,0.8832,3,0.0635
2,dimension_3d,prediction,regdgcnn,deepjeb_3d_2d,XL,diagonal::disp_z,54.4078,0.5,1.4418,1,0.1417,9206.6253,5,0.1771,0.2627,4,0.0977,0.0062,3,0.0633,0.0104,3,0.0633,33.7536,3,0.0642,0.9618,3,0.0628,0.1393,3,0.0628,0.1461,2,0.0744,0.9894,3.0,0.0642,0.9446,3,0.0642,0.9143,3,0.0642
2,dimension_3d,prediction,transolver_pp,deepjeb_3d_2d,XL,diagonal::stress,60.8627,0.5,1.7412,3,0.1331,6214.6045,3,0.1445,0.2458,2,0.1234,13.5126,1,0.0674,23.5366,1,0.0693,47.8205,2,0.0666,0.7561,1,0.0693,0.4267,1,0.0693,783.6657,3,0.1204,,,0.0,0.9098,1,0.0674,0.7329,1,0.0693
2,dimension_3d,prediction,transolver,deepjeb_3d_2d,XL,horizontal::disp_x,53.5835,0.5,3.7788,5,0.1449,6236.7106,3,0.1656,0.3807,5,0.0982,0.005,2,0.0637,0.0114,2,0.0682,27.9396,1,0.0623,0.9774,2,0.0682,0.1233,2,0.0682,0.3515,3,0.0724,0.9951,2.0,0.0637,0.9573,1,0.0623,0.9792,1,0.0623
2,dimension_3d,prediction,regdgcnn,deepjeb_3d_2d,XL,horizontal::disp_y,50.915,0.5,1.4418,1,0.164,9209.5524,5,0.1469,0.2629,4,0.0978,0.0017,3,0.0634,0.0029,3,0.0634,60.8926,3,0.0654,0.8648,3,0.0654,0.3653,3,0.0654,0.0679,1,0.0785,0.992,3.0,0.064,0.8896,3,0.0618,0.7838,3,0.064
2,dimension_3d,prediction,transolver,deepjeb_3d_2d,XL,horizontal::disp_z,48.2034,0.5,3.7788,5,0.1637,6236.7106,3,0.1637,0.3807,5,0.1091,0.0054,2,0.0633,0.0111,2,0.0633,34.0709,2,0.0605,0.9795,2,0.0633,0.1333,2,0.0633,0.2806,3,0.0671,0.9951,2.0,0.0605,0.9411,2,0.0605,0.9702,1,0.0618
2,dimension_3d,prediction,geofno,deepjeb_3d_2d,XL,horizontal::stress,50.0122,0.5,1.5458,2,0.1657,3515.6181,1,0.1707,0.2198,1,0.115,31.0035,4,0.0663,48.7266,4,0.0713,81.6567,4,0.0663,0.5569,4,0.0713,0.6557,4,0.0713,1167.6985,3,0.0696,,,0.0,0.8024,4,0.0663,0.5028,4,0.0663
2,dimension_3d,prediction,pointnet,deepjeb_3d_2d,XL,mode_shape_1::mode_x,63.2862,0.5,3.6681,4,0.0669,3475.1267,3,0.0708,0.2199,2,0.0977,258.7942,2,0.0784,357.3304,3,0.073,195.4221,4,0.0669,-0.0001,1,0.0653,1.0,1,0.0653,4678.6699,2,0.0669,0.0091,4.0,0.0669,0.5036,1,0.2152,0.0998,4,0.0669
2,dimension_3d,prediction,pointnet,deepjeb_3d_2d,XL,mode_shape_1::mode_y,68.6248,0.5,3.6681,4,0.0686,3475.1267,3,0.0785,0.2199,2,0.1216,374.0271,1,0.0752,552.0527,1,0.0854,194.8739,4,0.0686,0.0002,1,0.0843,0.9999,1,0.0689,7204.3501,1,0.0752,0.0091,4.0,0.0686,0.5042,2,0.0886,0.2306,2,0.1163
2,dimension_3d,prediction,transolver_pp,deepjeb_3d_2d,XL,mode_shape_1::mode_z,60.9209,0.5,1.741,3,0.0626,4351.5649,4,0.0663,0.2369,4,0.0877,641.7674,3,0.0626,793.9698,3,0.0626,193.7913,5,0.0739,-0.0006,3,0.0626,1.0003,3,0.0661,5291.1831,3,0.0703,0.0119,3.0,0.0626,0.5028,4,0.1903,0.2571,3,0.1325
2,dimension_3d,prediction,pointnet,deepjeb_3d_2d,XL,mode_shape_2::mode_x,64.5524,0.5,3.6681,4,0.06,2703.265,2,0.1936,0.1904,2,0.117,248.43,1,0.0647,327.4006,1,0.0647,197.3876,5,0.0647,0.0,1,0.0607,1.0,1,0.0641,3799.6399,2,0.0862,0.0009,4.0,0.0696,0.4999,2,0.06,0.1069,3,0.0947
2,dimension_3d,prediction,transolver_pp,deepjeb_3d_2d,XL,mode_shape_2::mode_y,66.3469,0.5,1.741,3,0.0618,3790.9378,3,0.1298,0.2372,4,0.1128,262.904,3,0.0629,454.8743,2,0.068,189.194,4,0.068,-0.0001,2,0.0637,1.0,1,0.063,10487.4746,4,0.0863,0.0058,2.0,0.0702,0.498,3,0.1505,0.1209,3,0.0629
2,dimension_3d,prediction,pointnet,deepjeb_3d_2d,XL,mode_shape_2::mode_z,55.393,0.5,3.6681,4,0.0598,2703.265,2,0.1367,0.1904,2,0.0992,673.872,3,0.0719,904.0632,1,0.0628,196.5469,5,0.0628,0.0,1,0.0617,1.0,1,0.0617,5247.791,1,0.0689,0.0009,4.0,0.0724,0.4957,5,0.1331,0.1395,3,0.109
2,dimension_3d,prediction,transolver,deepjeb_3d_2d,XL,torsion::disp_x,56.7767,0.5,3.7788,5,0.1228,6002.8324,3,0.1677,0.3578,5,0.0809,0.001,1,0.0681,0.0022,1,0.0681,35.1759,1,0.0681,0.984,1,0.0681,0.1266,1,0.0681,0.0667,2,0.0839,0.9897,1.0,0.0681,0.9468,1,0.0681,0.9681,1,0.0681
2,dimension_3d,prediction,transolver,deepjeb_3d_2d,XL,torsion::disp_y,52.3573,0.5,3.7788,5,0.1364,6002.8324,3,0.1791,0.3578,5,0.0971,0.0009,1,0.0633,0.002,1,0.0633,57.9934,1,0.0635,0.9744,2,0.0664,0.1596,2,0.0664,0.0857,3,0.0782,0.9897,1.0,0.0621,0.8914,1,0.0621,0.8861,1,0.0621
2,dimension_3d,prediction,transolver,deepjeb_3d_2d,XL,torsion::disp_z,56.4778,0.5,3.7788,5,0.132,6002.8324,3,0.1863,0.3578,5,0.0834,0.0009,1,0.0674,0.0018,1,0.0674,43.8946,1,0.0674,0.976,1,0.0674,0.155,1,0.0674,0.0367,1,0.0674,0.9897,1.0,0.0646,0.9287,1,0.0646,0.9197,1,0.0646
2,dimension_3d,prediction,transolver,deepjeb_3d_2d,XL,torsion::stress,53.3534,0.5,3.7788,5,0.1314,6002.8324,3,0.1862,0.3578,5,0.0871,7.3141,1,0.0729,15.6076,1,0.0729,61.6247,1,0.0828,0.8289,1,0.0729,0.4136,1,0.0729,752.9004,5,0.0753,,,0.0,0.865,1,0.0729,0.8734,1,0.0729
2,dimension_3d,prediction,regdgcnn,deepjeb_3d_2d,XL,vertical::disp_x,53.5445,0.5,1.4418,1,0.1277,9232.9345,5,0.1703,0.2677,2,0.0757,0.0053,3,0.0666,0.0096,2,0.0721,46.1826,3,0.0666,0.9784,2,0.0721,0.1335,2,0.0721,0.2037,1,0.0766,0.994,3.0,0.0666,0.9159,3,0.0666,0.9586,3,0.0666
2,dimension_3d,prediction,transolver,deepjeb_3d_2d,XL,vertical::disp_y,50.2454,0.5,3.7788,5,0.1222,6277.3872,3,0.1797,0.481,5,0.0745,0.0024,1,0.0636,0.0047,1,0.0727,48.9629,1,0.0636,0.9507,1,0.0727,0.2218,1,0.0727,0.1108,3,0.0873,0.9966,1.0,0.0636,0.9141,1,0.0636,0.9068,1,0.0636
2,dimension_3d,prediction,regdgcnn,deepjeb_3d_2d,XL,vertical::disp_z,54.8672,0.5,1.4418,1,0.1305,9232.9345,5,0.178,0.2677,2,0.0726,0.0095,3,0.0639,0.016,2,0.0739,41.7116,3,0.0649,0.9805,2,0.0739,0.1121,2,0.0739,0.3097,2,0.0722,0.994,3.0,0.0649,0.9246,3,0.0663,0.9631,3,0.0649
2,dimension_3d,prediction,regdgcnn,deepjeb_3d_2d,XL,vertical::stress,57.0473,0.5,1.4418,1,0.113,9232.9345,5,0.2147,0.2677,2,0.0767,24.5217,3,0.07,40.8208,3,0.07,62.4771,3,0.07,0.7617,3,0.07,0.4694,3,0.07,1132.7605,1,0.1056,,,0.0,0.8676,3,0.07,0.7057,3,0.07
2,dimension_3d,prediction,transolver,drivaernet_3d_2d,L,body_pressure::body_pressure,79.0605,0.4667,3.7775,5,0.2382,1992.5463,4,0.0839,0.0738,1,0.1033,14.9423,2,0.0674,27.954,2,0.0679,20.5115,2,0.0674,0.9415,2,0.0679,0.1876,2,0.0679,9449.5488,3,0.0831,,,0.0,0.9675,3,0.0839,0.7858,3,0.069
2,dimension_3d,prediction,transolver,drivaernet_3d_2d,L,pressure::pressure,54.5783,0.5,3.778,5,0.2209,416.8832,4,0.106,0.8225,3,0.0741,13.7398,3,0.0746,24.6256,3,0.0723,35.6441,3,0.0746,0.962,3,0.0723,0.1882,3,0.0723,1127.2322,5,0.0829,,,0.0,0.9473,3,0.0755,0.8829,3,0.0746
2,dimension_3d,prediction,transolver_pp,drivaernet_3d_2d,L,pv_coupled::pressure,59.7538,0.5,1.7412,3,0.1942,323.3253,4,0.0733,0.9228,6,0.1592,16.0591,3,0.0688,26.7295,4,0.0677,39.5632,2,0.0638,0.9552,4,0.0677,0.2043,4,0.0677,923.9567,2,0.0925,,,0.0,0.9446,1,0.0746,0.8634,3,0.0704
2,dimension_3d,prediction,regdgcnn,drivaernet_3d_2d,L,pv_coupled::velocity_x,54.5498,0.5,1.4418,1,0.2106,1587.555,6,0.056,0.8782,5,0.1731,2.0318,1,0.0496,3.3244,1,0.0496,31.7029,1,0.0496,0.9395,1,0.0496,0.1431,1,0.0496,43.1645,3,0.1623,0.9728,1.0,0.0496,0.9354,1,0.0496,0.8696,2,0.0506
2,dimension_3d,prediction,regdgcnn,drivaernet_3d_2d,L,pv_coupled::velocity_y,55.0314,0.5,1.4418,1,0.104,1587.555,6,0.0834,0.8782,5,0.1768,0.8126,4,0.0636,1.5015,4,0.0627,99.2085,2,0.0631,0.2983,4,0.0627,0.8327,4,0.0627,17.3625,2,0.1263,0.9728,1.0,0.0707,0.7341,3,0.0589,0.4448,3,0.065
2,dimension_3d,prediction,transolver_pp,drivaernet_3d_2d,L,pv_coupled::velocity_z,71.3923,0.5,1.7412,3,0.2158,323.3253,4,0.0714,0.9228,6,0.1114,0.942,2,0.0604,1.6232,3,0.0642,59.7587,1,0.0667,0.8838,3,0.0642,0.3337,3,0.0642,28.5381,3,0.0676,0.9656,4.0,0.0699,0.8647,1,0.0667,0.8431,2,0.0774
2,dimension_3d,prediction,transolver_pp,drivaernet_3d_2d,L,velocity::velocity_x,99.8929,0.5,1.741,3,0.2668,325.515,3,0.068,0.9217,5,0.0721,2.374,3,0.0617,3.8123,4,0.0613,33.9742,3,0.0617,0.9204,4,0.0613,0.1642,4,0.0613,42.7843,4,0.097,0.9663,3.0,0.0617,0.9301,3,0.0617,0.8336,4,0.0655
2,dimension_3d,prediction,transolver_pp,drivaernet_3d_2d,L,velocity::velocity_y,64.0153,0.5,1.741,3,0.1377,325.515,3,0.0826,0.9217,5,0.0771,0.8206,4,0.0754,1.475,2,0.0754,103.8148,3,0.0776,0.3229,2,0.0754,0.818,2,0.0754,18.2648,5,0.1023,0.9663,3.0,0.0703,0.7591,1,0.0807,0.4469,3,0.0703
2,dimension_3d,prediction,transolver_pp,drivaernet_3d_2d,L,velocity::velocity_z,71.1807,0.5,1.741,3,0.2392,325.515,3,0.0825,0.9217,5,0.0723,0.9593,2,0.0647,1.6439,3,0.0658,61.1102,1,0.0706,0.8808,3,0.0658,0.338,3,0.0658,30.0841,3,0.0719,0.9663,3.0,0.0658,0.8623,2,0.0647,0.8376,1,0.0706
2,dimension_3d,prediction,transolver,drivaernet_3d_2d,M,body_pressure::body_pressure,94.7939,0.4667,3.7775,5,0.1939,1142.0313,3,0.1003,0.0774,2,0.1348,15.9571,1,0.069,29.9952,1,0.069,21.7378,1,0.069,0.9327,1,0.069,0.2013,1,0.069,9206.4912,1,0.0805,,,0.0,0.9679,2,0.0735,0.7838,2,0.0719
2,dimension_3d,prediction,transolver_pp,drivaernet_3d_2d,M,pressure::pressure,70.6507,0.5,1.7405,3,0.2951,217.5731,3,0.0807,0.9447,6,0.1046,14.8253,3,0.064,24.553,3,0.064,39.5636,3,0.064,0.9622,3,0.064,0.1876,3,0.064,890.5306,1,0.0704,,,0.0,0.9374,3,0.0632,0.8797,2,0.0661
2,dimension_3d,prediction,transolver_pp,drivaernet_3d_2d,M,pv_coupled::pressure,64.755,0.5,1.7412,3,0.246,207.2742,4,0.0898,0.9213,6,0.1134,16.4837,1,0.0642,27.7642,1,0.0642,40.7959,1,0.0642,0.9517,1,0.0642,0.2122,1,0.0642,983.707,4,0.1013,,,0.0,0.9387,1,0.0642,0.8623,1,0.0642
2,dimension_3d,prediction,regdgcnn,drivaernet_3d_2d,M,pv_coupled::velocity_x,58.5647,0.5,1.4418,1,0.1516,825.3161,6,0.0684,0.8788,5,0.1202,2.2816,1,0.064,3.6557,1,0.0661,33.8292,2,0.0684,0.9268,1,0.0661,0.1574,1,0.0661,44.2696,4,0.1369,0.9683,1.0,0.0661,0.931,1,0.0644,0.8582,1,0.0616
2,dimension_3d,prediction,transolver_pp,drivaernet_3d_2d,M,pv_coupled::velocity_y,50.7475,0.5,1.7412,3,0.1334,207.2742,4,0.0723,0.9213,6,0.1821,0.8436,4,0.0599,1.5227,4,0.0599,107.8704,4,0.0667,0.2783,4,0.0599,0.8444,4,0.0599,16.9682,1,0.1101,0.9642,4.0,0.0653,0.7079,4,0.0667,0.4248,4,0.0636
2,dimension_3d,prediction,transolver_pp,drivaernet_3d_2d,M,pv_coupled::velocity_z,61.2003,0.5,1.7412,3,0.1544,207.2742,4,0.0767,0.9213,6,0.1123,0.9778,1,0.0674,1.665,2,0.0654,60.9579,1,0.0674,0.8777,2,0.0654,0.3423,2,0.0654,28.5324,3,0.1039,0.9642,4.0,0.0806,0.859,2,0.0654,0.8477,1,0.0756
2,dimension_3d,prediction,transolver,drivaernet_3d_2d,M,velocity::velocity_x,99.9399,0.5,3.7785,5,0.1911,260.9036,4,0.0672,0.8271,3,0.0849,2.4732,3,0.0672,3.895,3,0.0672,34.7264,3,0.0672,0.9169,3,0.0672,0.1677,3,0.0672,47.949,5,0.1112,0.9644,3.0,0.0672,0.9287,3,0.0707,0.8469,2,0.0715
2,dimension_3d,prediction,abupt,drivaernet_3d_2d,M,velocity::velocity_y,57.1962,0.5,8.7512,6,0.1201,827.4771,6,0.0692,0.8437,4,0.0767,0.8158,1,0.0689,1.4886,1,0.0679,105.1967,3,0.0767,0.3103,1,0.0679,0.8255,1,0.0679,17.707,2,0.0755,0.9666,1.0,0.0692,0.7339,3,0.1488,0.4222,4,0.0913
2,dimension_3d,prediction,transolver_pp,drivaernet_3d_2d,M,velocity::velocity_z,65.2596,0.5,1.741,3,0.1666,204.1287,3,0.0702,0.9212,5,0.0874,1.0366,2,0.0811,1.739,4,0.0702,65.9274,4,0.0753,0.8666,4,0.0702,0.3575,4,0.0702,31.5497,4,0.0748,0.9588,4.0,0.0702,0.8408,4,0.0827,0.8299,2,0.0811
2,dimension_3d,prediction,transolver,drivaernet_3d_2d,S,body_pressure::body_pressure,82.3564,0.4667,3.7775,5,0.201,498.9067,4,0.1,0.124,3,0.1179,19.8043,1,0.0701,35.6285,1,0.0701,26.0831,1,0.0701,0.905,1,0.0701,0.2391,1,0.0701,9309.915,1,0.0828,,,0.0,0.9652,2,0.0751,0.7719,1,0.0725
2,dimension_3d,prediction,regdgcnn,drivaernet_3d_2d,S,pressure::pressure,54.5342,0.5,1.4414,1,0.1524,350.0608,5,0.1313,0.918,6,0.0805,20.0545,1,0.076,32.8915,1,0.076,44.4229,1,0.0784,0.9322,1,0.076,0.2513,1,0.076,972.941,1,0.097,,,0.0,0.9333,1,0.0805,0.8118,1,0.076
2,dimension_3d,prediction,transolver_pp,drivaernet_3d_2d,S,pv_coupled::pressure,59.5203,0.5,1.7412,3,0.2371,111.159,1,0.0957,0.922,5,0.2055,24.931,3,0.0552,44.3754,3,0.0552,51.2884,3,0.0552,0.8765,3,0.0552,0.3391,3,0.0552,1230.3084,5,0.0752,,,0.0,0.9181,3,0.0552,0.7577,3,0.0552
2,dimension_3d,prediction,transolver_pp,drivaernet_3d_2d,S,pv_coupled::velocity_x,60.8936,0.5,1.7412,3,0.1843,111.159,1,0.0962,0.922,5,0.2057,3.2762,3,0.0563,5.2102,4,0.0546,39.0869,3,0.0563,0.8514,4,0.0546,0.2243,4,0.0546,48.7789,4,0.0686,0.9429,4.0,0.0546,0.9227,3,0.0563,0.7522,3,0.0578
2,dimension_3d,prediction,transolver,drivaernet_3d_2d,S,pv_coupled::velocity_y,54.6111,0.5,3.7788,5,0.0914,128.091,4,0.1413,0.8179,1,0.0896,0.8612,2,0.0642,1.5288,1,0.062,125.8289,4,0.0914,0.2725,1,0.062,0.8478,1,0.062,17.3868,1,0.0655,0.9606,1.0,0.0718,0.6144,6,0.1371,0.4194,1,0.062
2,dimension_3d,prediction,transolver_pp,drivaernet_3d_2d,S,pv_coupled::velocity_z,63.7593,0.5,1.7412,3,0.1896,111.159,1,0.1083,0.922,5,0.1784,1.2218,3,0.0576,1.9704,3,0.0576,70.8677,3,0.0558,0.8287,3,0.0576,0.4051,3,0.0576,32.4856,2,0.0603,0.9429,4.0,0.0572,0.8379,4,0.0572,0.7951,2,0.0628
2,dimension_3d,prediction,transolver_pp,drivaernet_3d_2d,S,velocity::velocity_x,58.7542,0.5,1.741,3,0.1417,110.9234,1,0.0976,0.9197,6,0.1072,3.5336,3,0.059,5.2983,4,0.0582,40.5511,3,0.0578,0.8463,4,0.0582,0.2281,4,0.0582,40.8237,3,0.1723,0.9407,3.0,0.059,0.923,3,0.0606,0.6787,4,0.0703
2,dimension_3d,prediction,transolver_pp,drivaernet_3d_2d,S,velocity::velocity_y,61.4845,0.5,1.741,3,0.086,110.9234,1,0.2027,0.9197,6,0.1135,0.8664,3,0.0583,1.562,3,0.0583,110.3839,3,0.0869,0.2406,3,0.0583,0.8662,3,0.0583,18.3403,3,0.0715,0.9407,3.0,0.0703,0.7245,1,0.0734,0.4004,2,0.0626
2,dimension_3d,prediction,transolver_pp,drivaernet_3d_2d,S,velocity::velocity_z,66.6278,0.5,1.741,3,0.1822,110.9234,1,0.1822,0.9197,6,0.0748,1.3047,2,0.0593,2.0607,2,0.0593,71.7609,2,0.0593,0.8127,2,0.0593,0.4236,2,0.0593,36.6997,2,0.0691,0.9407,3.0,0.0618,0.8379,2,0.0593,0.7756,3,0.0742
2,dimension_3d,prediction,regdgcnn,drivaernet_3d_2d,XL,body_pressure::body_pressure,66.2645,0.5,1.4414,1,0.2561,9159.019,6,0.0758,0.1373,5,0.1111,16.9301,3,0.0657,30.6434,3,0.0657,22.6951,3,0.0657,0.9298,3,0.0657,0.2056,3,0.0657,9411.1348,2,0.0721,,,0.0,0.968,2,0.0799,0.7875,3,0.0765
2,dimension_3d,prediction,regdgcnn,drivaernet_3d_2d,XL,pressure::pressure,63.893,0.5,1.4414,1,0.3356,3112.9572,6,0.1106,0.9233,4,0.0641,11.035,3,0.0609,17.56,3,0.0609,32.041,3,0.0609,0.9807,3,0.0609,0.1342,3,0.0609,989.2067,3,0.0621,,,0.0,0.9559,3,0.0621,0.9088,3,0.0609
2,dimension_3d,prediction,transolver_pp,drivaernet_3d_2d,XL,pv_coupled::pressure,53.9379,0.5,1.7412,3,0.1003,530.2068,4,0.0977,0.9212,6,0.2176,14.7906,4,0.0698,23.4345,4,0.0698,39.3761,4,0.0698,0.9656,4,0.0698,0.1791,4,0.0698,882.4178,2,0.0943,,,0.0,0.9427,4,0.0698,0.8834,3,0.0716
2,dimension_3d,prediction,transolver_pp,drivaernet_3d_2d,XL,pv_coupled::velocity_x,61.5885,0.5,1.7412,3,0.1759,530.2068,4,0.0638,0.9212,6,0.1397,2.1035,4,0.0605,3.4937,4,0.0605,32.576,4,0.0605,0.9332,4,0.0605,0.1504,4,0.0605,38.1537,1,0.096,0.9709,4.0,0.0625,0.9304,4,0.0605,0.883,2,0.099
2,dimension_3d,prediction,abupt,drivaernet_3d_2d,XL,pv_coupled::velocity_y,60.9558,0.5,8.7512,6,0.0973,2304.6267,5,0.0815,0.8362,3,0.1758,0.7702,1,0.0716,1.4305,1,0.0655,96.5118,1,0.0711,0.3631,1,0.0655,0.7933,1,0.0655,17.7927,4,0.0795,0.9758,1.0,0.0651,0.7507,3,0.0963,0.465,1,0.0655
2,dimension_3d,prediction,transolver_pp,drivaernet_3d_2d,XL,pv_coupled::velocity_z,55.5458,0.5,1.7412,3,0.1143,530.2068,4,0.077,0.9212,6,0.1979,0.8995,4,0.0656,1.5409,4,0.0656,58.5158,3,0.0697,0.8953,4,0.0656,0.3168,4,0.0656,28.18,1,0.0821,0.9709,4.0,0.0656,0.8635,4,0.0656,0.8346,4,0.0656
2,dimension_3d,prediction,regdgcnn,drivaernet_3d_2d,XL,velocity::velocity_x,51.1811,0.5,1.4417,1,0.1437,3111.812,6,0.0825,0.9235,6,0.0984,2.0466,2,0.0703,3.2279,2,0.0703,31.6042,2,0.0703,0.9429,2,0.0703,0.139,2,0.0703,38.5988,2,0.1007,0.9741,2.0,0.0703,0.9362,2,0.0703,0.8643,4,0.0825
2,dimension_3d,prediction,transolver,drivaernet_3d_2d,XL,velocity::velocity_y,64.5436,0.5,3.7785,5,0.0971,529.1109,3,0.0922,0.8239,3,0.1025,0.7875,2,0.0696,1.442,2,0.0763,107.0229,5,0.0814,0.3528,2,0.0763,0.7997,2,0.0763,18.4952,3,0.0692,0.9728,3.0,0.0743,0.7074,6,0.1153,0.4657,2,0.0696
2,dimension_3d,prediction,transolver_pp,drivaernet_3d_2d,XL,velocity::velocity_z,63.6798,0.5,1.741,3,0.1532,565.2989,4,0.078,0.9229,5,0.086,0.8892,3,0.0718,1.5264,4,0.0714,58.8187,2,0.0766,0.8972,4,0.0714,0.3138,4,0.0714,29.4862,3,0.0966,0.9717,4.0,0.0714,0.8655,4,0.0757,0.8498,2,0.0766
3,dimension_3d,prediction,regdgcnn,deepjeb_3d_2d,L,diagonal::disp_x,49.0142,0.5,1.4418,1,0.1552,4707.8971,5,0.0975,0.2633,3,0.0809,0.0036,3,0.0717,0.007,3,0.0753,49.5769,3,0.0717,0.8374,3,0.0753,0.3221,3,0.0753,0.1178,2,0.0784,0.9865,3.0,0.0753,0.9094,3,0.0717,0.8565,3,0.0717
3,dimension_3d,prediction,regdgcnn,deepjeb_3d_2d,L,diagonal::disp_y,50.9017,0.5,1.4418,1,0.1732,4707.8971,5,0.0777,0.2633,3,0.0855,0.0028,3,0.0734,0.005,1,0.0734,55.6381,3,0.0734,0.9168,1,0.0734,0.2885,1,0.0734,0.0847,1,0.0777,0.9865,3.0,0.0734,0.9097,2,0.0719,0.861,3,0.0734
3,dimension_3d,prediction,regdgcnn,deepjeb_3d_2d,L,diagonal::disp_z,50.5053,0.5,1.4418,1,0.1535,4707.8971,5,0.0813,0.2633,3,0.0853,0.0069,3,0.0743,0.0117,1,0.0767,36.1207,3,0.0751,0.9513,1,0.0767,0.1571,1,0.0767,0.1442,1,0.0767,0.9865,3.0,0.0743,0.9426,3,0.0751,0.9121,3,0.0743
3,dimension_3d,prediction,transolver,deepjeb_3d_2d,L,diagonal::stress,49.5574,0.5,3.7788,5,0.1319,3199.7259,4,0.0809,0.2937,4,0.0906,15.339,1,0.0799,25.8652,2,0.0768,53.038,1,0.0778,0.7054,2,0.0768,0.4689,2,0.0768,808.7311,5,0.1517,,,0.0,0.8979,1,0.0778,0.6917,1,0.0788
3,dimension_3d,prediction,transolver,deepjeb_3d_2d,L,horizontal::disp_x,49.7363,0.5,3.7788,5,0.1474,3210.2929,4,0.1132,0.298,5,0.0927,0.0063,2,0.0715,0.0138,2,0.075,32.5713,1,0.0676,0.9667,3,0.0812,0.1494,3,0.0812,0.3339,1,0.0676,0.9938,1.0,0.0676,0.9476,1,0.0676,0.9769,1,0.0676
3,dimension_3d,prediction,regdgcnn,deepjeb_3d_2d,L,horizontal::disp_y,49.1823,0.5,1.4418,1,0.1635,4687.6934,5,0.1482,0.2644,4,0.1158,0.0019,3,0.0612,0.0032,2,0.0637,64.2196,3,0.063,0.8351,2,0.0664,0.4035,2,0.0664,0.0803,3,0.0626,0.9905,3.0,0.0634,0.8815,3,0.063,0.7621,3,0.063
3,dimension_3d,prediction,regdgcnn,deepjeb_3d_2d,L,horizontal::disp_z,49.0619,0.5,1.4418,1,0.1292,4687.6934,5,0.1239,0.2644,4,0.0995,0.0072,3,0.074,0.0128,2,0.0799,44.5636,3,0.0698,0.9724,2,0.0799,0.1547,2,0.0799,0.2838,3,0.066,0.9905,3.0,0.066,0.9184,3,0.066,0.9539,3,0.066
3,dimension_3d,prediction,geofno,deepjeb_3d_2d,L,horizontal::stress,43.7624,0.5,1.5458,2,0.1338,1734.3898,1,0.1452,0.2146,1,0.0978,38.0056,4,0.0643,56.2382,4,0.0706,98.317,4,0.0643,0.4097,4,0.0706,0.7568,4,0.0706,1175.4762,3,0.154,,,0.0,0.7418,4,0.0643,0.3818,4,0.0643
3,dimension_3d,prediction,pointnet,deepjeb_3d_2d,L,mode_shape_1::mode_x,48.2217,0.5,3.6681,4,0.0736,1882.4347,2,0.0975,0.1934,2,0.0915,258.7993,3,0.0773,357.3286,3,0.0773,198.2323,5,0.0721,-0.0001,3,0.0773,1.0,3,0.0748,4676.4951,5,0.0774,0.0148,4.0,0.1073,0.5005,4,0.0763,0.107,4,0.0975
3,dimension_3d,prediction,pointnet,deepjeb_3d_2d,L,mode_shape_1::mode_y,98.5609,0.5,3.6681,4,0.0777,1882.4347,2,0.0922,0.1934,2,0.0904,374.0439,1,0.0815,552.08,3,0.0691,196.8872,5,0.0815,0.0001,3,0.0691,0.9999,2,0.0698,7202.1431,4,0.1103,0.0148,4.0,0.0985,0.5042,2,0.0802,0.2508,4,0.0796
3,dimension_3d,prediction,transolver,deepjeb_3d_2d,L,mode_shape_1::mode_z,78.2248,0.5,3.7785,5,0.0674,2030.7226,3,0.0901,0.215,3,0.1326,641.7646,3,0.0865,793.7324,1,0.0674,196.7598,4,0.069,0.0,1,0.0674,1.0,1,0.0665,5275.7505,1,0.0674,0.0498,2.0,0.1225,0.4972,5,0.0901,0.0352,5,0.0731
3,dimension_3d,prediction,regdgcnn,deepjeb_3d_2d,L,mode_shape_2::mode_x,58.8356,0.45,1.4417,1,0.072,1660.0483,4,0.1065,0.2339,5,0.1114,250.3027,4,0.0603,329.8429,4,0.0603,171.9818,2,0.0603,-0.015,4,0.0603,1.0075,4,0.0603,3813.8867,4,0.0667,0.1466,1.0,0.0623,0.5008,1,0.1059,0.1853,1,0.1738
3,dimension_3d,prediction,transolver_pp,deepjeb_3d_2d,L,mode_shape_2::mode_y,45.1904,0.5,1.741,3,0.0755,2310.5367,5,0.1635,0.2292,4,0.1141,262.8535,2,0.0679,454.8682,2,0.0625,191.5435,4,0.0625,-0.0001,2,0.0625,1.0,1,0.0623,10476.1914,1,0.0679,0.0032,3.0,0.0644,0.5002,3,0.0755,0.1089,5,0.1214
3,dimension_3d,prediction,transolver_pp,deepjeb_3d_2d,L,mode_shape_2::mode_z,49.8319,0.5,1.741,3,0.0648,2310.5367,5,0.1219,0.2292,4,0.111,673.873,3,0.0683,904.0632,2,0.0691,195.0184,4,0.0691,0.0,1,0.0697,1.0,1,0.0697,5255.2466,3,0.0648,0.0032,3.0,0.0647,0.5004,2,0.0877,0.1226,4,0.139
3,dimension_3d,prediction,regdgcnn,deepjeb_3d_2d,L,torsion::disp_x,49.2507,0.5,1.4418,1,0.138,4466.0659,5,0.1932,0.2573,4,0.0878,0.0014,3,0.0617,0.0028,3,0.0617,46.4219,3,0.0617,0.9742,3,0.0617,0.1607,3,0.0617,0.0793,3,0.0617,0.9823,3.0,0.0617,0.9271,2,0.0878,0.9565,3,0.0617
3,dimension_3d,prediction,regdgcnn,deepjeb_3d_2d,L,torsion::disp_y,47.7981,0.5,1.4418,1,0.1331,4466.0659,5,0.2112,0.2573,4,0.0875,0.0012,3,0.0631,0.0025,3,0.0631,74.4766,3,0.0631,0.959,3,0.0631,0.2019,3,0.0631,0.0868,3,0.0631,0.9823,3.0,0.0631,0.8435,3,0.0631,0.8528,3,0.0631
3,dimension_3d,prediction,regdgcnn,deepjeb_3d_2d,L,torsion::disp_z,47.147,0.5,1.4418,1,0.1402,4466.0659,5,0.1928,0.2573,4,0.0857,0.0013,3,0.0643,0.0024,3,0.0643,58.1614,3,0.0643,0.9552,3,0.0643,0.2116,3,0.0643,0.0426,2,0.0671,0.9823,3.0,0.0643,0.8945,3,0.0643,0.8861,3,0.0643
3,dimension_3d,prediction,regdgcnn,deepjeb_3d_2d,L,torsion::stress,49.4904,0.5,1.4418,1,0.1858,4466.0659,5,0.192,0.2573,4,0.0835,9.1444,3,0.0677,17.0195,2,0.067,78.278,3,0.0677,0.7965,2,0.067,0.451,2,0.067,724.1454,3,0.0677,,,0.0,0.8224,2,0.067,0.8212,3,0.0677
3,dimension_3d,prediction,regdgcnn,deepjeb_3d_2d,L,vertical::disp_x,44.0606,0.5,1.4418,1,0.1308,4637.4829,5,0.1942,0.2646,4,0.0745,0.006,3,0.0654,0.0116,3,0.0661,50.2947,3,0.0654,0.9686,3,0.0661,0.161,3,0.0661,0.25,2,0.0745,0.9923,3.0,0.0661,0.9041,3,0.0654,0.9519,3,0.0654
3,dimension_3d,prediction,transolver,deepjeb_3d_2d,L,vertical::disp_y,48.9208,0.5,3.7788,5,0.1882,3025.7775,2,0.1053,0.32,5,0.0698,0.0032,2,0.0668,0.0063,2,0.0668,58.8405,2,0.0786,0.9128,2,0.0668,0.295,2,0.0668,0.1167,2,0.0668,0.9941,2.0,0.0786,0.8925,2,0.0786,0.8664,3,0.0668
3,dimension_3d,prediction,transolver,deepjeb_3d_2d,L,vertical::disp_z,49.7189,0.5,3.7788,5,0.1399,3025.7775,2,0.1302,0.32,5,0.0775,0.0104,1,0.0709,0.0194,3,0.0728,38.1486,2,0.0719,0.9712,3,0.0728,0.1363,3,0.0728,0.3624,3,0.0723,0.9941,2.0,0.0719,0.9364,1,0.0735,0.9704,1,0.0735
3,dimension_3d,prediction,transolver,deepjeb_3d_2d,L,vertical::stress,49.8,0.5,3.7788,5,0.1711,3025.7775,2,0.1385,0.32,5,0.0727,25.4868,1,0.0718,43.1604,2,0.0765,63.2375,2,0.0765,0.7336,2,0.0765,0.4963,2,0.0765,1175.834,2,0.0856,,,0.0,0.8593,2,0.0765,0.6929,1,0.0776
3,dimension_3d,prediction,transolver,deepjeb_3d_2d,M,diagonal::disp_x,50.291,0.5,3.7788,5,0.2078,1671.8016,4,0.0686,0.2581,3,0.0722,0.0041,2,0.0686,0.0076,2,0.0686,51.5336,1,0.0771,0.8047,2,0.0686,0.3531,2,0.0686,0.1114,2,0.0857,0.9813,2.0,0.0686,0.9124,1,0.0771,0.837,2,0.0686
3,dimension_3d,prediction,transolver,deepjeb_3d_2d,M,diagonal::disp_y,50.0519,0.5,3.7788,5,0.1663,1671.8016,4,0.0766,0.2581,3,0.0754,0.0032,1,0.0744,0.0065,2,0.0688,58.4834,1,0.0888,0.8596,3,0.0701,0.3746,3,0.0701,0.1445,3,0.0701,0.9813,2.0,0.0766,0.9018,2,0.0918,0.8313,2,0.0711
3,dimension_3d,prediction,regdgcnn,deepjeb_3d_2d,M,diagonal::disp_z,50.4608,0.5,1.4418,1,0.1668,2369.2793,5,0.0727,0.3009,5,0.0705,0.008,1,0.0705,0.0134,1,0.0705,38.9031,3,0.0824,0.9366,1,0.0705,0.1794,1,0.0705,0.152,1,0.0768,0.982,1.0,0.0727,0.9368,3,0.0824,0.9003,3,0.0937
3,dimension_3d,prediction,transolver,deepjeb_3d_2d,M,diagonal::stress,49.3748,0.5,3.7788,5,0.1553,1671.8016,4,0.0867,0.2581,3,0.0847,18.2708,2,0.081,29.4004,3,0.0793,61.8716,1,0.113,0.6194,3,0.0793,0.533,3,0.0793,798.1376,3,0.0793,,,0.0,0.8743,2,0.081,0.6228,2,0.081
3,dimension_3d,prediction,transolver,deepjeb_3d_2d,M,horizontal::disp_x,49.8323,0.5,3.7788,5,0.1318,1678.6564,4,0.1141,0.2975,5,0.0989,0.009,3,0.0751,0.0175,3,0.077,39.8315,1,0.0698,0.9466,3,0.077,0.1892,3,0.077,0.3141,1,0.069,0.9906,1.0,0.0698,0.9375,1,0.0706,0.9726,1,0.0698
3,dimension_3d,prediction,transolver,deepjeb_3d_2d,M,horizontal::disp_y,48.5565,0.5,3.7788,5,0.1899,1678.6564,4,0.0955,0.2975,5,0.0851,0.0021,1,0.0652,0.0035,2,0.0669,67.9155,1,0.0719,0.7985,2,0.0669,0.446,2,0.0669,0.08,2,0.0887,0.9906,1.0,0.0719,0.8715,1,0.0655,0.7435,1,0.0655
3,dimension_3d,prediction,transolver,deepjeb_3d_2d,M,horizontal::disp_z,47.2588,0.5,3.7788,5,0.1454,1678.6564,4,0.1418,0.2975,5,0.1157,0.0089,3,0.0683,0.0165,3,0.0683,44.7946,2,0.0659,0.9545,3,0.0683,0.1987,3,0.0683,0.2642,1,0.0644,0.9906,1.0,0.0644,0.9239,1,0.0644,0.9601,1,0.0644
3,dimension_3d,prediction,transolver,deepjeb_3d_2d,M,horizontal::stress,48.2048,0.5,3.7788,5,0.2194,1678.6564,4,0.0903,0.2975,5,0.0853,25.3556,1,0.0714,43.4635,2,0.0698,69.8204,1,0.0714,0.6474,2,0.0698,0.5849,2,0.0698,1191.6942,3,0.1097,,,0.0,0.8413,1,0.0714,0.6121,1,0.0714
3,dimension_3d,prediction,transolver_pp,deepjeb_3d_2d,M,mode_shape_1::mode_x,45.833,0.5,1.741,3,0.0888,1164.5475,5,0.0968,0.2455,5,0.0968,258.8957,2,0.0669,357.4033,2,0.0669,193.8165,5,0.0677,-0.0005,2,0.0669,1.0002,2,0.0669,4672.2627,1,0.0704,0.1124,4.0,0.0874,0.4922,4,0.0985,0.0901,5,0.126
3,dimension_3d,prediction,transolver_pp,deepjeb_3d_2d,M,mode_shape_1::mode_y,47.3021,0.5,1.741,3,0.0759,1164.5475,5,0.1231,0.2455,5,0.1231,374.9725,3,0.0637,553.3975,3,0.0637,179.5035,3,0.0637,-0.0047,3,0.0637,1.0023,3,0.0637,7215.8838,3,0.0637,0.1124,4.0,0.0739,0.4973,3,0.072,0.2031,4,0.1498
3,dimension_3d,prediction,transolver_pp,deepjeb_3d_2d,M,mode_shape_1::mode_z,47.4905,0.5,1.741,3,0.0634,1164.5475,5,0.1738,0.2455,5,0.1738,641.8796,2,0.0559,794.2222,2,0.0559,188.9286,4,0.0559,-0.0013,2,0.0559,1.0006,2,0.0559,5304.6089,2,0.0559,0.1124,4.0,0.0602,0.5004,3,0.0634,0.2381,5,0.1303
3,dimension_3d,prediction,pointnet,deepjeb_3d_2d,M,mode_shape_2::mode_x,49.8506,0.5,3.6681,4,0.072,785.0282,2,0.0948,0.1941,2,0.1102,248.431,1,0.0675,327.3988,1,0.0675,196.6669,5,0.0675,0.0,1,0.0675,1.0,1,0.0675,3801.4683,2,0.1256,0.001,5.0,0.0794,0.5001,3,0.0931,0.1056,5,0.0871
3,dimension_3d,prediction,geofno,deepjeb_3d_2d,M,mode_shape_2::mode_y,44.5755,0.5,1.5457,2,0.063,454.4052,1,0.1277,0.1889,1,0.1132,279.2671,4,0.0593,466.0809,4,0.0593,157.8452,2,0.0593,-0.05,4,0.0593,1.0247,4,0.0593,10705.0029,5,0.063,0.0812,3.0,0.0701,0.5018,5,0.1606,0.1562,3,0.1059
3,dimension_3d,prediction,transolver,deepjeb_3d_2d,M,mode_shape_2::mode_z,50.1677,0.5,3.7785,5,0.0701,896.788,4,0.1402,0.2156,3,0.123,674.0184,2,0.0677,904.3026,2,0.0677,183.4714,3,0.0815,-0.0005,2,0.0677,1.0003,2,0.0677,5228.8823,1,0.0701,0.0016,4.0,0.0735,0.5043,2,0.0648,0.016,5,0.1058
3,dimension_3d,prediction,transolver,deepjeb_3d_2d,M,torsion::disp_x,49.9747,0.5,3.7788,5,0.1668,1585.1397,3,0.1326,0.2624,5,0.0797,0.0015,1,0.0654,0.0031,1,0.0684,46.6542,2,0.067,0.9702,1,0.0665,0.1726,1,0.0665,0.0769,2,0.0742,0.9778,1.0,0.0657,0.9286,2,0.067,0.9507,3,0.0801
3,dimension_3d,prediction,transolver,deepjeb_3d_2d,M,torsion::disp_y,49.6899,0.5,3.7788,5,0.1907,1585.1397,3,0.1015,0.2624,5,0.0688,0.0013,1,0.0652,0.0027,1,0.065,78.5705,3,0.0898,0.954,1,0.0622,0.2138,1,0.0622,0.094,1,0.0688,0.9778,1.0,0.072,0.8309,3,0.0898,0.8297,2,0.0642
3,dimension_3d,prediction,transolver,deepjeb_3d_2d,M,torsion::disp_z,49.8392,0.5,3.7788,5,0.1674,1585.1397,3,0.1568,0.2624,5,0.0749,0.0015,1,0.0686,0.0027,1,0.0667,60.5101,1,0.0637,0.9457,1,0.069,0.2328,1,0.069,0.0412,1,0.0675,0.9778,1.0,0.0664,0.8965,1,0.0637,0.8796,1,0.0664
3,dimension_3d,prediction,transolver,deepjeb_3d_2d,M,torsion::stress,47.5947,0.5,3.7788,5,0.1678,1585.1397,3,0.1321,0.2624,5,0.0913,10.1363,2,0.0714,18.4372,2,0.0714,85.5885,2,0.0714,0.7612,2,0.0714,0.4886,2,0.0714,734.8544,5,0.0913,,,0.0,0.7896,3,0.0828,0.8136,1,0.0776
3,dimension_3d,prediction,transolver,deepjeb_3d_2d,M,vertical::disp_x,49.9084,0.5,3.7788,5,0.1185,1663.5369,3,0.1879,0.3058,5,0.0982,0.0072,3,0.071,0.0131,2,0.0671,50.2881,1,0.0625,0.9599,3,0.071,0.1819,3,0.071,0.2689,1,0.0625,0.991,2.0,0.0651,0.9139,1,0.0625,0.9546,1,0.0625
3,dimension_3d,prediction,transolver,deepjeb_3d_2d,M,vertical::disp_y,49.1339,0.5,3.7788,5,0.1441,1663.5369,3,0.1142,0.3058,5,0.0818,0.0038,2,0.0688,0.0074,2,0.0688,64.7642,1,0.0766,0.878,2,0.0688,0.3489,2,0.0688,0.1483,3,0.0729,0.991,2.0,0.0917,0.876,1,0.0766,0.8381,2,0.0672
3,dimension_3d,prediction,transolver,deepjeb_3d_2d,M,vertical::disp_z,49.5201,0.5,3.7788,5,0.125,1663.5369,3,0.1528,0.3058,5,0.1123,0.0126,3,0.0679,0.0216,3,0.0671,49.0425,2,0.0671,0.9645,3,0.0671,0.1515,3,0.0671,0.3484,1,0.0705,0.991,2.0,0.0671,0.9011,2,0.0671,0.963,1,0.0688
3,dimension_3d,prediction,transolver,deepjeb_3d_2d,M,vertical::stress,49.0525,0.5,3.7788,5,0.1288,1663.5369,3,0.1553,0.3058,5,0.1211,29.9839,3,0.0704,48.0082,3,0.0704,72.8089,3,0.0841,0.6704,3,0.0704,0.552,3,0.0704,1156.1097,1,0.0865,,,0.0,0.8333,3,0.0704,0.6358,2,0.0721
3,dimension_3d,prediction,transolver,deepjeb_3d_2d,S,diagonal::disp_x,50.4359,0.5,3.7788,5,0.2054,750.7035,4,0.0749,0.2487,2,0.1137,0.005,2,0.065,0.0091,2,0.065,57.9885,1,0.0663,0.7222,2,0.065,0.421,2,0.065,0.128,1,0.0749,0.9703,2.0,0.065,0.8977,1,0.0749,0.8056,2,0.065
3,dimension_3d,prediction,transolver,deepjeb_3d_2d,S,diagonal::disp_y,50.0248,0.5,3.7788,5,0.1828,750.7035,4,0.0831,0.2487,2,0.1523,0.0043,2,0.0633,0.008,2,0.0633,68.9483,2,0.0633,0.7846,2,0.0633,0.4641,2,0.0633,0.123,1,0.0719,0.9703,2.0,0.0666,0.8877,2,0.0633,0.7836,2,0.0633
3,dimension_3d,prediction,transolver,deepjeb_3d_2d,S,diagonal::disp_z,49.9495,0.5,3.7788,5,0.2738,750.7035,4,0.0677,0.2487,2,0.1086,0.0101,2,0.0605,0.0172,2,0.0605,41.9414,2,0.0605,0.8944,2,0.0605,0.2315,2,0.0605,0.2108,2,0.0605,0.9703,2.0,0.0605,0.9371,2,0.0605,0.9031,1,0.0656
3,dimension_3d,prediction,transolver,deepjeb_3d_2d,S,diagonal::stress,46.4091,0.5,3.7788,5,0.2404,750.7035,4,0.0791,0.2487,2,0.1276,21.7125,2,0.0679,33.6238,2,0.0679,72.5178,2,0.0679,0.5022,2,0.0679,0.6096,2,0.0679,765.4098,2,0.071,,,0.0,0.8458,2,0.071,0.5446,2,0.071
3,dimension_3d,prediction,transolver,deepjeb_3d_2d,S,horizontal::disp_x,50.0431,0.5,3.7788,5,0.2068,751.5843,4,0.0735,0.2796,5,0.0669,0.0122,2,0.0669,0.0223,2,0.0669,51.0249,2,0.0669,0.9131,2,0.0669,0.2415,2,0.0669,0.329,1,0.0779,0.9845,1.0,0.0779,0.9073,3,0.0959,0.9602,1,0.0669
3,dimension_3d,prediction,transolver,deepjeb_3d_2d,S,horizontal::disp_y,49.2765,0.5,3.7788,5,0.1243,751.5843,4,0.1102,0.2796,5,0.086,0.0032,3,0.0701,0.0051,3,0.0708,86.5438,3,0.0708,0.575,3,0.0708,0.6478,3,0.0708,0.0796,2,0.0917,0.9845,1.0,0.093,0.8088,3,0.0708,0.6589,3,0.0708
3,dimension_3d,prediction,transolver,deepjeb_3d_2d,S,horizontal::disp_z,50.3786,0.5,3.7788,5,0.1221,751.5843,4,0.103,0.2796,5,0.0741,0.013,3,0.0795,0.0229,3,0.0795,56.3499,2,0.0814,0.9124,3,0.0795,0.2756,3,0.0795,0.298,1,0.0741,0.9845,1.0,0.0758,0.9071,1,0.0758,0.9497,1,0.0758
3,dimension_3d,prediction,transolver,deepjeb_3d_2d,S,horizontal::stress,45.4764,0.5,3.7788,5,0.1512,751.5843,4,0.1204,0.2796,5,0.0987,33.1846,3,0.0764,52.5652,3,0.0764,85.0464,2,0.0789,0.4843,3,0.0764,0.7073,3,0.0764,1251.1919,3,0.0899,,,0.0,0.7906,3,0.0764,0.4816,2,0.0789
3,dimension_3d,prediction,transolver,deepjeb_3d_2d,S,mode_shape_1::mode_x,49.9547,0.5,3.7785,5,0.0715,335.7921,3,0.0961,0.2188,3,0.1227,260.044,2,0.0686,358.0623,2,0.0686,167.8518,4,0.0686,-0.0042,2,0.0686,1.0021,2,0.0686,4654.3003,3,0.0961,0.0038,5.0,0.084,0.4995,2,0.0722,0.215,1,0.1145
3,dimension_3d,prediction,transolver_pp,deepjeb_3d_2d,S,mode_shape_1::mode_y,48.4086,0.5,1.741,3,0.0677,360.7683,4,0.1252,0.2398,5,0.1415,374.1795,2,0.0646,552.277,2,0.0646,190.348,5,0.0626,-0.0006,2,0.0646,1.0003,2,0.0621,7215.3242,3,0.0743,0.0068,4.0,0.0673,0.4942,5,0.1223,0.1062,5,0.0832
3,dimension_3d,prediction,geofno,deepjeb_3d_2d,S,mode_shape_1::mode_z,45.9316,0.5,1.5457,2,0.0666,196.5693,1,0.1377,0.1863,1,0.1609,656.1143,4,0.0666,830.8157,4,0.0666,159.5199,2,0.0666,-0.0957,4,0.0666,1.0467,4,0.0666,6210.1411,4,0.0778,0.1456,2.0,0.0692,0.4941,4,0.0758,0.359,1,0.0788
3,dimension_3d,prediction,transolver_pp,deepjeb_3d_2d,S,mode_shape_2::mode_x,47.9358,0.5,1.741,3,0.0822,564.5549,5,0.1289,0.3385,5,0.1289,252.5357,2,0.0653,333.3972,2,0.0653,160.5312,4,0.0645,-0.037,2,0.0653,1.0183,2,0.0653,3965.178,4,0.0973,0.2811,3.0,0.0734,0.502,1,0.09,0.2161,3,0.0734
3,dimension_3d,prediction,geofno,deepjeb_3d_2d,S,mode_shape_2::mode_y,46.2982,0.5,1.5457,2,0.0753,197.6788,1,0.1213,0.1869,1,0.1213,282.2087,4,0.0633,468.4939,4,0.0633,153.4156,2,0.0633,-0.0609,4,0.0633,1.03,4,0.0633,10670.1279,5,0.112,0.1784,4.0,0.0753,0.5043,3,0.0891,0.1519,4,0.0891
3,dimension_3d,prediction,transolver_pp,deepjeb_3d_2d,S,mode_shape_2::mode_z,52.6698,0.5,1.741,3,0.0853,564.5549,5,0.1168,0.3385,5,0.1168,683.69,2,0.0698,919.6963,2,0.0698,156.1457,4,0.0689,-0.0349,2,0.0698,1.0173,2,0.0698,5759.6802,3,0.068,0.2811,3.0,0.0881,0.5033,4,0.112,0.3851,2,0.0648
3,dimension_3d,prediction,transolver,deepjeb_3d_2d,S,torsion::disp_x,49.8583,0.5,3.7788,5,0.1859,716.3559,4,0.0816,0.2402,3,0.1217,0.0019,2,0.0663,0.0038,2,0.0663,55.0165,2,0.0663,0.9543,2,0.0663,0.2137,2,0.0663,0.0745,1,0.0735,0.9653,2.0,0.0663,0.9,2,0.0663,0.9487,1,0.0735
3,dimension_3d,prediction,transolver,deepjeb_3d_2d,S,torsion::disp_y,49.7792,0.5,3.7788,5,0.1902,716.3559,4,0.0836,0.2402,3,0.1458,0.0016,1,0.0645,0.0033,1,0.063,86.3137,1,0.0681,0.9316,1,0.063,0.2608,1,0.063,0.0856,1,0.0617,0.9653,2.0,0.0662,0.8109,1,0.0681,0.7878,1,0.063
3,dimension_3d,prediction,transolver,deepjeb_3d_2d,S,torsion::disp_z,49.5802,0.5,3.7788,5,0.183,716.3559,4,0.0847,0.2402,3,0.1267,0.002,2,0.0677,0.0035,2,0.0661,69.2616,2,0.0661,0.9056,2,0.0661,0.3071,2,0.0661,0.0453,1,0.0753,0.9653,2.0,0.0661,0.8801,2,0.0661,0.845,2,0.0661
3,dimension_3d,prediction,geofno,deepjeb_3d_2d,S,torsion::stress,48.545,0.5,1.5458,2,0.1889,356.9114,1,0.0903,0.2067,1,0.1247,19.8836,4,0.0693,32.0142,4,0.0693,123.5891,4,0.0693,0.2801,4,0.0693,0.8484,4,0.0693,598.0649,2,0.1113,,,0.0,0.6196,4,0.0693,0.5222,4,0.0693
3,dimension_3d,prediction,transolver,deepjeb_3d_2d,S,vertical::disp_x,49.9963,0.5,3.7788,5,0.2039,756.5835,4,0.0767,0.3112,5,0.0737,0.0102,2,0.0669,0.0184,2,0.0669,61.5281,1,0.0659,0.9213,2,0.0669,0.2549,2,0.0669,0.3256,1,0.0659,0.9845,2.0,0.0691,0.8868,1,0.0876,0.9373,2,0.0899
3,dimension_3d,prediction,transolver,deepjeb_3d_2d,S,vertical::disp_y,49.7051,0.5,3.7788,5,0.2029,756.5835,4,0.083,0.3112,5,0.0846,0.005,2,0.0679,0.0093,2,0.0679,76.1875,1,0.0734,0.808,2,0.0679,0.4377,2,0.0679,0.1539,2,0.0679,0.9845,2.0,0.073,0.8507,1,0.0734,0.786,2,0.07
3,dimension_3d,prediction,transolver,deepjeb_3d_2d,S,vertical::disp_z,49.9315,0.5,3.7788,5,0.2003,756.5835,4,0.0782,0.3112,5,0.0744,0.0176,2,0.0691,0.0317,2,0.0691,52.7843,1,0.0769,0.9233,2,0.0691,0.2225,2,0.0691,0.4613,1,0.0674,0.9845,2.0,0.0721,0.9055,1,0.0769,0.9567,1,0.0774
3,dimension_3d,prediction,transolver,deepjeb_3d_2d,S,vertical::stress,47.1854,0.5,3.7788,5,0.1863,756.5835,4,0.0931,0.3112,5,0.0986,35.4191,2,0.0729,54.6291,2,0.0729,85.0048,2,0.0729,0.5732,2,0.0729,0.6282,2,0.0729,1446.577,3,0.1118,,,0.0,0.797,2,0.0729,0.5273,2,0.0729
3,dimension_3d,prediction,transolver,deepjeb_3d_2d,XL,diagonal::disp_x,48.9399,0.5,3.7788,5,0.1263,5719.4758,2,0.1753,0.3517,5,0.1292,0.003,2,0.065,0.006,2,0.065,40.8412,2,0.0595,0.8775,3,0.0659,0.2796,3,0.0659,0.1048,2,0.0694,0.9918,2.0,0.0595,0.9351,2,0.0595,0.8808,2,0.0595
3,dimension_3d,prediction,transolver,deepjeb_3d_2d,XL,diagonal::disp_y,49.8998,0.5,3.7788,5,0.1345,5719.4758,2,0.1601,0.3517,5,0.0924,0.0021,1,0.0636,0.0041,1,0.0689,45.5037,2,0.0671,0.9453,1,0.0679,0.2339,1,0.0679,0.1064,2,0.0799,0.9918,2.0,0.0671,0.9253,2,0.0671,0.8975,1,0.0635
3,dimension_3d,prediction,transolver,deepjeb_3d_2d,XL,diagonal::disp_z,50.4102,0.5,3.7788,5,0.1417,5719.4758,2,0.1771,0.3517,5,0.0977,0.0052,1,0.0633,0.0098,1,0.0633,27.7593,2,0.0642,0.9662,1,0.0628,0.131,1,0.0628,0.1415,1,0.0744,0.9918,2.0,0.0642,0.9561,2,0.0642,0.9357,2,0.0642
3,dimension_3d,prediction,transolver,deepjeb_3d_2d,XL,diagonal::stress,47.7562,0.5,3.7788,5,0.1331,5719.4758,2,0.1445,0.3517,5,0.1234,13.5462,2,0.0674,23.6921,2,0.0693,47.8161,1,0.0666,0.7528,2,0.0693,0.4295,2,0.0693,793.1104,5,0.1204,,,0.0,0.9071,2,0.0674,0.7299,2,0.0693
3,dimension_3d,prediction,regdgcnn,deepjeb_3d_2d,XL,horizontal::disp_x,47.6202,0.5,1.4418,1,0.1449,9209.5524,5,0.1656,0.2629,4,0.0982,0.0059,3,0.0637,0.0118,3,0.0682,38.2213,3,0.0623,0.9757,3,0.0682,0.1277,3,0.0682,0.3263,2,0.0724,0.992,3.0,0.0637,0.9309,3,0.0623,0.9686,3,0.0623
3,dimension_3d,prediction,transolver,deepjeb_3d_2d,XL,horizontal::disp_y,48.3473,0.5,3.7788,5,0.164,6236.7106,3,0.1469,0.3807,5,0.0978,0.0015,1,0.0634,0.0028,1,0.0634,55.1997,2,0.0654,0.8705,2,0.0654,0.3576,2,0.0654,0.0802,2,0.0785,0.9951,2.0,0.064,0.9012,1,0.0618,0.807,2,0.064
3,dimension_3d,prediction,regdgcnn,deepjeb_3d_2d,XL,horizontal::disp_z,47.7212,0.5,1.4418,1,0.1637,9209.5524,5,0.1637,0.2629,4,0.1091,0.0063,3,0.0633,0.0114,3,0.0633,42.3234,3,0.0605,0.9782,3,0.0633,0.1376,3,0.0633,0.2398,2,0.0671,0.992,3.0,0.0605,0.9219,3,0.0605,0.9564,3,0.0618
3,dimension_3d,prediction,regdgcnn,deepjeb_3d_2d,XL,horizontal::stress,46.4653,0.5,1.4418,1,0.1657,9209.5524,5,0.1707,0.2629,4,0.115,21.8729,3,0.0663,38.2492,3,0.0713,62.3963,3,0.0663,0.727,3,0.0713,0.5147,3,0.0713,1158.934,2,0.0696,,,0.0,0.8648,3,0.0663,0.6655,3,0.0663
3,dimension_3d,prediction,transolver,deepjeb_3d_2d,XL,mode_shape_1::mode_x,50.1002,0.5,3.7785,5,0.0669,4720.3454,5,0.0708,0.31,5,0.0977,258.7991,3,0.0784,357.3286,2,0.073,197.9085,5,0.0669,-0.0001,1,0.0653,1.0,1,0.0653,4676.4897,1,0.0669,0.0077,5.0,0.0669,0.5006,5,0.2152,0.0449,5,0.0669
3,dimension_3d,prediction,transolver,deepjeb_3d_2d,XL,mode_shape_1::mode_y,50.4041,0.5,3.7785,5,0.0686,4720.3454,5,0.0785,0.31,5,0.1216,374.055,2,0.0752,552.0827,3,0.0854,194.9548,5,0.0686,0.0001,3,0.0843,0.9999,1,0.0689,7204.9492,2,0.0752,0.0077,5.0,0.0686,0.5007,5,0.0886,0.1493,5,0.1163
3,dimension_3d,prediction,transolver,deepjeb_3d_2d,XL,mode_shape_1::mode_z,45.9816,0.5,3.7785,5,0.0626,4720.3454,5,0.0663,0.31,5,0.0877,641.7125,1,0.0626,793.8846,1,0.0626,193.664,4,0.0739,-0.0004,1,0.0626,1.0002,1,0.0661,5287.064,2,0.0703,0.0077,5.0,0.0626,0.5028,2,0.1903,0.1636,5,0.1325
3,dimension_3d,prediction,transolver,deepjeb_3d_2d,XL,mode_shape_2::mode_x,50.1206,0.5,3.7785,5,0.06,5379.3898,5,0.1936,0.2679,5,0.117,248.4304,2,0.0647,327.4017,2,0.0647,196.6817,4,0.0647,0.0,1,0.0607,1.0,1,0.0641,3800.3215,3,0.0862,0.0005,5.0,0.0696,0.5004,1,0.06,0.0945,5,0.0947
3,dimension_3d,prediction,transolver,deepjeb_3d_2d,XL,mode_shape_2::mode_y,50.9532,0.5,3.7785,5,0.0618,5379.3898,5,0.1298,0.2679,5,0.1128,262.8599,2,0.0629,454.8772,3,0.068,189.0296,3,0.068,-0.0001,2,0.0637,1.0,1,0.063,10481.9043,3,0.0863,0.0005,5.0,0.0702,0.5004,2,0.1505,0.0934,4,0.0629
3,dimension_3d,prediction,transolver,deepjeb_3d_2d,XL,mode_shape_2::mode_z,50.3295,0.5,3.7785,5,0.0598,5379.3898,5,0.1367,0.2679,5,0.0992,673.8547,2,0.0719,904.066,2,0.0628,196.3348,4,0.0628,0.0,1,0.0617,1.0,1,0.0617,5248.1201,3,0.0689,0.0005,5.0,0.0724,0.4992,3,0.1331,0.1046,4,0.109
3,dimension_3d,prediction,regdgcnn,deepjeb_3d_2d,XL,torsion::disp_x,47.6703,0.5,1.4418,1,0.1228,8954.6574,5,0.1677,0.2545,4,0.0809,0.0012,3,0.0681,0.0025,3,0.0681,42.6344,3,0.0681,0.9804,3,0.0681,0.1401,3,0.0681,0.0653,1,0.0839,0.9859,3.0,0.0681,0.9325,3,0.0681,0.9609,3,0.0681
3,dimension_3d,prediction,regdgcnn,deepjeb_3d_2d,XL,torsion::disp_y,45.0264,0.5,1.4418,1,0.1364,8954.6574,5,0.1791,0.2545,4,0.0971,0.001,3,0.0633,0.0022,3,0.0633,69.8428,3,0.0635,0.9686,3,0.0664,0.1767,3,0.0664,0.0834,2,0.0782,0.9859,3.0,0.0621,0.8576,3,0.0621,0.8662,3,0.0621
3,dimension_3d,prediction,regdgcnn,deepjeb_3d_2d,XL,torsion::disp_z,45.7801,0.5,1.4418,1,0.132,8954.6574,5,0.1863,0.2545,4,0.0834,0.0012,3,0.0674,0.0021,3,0.0674,54.5316,3,0.0674,0.9668,3,0.0674,0.1821,3,0.0674,0.0408,2,0.0674,0.9859,3.0,0.0646,0.903,3,0.0646,0.8968,3,0.0646
3,dimension_3d,prediction,regdgcnn,deepjeb_3d_2d,XL,torsion::stress,44.8384,0.5,1.4418,1,0.1314,8954.6574,5,0.1862,0.2545,4,0.0871,8.4476,3,0.0729,16.0415,3,0.0729,73.4884,3,0.0828,0.8193,3,0.0729,0.4251,3,0.0729,737.1429,4,0.0753,,,0.0,0.8352,3,0.0729,0.8352,3,0.0729
3,dimension_3d,prediction,transolver,deepjeb_3d_2d,XL,vertical::disp_x,49.1951,0.5,3.7788,5,0.1277,6277.3872,3,0.1703,0.481,5,0.0757,0.0045,2,0.0666,0.0098,3,0.0721,36.6134,1,0.0666,0.9775,3,0.0721,0.1363,3,0.0721,0.2447,3,0.0766,0.9966,1.0,0.0666,0.9384,1,0.0666,0.9707,1,0.0666
3,dimension_3d,prediction,regdgcnn,deepjeb_3d_2d,XL,vertical::disp_y,50.0724,0.5,1.4418,1,0.1222,9232.9345,5,0.1797,0.2677,2,0.0745,0.0028,3,0.0636,0.005,2,0.0727,60.096,3,0.0636,0.9447,2,0.0727,0.235,2,0.0727,0.1023,1,0.0873,0.994,3.0,0.0636,0.8869,3,0.0636,0.8909,3,0.0636
3,dimension_3d,prediction,transolver,deepjeb_3d_2d,XL,vertical::disp_z,50.717,0.5,3.7788,5,0.1305,6277.3872,3,0.178,0.481,5,0.0726,0.008,1,0.0639,0.0161,3,0.0739,32.8496,1,0.0649,0.9802,3,0.0739,0.1131,3,0.0739,0.2819,1,0.0722,0.9966,1.0,0.0649,0.9417,2,0.0663,0.9759,1,0.0649
3,dimension_3d,prediction,transolver,deepjeb_3d_2d,XL,vertical::stress,50.512,0.5,3.7788,5,0.113,6277.3872,3,0.2147,0.481,5,0.0767,20.687,1,0.07,38.7051,1,0.07,49.5123,1,0.07,0.7858,1,0.07,0.4451,1,0.07,1267.2036,2,0.1056,,,0.0,0.8908,1,0.07,0.7578,1,0.07
3,dimension_3d,prediction,regdgcnn,drivaernet_3d_2d,L,body_pressure::body_pressure,60.269,0.4667,1.4414,1,0.2382,4078.2174,5,0.0839,0.1404,5,0.1033,18.0607,3,0.0674,32.5327,3,0.0679,23.8432,3,0.0674,0.9208,3,0.0679,0.2183,3,0.0679,9382.0244,1,0.0831,,,0.0,0.9676,2,0.0839,0.786,2,0.069
3,dimension_3d,prediction,regdgcnn,drivaernet_3d_2d,L,pressure::pressure,50.4106,0.5,1.4414,1,0.2209,1575.5147,6,0.106,0.9246,5,0.0741,12.9562,2,0.0746,21.3174,2,0.0723,34.7072,2,0.0746,0.9715,2,0.0723,0.1629,2,0.0723,990.18,2,0.0829,,,0.0,0.9509,1,0.0755,0.8915,2,0.0746
3,dimension_3d,prediction,regdgcnn,drivaernet_3d_2d,L,pv_coupled::pressure,48.5196,0.5,1.4418,1,0.1942,1587.555,6,0.0733,0.8782,5,0.1592,15.3989,2,0.0688,24.723,1,0.0677,39.444,1,0.0638,0.9617,1,0.0677,0.1889,1,0.0677,1024.5868,4,0.0925,,,0.0,0.9423,3,0.0746,0.8677,2,0.0704
3,dimension_3d,prediction,transolver_pp,drivaernet_3d_2d,L,pv_coupled::velocity_x,45.4756,0.5,1.7412,3,0.2106,323.3253,4,0.056,0.9228,6,0.1731,2.3323,4,0.0496,3.8862,4,0.0496,33.4874,4,0.0496,0.9173,4,0.0496,0.1673,4,0.0496,46.1606,4,0.1623,0.9656,4.0,0.0496,0.9295,4,0.0496,0.8626,4,0.0506
3,dimension_3d,prediction,abupt,drivaernet_3d_2d,L,pv_coupled::velocity_y,50.5382,0.5,8.7512,6,0.104,1251.8361,5,0.0834,0.8369,3,0.1768,0.7974,1,0.0636,1.4688,3,0.0627,99.6551,3,0.0631,0.3285,3,0.0627,0.8145,3,0.0627,16.8055,1,0.1263,0.9684,3.0,0.0707,0.7467,2,0.0589,0.4355,4,0.065
3,dimension_3d,prediction,regdgcnn,drivaernet_3d_2d,L,pv_coupled::velocity_z,52.5001,0.5,1.4418,1,0.2158,1587.555,6,0.0714,0.8782,5,0.1114,0.9227,1,0.0604,1.5515,1,0.0642,60.9927,2,0.0667,0.8938,1,0.0642,0.319,1,0.0642,27.9036,1,0.0676,0.9728,1.0,0.0699,0.8636,2,0.0667,0.8409,3,0.0774
3,dimension_3d,prediction,transolver,drivaernet_3d_2d,L,velocity::velocity_x,99.7537,0.5,3.7785,5,0.2668,367.757,4,0.068,0.832,3,0.0721,2.2419,2,0.0617,3.6758,2,0.0613,32.5578,2,0.0617,0.926,2,0.0613,0.1583,2,0.0613,44.0241,5,0.097,0.9683,2.0,0.0617,0.9336,2,0.0617,0.874,1,0.0655
3,dimension_3d,prediction,abupt,drivaernet_3d_2d,L,velocity::velocity_y,48.881,0.5,8.7512,6,0.1377,1173.2981,5,0.0826,0.8363,4,0.0771,0.8069,2,0.0754,1.4843,3,0.0754,99.6906,2,0.0776,0.3143,3,0.0754,0.8231,3,0.0754,17.7745,2,0.1023,0.966,4.0,0.0703,0.7554,2,0.0807,0.4288,4,0.0703
3,dimension_3d,prediction,regdgcnn,drivaernet_3d_2d,L,velocity::velocity_z,51.8889,0.5,1.4417,1,0.2392,1597.0078,6,0.0825,0.9245,6,0.0723,0.9525,1,0.0647,1.5827,1,0.0658,61.3657,2,0.0706,0.8895,1,0.0658,0.3254,1,0.0658,28.7532,2,0.0719,0.9714,1.0,0.0658,0.8634,1,0.0647,0.8359,2,0.0706
3,dimension_3d,prediction,regdgcnn,drivaernet_3d_2d,M,body_pressure::body_pressure,55.7202,0.4667,1.4414,1,0.1939,4387.4416,6,0.1003,0.4851,6,0.1348,19.5557,3,0.069,35.0703,3,0.069,25.1959,3,0.069,0.908,3,0.069,0.2354,3,0.069,9371.4033,4,0.0805,,,0.0,0.968,1,0.0735,0.7821,3,0.0719
3,dimension_3d,prediction,regdgcnn,drivaernet_3d_2d,M,pressure::pressure,49.7556,0.5,1.4414,1,0.2951,812.5576,6,0.0807,0.9198,5,0.1046,14.8181,2,0.064,24.0107,2,0.064,37.5869,2,0.064,0.9638,2,0.064,0.1835,2,0.064,991.1524,3,0.0704,,,0.0,0.9466,1,0.0632,0.8705,3,0.0661
3,dimension_3d,prediction,regdgcnn,drivaernet_3d_2d,M,pv_coupled::pressure,50.7839,0.5,1.4418,1,0.246,825.3161,6,0.0898,0.8788,5,0.1134,18.2961,3,0.0642,29.1377,3,0.0642,43.4104,3,0.0642,0.9468,3,0.0642,0.2227,3,0.0642,970.3765,3,0.1013,,,0.0,0.9361,3,0.0642,0.8343,3,0.0642
3,dimension_3d,prediction,abupt,drivaernet_3d_2d,M,pv_coupled::velocity_x,48.8842,0.5,8.7512,6,0.1516,728.4571,5,0.0684,0.8377,3,0.1202,2.4938,3,0.064,3.9344,3,0.0661,35.2147,4,0.0684,0.9152,3,0.0661,0.1694,3,0.0661,41.2936,1,0.1369,0.9643,3.0,0.0661,0.9247,4,0.0644,0.8378,4,0.0616
3,dimension_3d,prediction,regdgcnn,drivaernet_3d_2d,M,pv_coupled::velocity_y,47.6066,0.5,1.4418,1,0.1334,825.3161,6,0.0723,0.8788,5,0.1821,0.8242,3,0.0599,1.5206,3,0.0599,101.5972,1,0.0667,0.2803,3,0.0599,0.8433,3,0.0599,18.143,5,0.1101,0.9683,1.0,0.0653,0.7338,2,0.0667,0.433,2,0.0636
3,dimension_3d,prediction,regdgcnn,drivaernet_3d_2d,M,pv_coupled::velocity_z,48.493,0.5,1.4418,1,0.1544,825.3161,6,0.0767,0.8788,5,0.1123,1.0092,2,0.0674,1.6485,1,0.0654,63.9284,2,0.0674,0.8801,1,0.0654,0.3389,1,0.0654,32.0303,4,0.1039,0.9683,1.0,0.0806,0.8591,1,0.0654,0.8232,3,0.0756
3,dimension_3d,prediction,transolver_pp,drivaernet_3d_2d,M,velocity::velocity_x,99.703,0.5,1.741,3,0.1911,204.1287,3,0.0672,0.9212,5,0.0849,2.7307,4,0.0672,4.3169,4,0.0672,36.6292,4,0.0672,0.898,4,0.0672,0.1859,4,0.0672,47.1884,4,0.1112,0.9588,4.0,0.0672,0.9253,4,0.0707,0.7959,4,0.0715
3,dimension_3d,prediction,regdgcnn,drivaernet_3d_2d,M,velocity::velocity_y,50.8377,0.5,1.4417,1,0.1201,820.6919,5,0.0692,0.924,6,0.0767,0.8357,3,0.0689,1.5416,3,0.0679,99.2823,1,0.0767,0.2603,3,0.0679,0.8549,3,0.0679,18.6047,4,0.0755,0.9655,2.0,0.0692,0.7409,2,0.1488,0.4268,3,0.0913
3,dimension_3d,prediction,regdgcnn,drivaernet_3d_2d,M,velocity::velocity_z,50.076,0.5,1.4417,1,0.1666,820.6919,5,0.0702,0.924,6,0.0874,1.0426,4,0.0811,1.7227,2,0.0702,64.2727,1,0.0753,0.8691,2,0.0702,0.3542,2,0.0702,31.298,3,0.0748,0.9655,2.0,0.0702,0.858,1,0.0827,0.8168,4,0.0811
3,dimension_3d,prediction,regdgcnn,drivaernet_3d_2d,S,body_pressure::body_pressure,60.8118,0.4667,1.4414,1,0.201,1771.9293,5,0.1,0.2631,5,0.1179,21.8227,3,0.0701,39.6046,3,0.0701,27.1452,3,0.0701,0.8827,3,0.0701,0.2658,3,0.0701,9340.9004,2,0.0828,,,0.0,0.9676,1,0.0751,0.7704,3,0.0725
3,dimension_3d,prediction,transolver_pp,drivaernet_3d_2d,S,pressure::pressure,51.4588,0.5,1.7405,3,0.1524,113.0762,2,0.1313,0.9116,5,0.0805,21.3439,2,0.076,36.3683,2,0.076,48.6599,2,0.0784,0.917,2,0.076,0.2779,2,0.076,1194.218,5,0.097,,,0.0,0.9281,3,0.0805,0.7978,2,0.076
3,dimension_3d,prediction,regdgcnn,drivaernet_3d_2d,S,pv_coupled::pressure,47.2603,0.5,1.4418,1,0.2371,370.6432,6,0.0957,0.9865,6,0.2055,22.3564,2,0.0552,36.1086,2,0.0552,49.6158,2,0.0552,0.9182,2,0.0552,0.2759,2,0.0552,961.3308,1,0.0752,,,0.0,0.9234,2,0.0552,0.7747,2,0.0552
3,dimension_3d,prediction,abupt,drivaernet_3d_2d,S,pv_coupled::velocity_x,47.5955,0.5,8.7512,6,0.1843,346.5929,5,0.0962,0.8346,3,0.2057,3.462,4,0.0563,5.1023,3,0.0546,40.7738,4,0.0563,0.8574,3,0.0546,0.2197,3,0.0546,40.1463,1,0.0686,0.9437,3.0,0.0546,0.9159,4,0.0563,0.673,4,0.0578
3,dimension_3d,prediction,abupt,drivaernet_3d_2d,S,pv_coupled::velocity_y,48.8892,0.5,8.7512,6,0.0914,346.5929,5,0.1413,0.8346,3,0.0896,0.8568,1,0.0642,1.5366,2,0.062,112.1477,3,0.0914,0.2651,2,0.062,0.8521,2,0.062,17.4158,2,0.0655,0.9437,3.0,0.0718,0.7044,3,0.1371,0.404,2,0.062
3,dimension_3d,prediction,regdgcnn,drivaernet_3d_2d,S,pv_coupled::velocity_z,45.754,0.5,1.4418,1,0.1896,370.6432,6,0.1083,0.9865,6,0.1784,1.1734,2,0.0576,1.8778,2,0.0576,67.8114,1,0.0558,0.8445,2,0.0576,0.386,2,0.0576,32.1831,1,0.0603,0.957,2.0,0.0572,0.8469,2,0.0572,0.7885,3,0.0628
3,dimension_3d,prediction,regdgcnn,drivaernet_3d_2d,S,velocity::velocity_x,49.6312,0.5,1.4417,1,0.1417,354.0156,5,0.0976,0.9192,5,0.1072,3.2426,1,0.059,4.9842,2,0.0582,39.9773,2,0.0578,0.864,2,0.0582,0.2146,2,0.0582,43.3693,5,0.1723,0.946,1.0,0.059,0.9235,2,0.0606,0.7672,1,0.0703
3,dimension_3d,prediction,abupt,drivaernet_3d_2d,S,velocity::velocity_y,47.0394,0.5,8.7512,6,0.086,377.8322,6,0.2027,0.8322,3,0.1135,0.8534,1,0.0583,1.5419,1,0.0583,110.4242,4,0.0869,0.26,1,0.0583,0.8551,1,0.0583,17.6343,1,0.0715,0.9459,2.0,0.0703,0.7023,3,0.0734,0.4045,1,0.0626
3,dimension_3d,prediction,regdgcnn,drivaernet_3d_2d,S,velocity::velocity_z,50.63,0.5,1.4417,1,0.1822,354.0156,5,0.1822,0.9192,5,0.0748,1.2748,1,0.0593,2.0257,1,0.0593,71.1596,1,0.0593,0.819,1,0.0593,0.4164,1,0.0593,34.2575,1,0.0691,0.946,1.0,0.0618,0.8417,1,0.0593,0.7763,2,0.0742
3,dimension_3d,prediction,transolver,drivaernet_3d_2d,XL,body_pressure::body_pressure,47.4449,0.5,3.7775,5,0.2561,4296.9617,3,0.0758,0.4165,6,0.1111,14.3502,2,0.0657,26.5854,2,0.0657,19.9729,2,0.0657,0.9471,2,0.0657,0.1784,2,0.0657,9369.7812,1,0.0721,,,0.0,0.9674,4,0.0799,0.7873,4,0.0765
3,dimension_3d,prediction,transolver,drivaernet_3d_2d,XL,pressure::pressure,51.3447,0.5,3.778,5,0.3356,702.3669,4,0.1106,0.9539,6,0.0641,9.6369,2,0.0609,16.5204,2,0.0609,29.4113,2,0.0609,0.9829,2,0.0609,0.1262,2,0.0609,920.4632,2,0.0621,,,0.0,0.9583,2,0.0621,0.9146,2,0.0609
3,dimension_3d,prediction,abupt,drivaernet_3d_2d,XL,pv_coupled::pressure,48.7709,0.5,8.7512,6,0.1003,2304.6267,5,0.0977,0.8362,3,0.2176,12.8095,1,0.0698,21.1519,1,0.0698,35.6707,1,0.0698,0.9719,1,0.0698,0.1616,1,0.0698,894.5397,3,0.0943,,,0.0,0.948,1,0.0698,0.896,1,0.0716
3,dimension_3d,prediction,regdgcnn,drivaernet_3d_2d,XL,pv_coupled::velocity_x,51.731,0.5,1.4418,1,0.1759,3124.4563,6,0.0638,0.8819,5,0.1397,1.8966,1,0.0605,3.1072,1,0.0605,30.3583,1,0.0605,0.9471,1,0.0605,0.1338,1,0.0605,39.0508,2,0.096,0.9757,2.0,0.0625,0.9385,1,0.0605,0.876,4,0.099
3,dimension_3d,prediction,transolver_pp,drivaernet_3d_2d,XL,pv_coupled::velocity_y,47.9085,0.5,1.7412,3,0.0973,530.2068,4,0.0815,0.9212,6,0.1758,0.7924,2,0.0716,1.4396,3,0.0655,112.5539,5,0.0711,0.355,3,0.0655,0.7984,3,0.0655,17.7175,3,0.0795,0.9709,4.0,0.0651,0.6858,6,0.0963,0.4591,3,0.0655
3,dimension_3d,prediction,abupt,drivaernet_3d_2d,XL,pv_coupled::velocity_z,47.7311,0.5,8.7512,6,0.1143,2304.6267,5,0.077,0.8362,3,0.1979,0.8162,1,0.0656,1.4263,1,0.0656,56.4702,1,0.0697,0.9103,1,0.0656,0.2932,1,0.0656,29.674,2,0.0821,0.9758,1.0,0.0656,0.8702,1,0.0656,0.8562,1,0.0656
3,dimension_3d,prediction,abupt,drivaernet_3d_2d,XL,velocity::velocity_x,46.3944,0.5,8.7512,6,0.1437,2305.9139,5,0.0825,0.8361,4,0.0984,1.8645,1,0.0703,3.013,1,0.0703,30.1179,1,0.0703,0.9503,1,0.0703,0.1297,1,0.0703,37.053,1,0.1007,0.9771,1.0,0.0703,0.9379,1,0.0703,0.8809,1,0.0825
3,dimension_3d,prediction,abupt,drivaernet_3d_2d,XL,velocity::velocity_y,56.0516,0.5,8.7512,6,0.0971,2305.9139,5,0.0922,0.8361,4,0.1025,0.7681,1,0.0696,1.4228,1,0.0763,97.8634,1,0.0814,0.37,1,0.0763,0.789,1,0.0763,19.8871,6,0.0692,0.9771,1.0,0.0743,0.7505,2,0.1153,0.4715,1,0.0696
3,dimension_3d,prediction,regdgcnn,drivaernet_3d_2d,XL,velocity::velocity_z,50.1385,0.5,1.4417,1,0.1532,3111.812,6,0.078,0.9235,6,0.086,0.8857,2,0.0718,1.4904,2,0.0714,59.1113,3,0.0766,0.902,2,0.0714,0.3064,2,0.0714,28.7821,1,0.0966,0.9741,2.0,0.0714,0.8684,3,0.0757,0.8439,3,0.0766
4,dimension_3d,prediction,geofno,deepjeb_3d_2d,L,diagonal::disp_x,41.7225,0.5,1.5458,2,0.1552,1767.9762,1,0.0975,0.2145,1,0.0809,0.006,5,0.0717,0.0102,4,0.0753,72.2367,5,0.0717,0.6502,4,0.0753,0.4725,4,0.0753,0.1729,5,0.0784,0.9344,4.0,0.0753,0.8617,5,0.0717,0.5954,5,0.0717
4,dimension_3d,prediction,geofno,deepjeb_3d_2d,L,diagonal::disp_y,41.2779,0.5,1.5458,2,0.1732,1767.9762,1,0.0777,0.2145,1,0.0855,0.0066,4,0.0734,0.0103,4,0.0734,106.1878,4,0.0734,0.6484,4,0.0734,0.5929,4,0.0734,0.1908,5,0.0777,0.9344,4.0,0.0734,0.7327,5,0.0719,0.6493,4,0.0734
4,dimension_3d,prediction,geofno,deepjeb_3d_2d,L,diagonal::disp_z,42.1948,0.5,1.5458,2,0.1535,1767.9762,1,0.0813,0.2145,1,0.0853,0.0134,4,0.0743,0.0201,4,0.0767,58.4151,5,0.0751,0.8568,4,0.0767,0.2696,4,0.0767,0.2296,4,0.0767,0.9344,4.0,0.0743,0.889,5,0.0751,0.7621,4,0.0743
4,dimension_3d,prediction,geofno,deepjeb_3d_2d,L,diagonal::stress,41.5245,0.5,1.5458,2,0.1319,1767.9762,1,0.0809,0.2145,1,0.0906,26.0188,4,0.0799,38.0936,4,0.0768,86.0239,5,0.0778,0.361,4,0.0768,0.6906,4,0.0768,790.8909,3,0.1517,,,0.0,0.7942,5,0.0778,0.4243,4,0.0788
4,dimension_3d,prediction,pointnet,deepjeb_3d_2d,L,horizontal::disp_x,40.9513,0.5,3.6682,4,0.1474,3183.5612,3,0.1132,0.2438,3,0.0927,0.0181,4,0.0715,0.0293,4,0.075,66.1822,4,0.0676,0.8508,4,0.0812,0.3165,4,0.0812,0.4366,4,0.0676,0.9466,4.0,0.0676,0.9144,4,0.0676,0.9194,4,0.0676
4,dimension_3d,prediction,geofno,deepjeb_3d_2d,L,horizontal::disp_y,43.0058,0.5,1.5458,2,0.1635,1734.3898,1,0.1482,0.2146,1,0.1158,0.0033,4,0.0612,0.0049,4,0.0637,95.8305,4,0.063,0.5951,4,0.0664,0.6323,4,0.0664,0.0835,4,0.0626,0.8907,5.0,0.0634,0.775,4,0.063,0.5858,4,0.063
4,dimension_3d,prediction,geofno,deepjeb_3d_2d,L,horizontal::disp_z,40.0475,0.5,1.5458,2,0.1292,1734.3898,1,0.1239,0.2146,1,0.0995,0.0169,4,0.074,0.0277,4,0.0799,73.906,4,0.0698,0.8714,4,0.0799,0.334,4,0.0799,0.6712,5,0.066,0.8907,5.0,0.066,0.8588,5,0.066,0.8316,5,0.066
4,dimension_3d,prediction,transolver,deepjeb_3d_2d,L,horizontal::stress,42.7517,0.5,3.7788,5,0.1338,3210.2929,4,0.1452,0.298,5,0.0978,21.001,1,0.0643,39.8897,2,0.0706,56.2869,1,0.0643,0.703,2,0.0706,0.5368,2,0.0706,1364.9651,5,0.154,,,0.0,0.8712,1,0.0643,0.685,1,0.0643
4,dimension_3d,prediction,geofno,deepjeb_3d_2d,L,mode_shape_1::mode_x,44.872,0.5,1.5457,2,0.0736,1027.6618,1,0.0975,0.1866,1,0.0915,259.3294,4,0.0773,357.7906,4,0.0773,180.0896,2,0.0721,-0.0027,4,0.0773,1.0013,4,0.0748,4666.5298,2,0.0774,0.0027,5.0,0.1073,0.5006,3,0.0763,0.0974,5,0.0975
4,dimension_3d,prediction,geofno,deepjeb_3d_2d,L,mode_shape_1::mode_y,41.4332,0.5,1.5457,2,0.0777,1027.6618,1,0.0922,0.1866,1,0.0904,374.8932,4,0.0815,552.5432,4,0.0691,176.7569,2,0.0815,-0.0016,4,0.0691,1.0008,4,0.0698,7182.8647,1,0.1103,0.0027,5.0,0.0985,0.5036,3,0.0802,0.1115,5,0.0796
4,dimension_3d,prediction,geofno,deepjeb_3d_2d,L,mode_shape_1::mode_z,77.6065,0.5,1.5457,2,0.0674,1027.6618,1,0.0901,0.1866,1,0.1326,642.097,4,0.0865,794.3236,4,0.0674,188.0611,2,0.069,-0.0015,4,0.0674,1.0007,4,0.0665,5317.2393,4,0.0674,0.0027,5.0,0.1225,0.4989,4,0.0901,0.1206,4,0.0731
4,dimension_3d,prediction,transolver_pp,deepjeb_3d_2d,L,mode_shape_2::mode_x,44.2514,0.45,1.741,3,0.072,2310.5367,5,0.1065,0.2292,4,0.1114,248.4664,2,0.0603,327.4361,2,0.0603,190.3189,4,0.0603,-0.0002,2,0.0603,1.0001,2,0.0603,3806.3674,3,0.0667,0.0032,3.0,0.0623,0.4996,4,0.1059,0.1044,5,0.1738
4,dimension_3d,prediction,regdgcnn,deepjeb_3d_2d,L,mode_shape_2::mode_y,40.6193,0.5,1.4417,1,0.0755,1660.0483,4,0.1635,0.2339,5,0.1141,270.0371,4,0.0679,460.6551,5,0.0625,159.2574,1,0.0625,-0.0257,5,0.0625,1.0127,5,0.0623,10534.6465,4,0.0679,0.1466,1.0,0.0644,0.4951,5,0.0755,0.2353,1,0.1214
4,dimension_3d,prediction,geofno,deepjeb_3d_2d,L,mode_shape_2::mode_z,41.5737,0.5,1.5457,2,0.0648,881.5006,1,0.1219,0.1884,1,0.111,697.1258,5,0.0683,925.9043,4,0.0691,161.398,1,0.0691,-0.0489,4,0.0697,1.0242,4,0.0697,5774.7744,4,0.0648,0.0334,2.0,0.0647,0.4944,5,0.0877,0.1446,3,0.139
4,dimension_3d,prediction,geofno,deepjeb_3d_2d,L,torsion::disp_x,42.9453,0.5,1.5458,2,0.138,1444.2569,1,0.1932,0.2077,1,0.0878,0.0028,4,0.0617,0.0055,4,0.0617,71.7757,4,0.0617,0.905,4,0.0617,0.3081,4,0.0617,0.1892,5,0.0617,0.919,4.0,0.0617,0.8775,5,0.0878,0.8538,4,0.0617
4,dimension_3d,prediction,geofno,deepjeb_3d_2d,L,torsion::disp_y,42.1044,0.5,1.5458,2,0.1331,1444.2569,1,0.2112,0.2077,1,0.0875,0.002,4,0.0631,0.0038,4,0.0631,102.544,4,0.0631,0.9105,4,0.0631,0.2983,4,0.0631,0.1465,5,0.0631,0.919,4.0,0.0631,0.7376,5,0.0631,0.7228,4,0.0631
4,dimension_3d,prediction,geofno,deepjeb_3d_2d,L,torsion::disp_z,42.2429,0.5,1.5458,2,0.1402,1444.2569,1,0.1928,0.2077,1,0.0857,0.0023,4,0.0643,0.0038,4,0.0643,82.1771,4,0.0643,0.889,4,0.0643,0.3329,4,0.0643,0.107,5,0.0671,0.919,4.0,0.0643,0.8322,5,0.0643,0.8024,4,0.0643
4,dimension_3d,prediction,geofno,deepjeb_3d_2d,L,torsion::stress,43.0395,0.5,1.5458,2,0.1858,1444.2569,1,0.192,0.2077,1,0.0835,15.6295,4,0.0677,26.4598,4,0.067,109.5178,4,0.0677,0.5082,4,0.067,0.7012,4,0.067,619.5901,2,0.0677,,,0.0,0.6902,4,0.067,0.6379,4,0.0677
4,dimension_3d,prediction,pointnet,deepjeb_3d_2d,L,vertical::disp_x,43.3405,0.5,3.6682,4,0.1308,3235.763,4,0.1942,0.2403,2,0.0745,0.0101,4,0.0654,0.0173,4,0.0661,65.279,4,0.0654,0.9305,4,0.0661,0.2396,4,0.0661,0.3374,4,0.0745,0.979,4.0,0.0661,0.873,4,0.0654,0.9134,4,0.0654
4,dimension_3d,prediction,pointnet,deepjeb_3d_2d,L,vertical::disp_y,41.3587,0.5,3.6682,4,0.1882,3235.763,4,0.1053,0.2403,2,0.0698,0.0055,4,0.0668,0.0098,4,0.0668,82.2306,4,0.0786,0.7904,4,0.0668,0.4573,4,0.0668,0.1513,4,0.0668,0.979,4.0,0.0786,0.8277,4,0.0786,0.7498,4,0.0668
4,dimension_3d,prediction,pointnet,deepjeb_3d_2d,L,vertical::disp_z,42.5609,0.5,3.6682,4,0.1399,3235.763,4,0.1302,0.2403,2,0.0775,0.0181,4,0.0709,0.0292,4,0.0728,60.3309,4,0.0719,0.9348,4,0.0728,0.2052,4,0.0728,0.3882,4,0.0723,0.979,4.0,0.0719,0.8764,4,0.0735,0.9334,4,0.0735
4,dimension_3d,prediction,geofno,deepjeb_3d_2d,L,vertical::stress,40.6297,0.5,1.5458,2,0.1711,1787.3459,1,0.1385,0.2156,1,0.0727,44.1483,5,0.0718,64.2036,5,0.0765,102.7544,5,0.0765,0.4105,5,0.0765,0.7383,5,0.0765,1669.7179,4,0.0856,,,0.0,0.7268,5,0.0765,0.4642,4,0.0776
4,dimension_3d,prediction,pointnet,deepjeb_3d_2d,M,diagonal::disp_x,40.6322,0.5,3.6682,4,0.2078,1639.227,2,0.0686,0.2534,2,0.0722,0.0079,4,0.0686,0.0134,4,0.0686,72.4444,4,0.0771,0.3965,4,0.0686,0.6206,4,0.0686,0.1445,4,0.0857,0.8618,4.0,0.0686,0.8724,4,0.0771,0.6016,4,0.0686
4,dimension_3d,prediction,geofno,deepjeb_3d_2d,M,diagonal::disp_y,42.1631,0.5,1.5458,2,0.1663,804.1954,1,0.0766,0.2135,1,0.0754,0.0081,4,0.0744,0.0122,4,0.0688,131.5668,4,0.0888,0.5065,4,0.0701,0.7024,4,0.0701,0.1495,4,0.0701,0.8187,5.0,0.0766,0.6252,4,0.0918,0.5976,4,0.0711
4,dimension_3d,prediction,pointnet,deepjeb_3d_2d,M,diagonal::disp_z,40.8951,0.5,3.6682,4,0.1668,1639.227,2,0.0727,0.2534,2,0.0705,0.0185,4,0.0705,0.0292,4,0.0705,54.8678,4,0.0824,0.6973,4,0.0705,0.3919,4,0.0705,0.2963,5,0.0768,0.8618,4.0,0.0727,0.9364,4,0.0824,0.5461,5,0.0937
4,dimension_3d,prediction,geofno,deepjeb_3d_2d,M,diagonal::stress,41.2987,0.5,1.5458,2,0.1553,804.1954,1,0.0867,0.2135,1,0.0847,31.0353,4,0.081,44.4329,4,0.0793,95.8384,5,0.113,0.1307,4,0.0793,0.8056,4,0.0793,803.8414,4,0.0793,,,0.0,0.7478,4,0.081,0.32,4,0.081
4,dimension_3d,prediction,geofno,deepjeb_3d_2d,M,horizontal::disp_x,41.6318,0.5,1.5458,2,0.1318,803.3753,1,0.1141,0.2143,1,0.0989,0.0264,4,0.0751,0.0418,4,0.077,81.8596,4,0.0698,0.6962,4,0.077,0.4515,4,0.077,0.7658,5,0.069,0.8461,4.0,0.0698,0.8818,5,0.0706,0.6859,4,0.0698
4,dimension_3d,prediction,geofno,deepjeb_3d_2d,M,horizontal::disp_y,43.053,0.5,1.5458,2,0.1899,803.3753,1,0.0955,0.2143,1,0.0851,0.0036,4,0.0652,0.0054,4,0.0669,104.1561,4,0.0719,0.5104,4,0.0669,0.6953,4,0.0669,0.083,4,0.0887,0.8461,4.0,0.0719,0.737,4,0.0655,0.5347,4,0.0655
4,dimension_3d,prediction,geofno,deepjeb_3d_2d,M,horizontal::disp_z,43.007,0.5,1.5458,2,0.1454,803.3753,1,0.1418,0.2143,1,0.1157,0.0195,4,0.0683,0.0299,4,0.0683,79.4937,4,0.0659,0.8498,4,0.0683,0.3609,4,0.0683,0.4538,4,0.0644,0.8461,4.0,0.0644,0.8464,4,0.0644,0.694,4,0.0644
4,dimension_3d,prediction,geofno,deepjeb_3d_2d,M,horizontal::stress,43.043,0.5,1.5458,2,0.2194,803.3753,1,0.0903,0.2143,1,0.0853,40.9971,4,0.0714,60.6702,4,0.0698,101.6347,4,0.0714,0.313,4,0.0698,0.8164,4,0.0698,1360.6631,5,0.1097,,,0.0,0.7267,4,0.0714,0.2931,4,0.0714
4,dimension_3d,prediction,regdgcnn,deepjeb_3d_2d,M,mode_shape_1::mode_x,41.6288,0.5,1.4417,1,0.0888,1152.3368,4,0.0968,0.2355,4,0.0968,266.121,4,0.0669,374.4712,4,0.0669,162.0206,2,0.0677,-0.0984,4,0.0669,1.048,4,0.0669,4683.4824,3,0.0704,0.2764,1.0,0.0874,0.4865,5,0.0985,0.3418,3,0.126
4,dimension_3d,prediction,geofno,deepjeb_3d_2d,M,mode_shape_1::mode_y,44.4057,0.5,1.5457,2,0.0759,477.9943,1,0.1231,0.1876,1,0.1231,397.7675,4,0.0637,573.2701,4,0.0637,156.6327,2,0.0637,-0.0781,4,0.0637,1.0383,4,0.0637,7233.3652,4,0.0637,0.133,3.0,0.0739,0.4997,2,0.072,0.1857,5,0.1498
4,dimension_3d,prediction,geofno,deepjeb_3d_2d,M,mode_shape_1::mode_z,44.3116,0.5,1.5457,2,0.0634,477.9943,1,0.1738,0.1876,1,0.1738,655.6768,4,0.0559,832.4261,4,0.0559,159.6492,2,0.0559,-0.0999,4,0.0559,1.0487,4,0.0559,5807.8457,4,0.0559,0.133,3.0,0.0602,0.4994,4,0.0634,0.3136,4,0.1303
4,dimension_3d,prediction,regdgcnn,deepjeb_3d_2d,M,mode_shape_2::mode_x,42.3572,0.5,1.4417,1,0.072,820.0586,3,0.0948,0.2328,4,0.1102,254.8094,4,0.0675,336.202,4,0.0675,160.6344,2,0.0675,-0.0545,4,0.0675,1.0269,4,0.0675,3755.6138,1,0.1256,0.0957,2.0,0.0794,0.5033,1,0.0931,0.1955,1,0.0871
4,dimension_3d,prediction,transolver,deepjeb_3d_2d,M,mode_shape_2::mode_y,41.553,0.5,3.7785,5,0.063,896.788,4,0.1277,0.2156,3,0.1132,262.9802,2,0.0593,454.9906,2,0.0593,182.8337,4,0.0593,-0.0006,2,0.0593,1.0003,2,0.0593,10490.6025,2,0.063,0.0016,4.0,0.0701,0.502,4,0.1606,0.15,4,0.1059
4,dimension_3d,prediction,geofno,deepjeb_3d_2d,M,mode_shape_2::mode_z,44.373,0.5,1.5457,2,0.0701,454.4052,1,0.1402,0.1889,1,0.123,704.6326,4,0.0677,932.6837,4,0.0677,156.9686,2,0.0815,-0.0643,4,0.0677,1.0317,4,0.0677,6448.0669,4,0.0701,0.0812,3.0,0.0735,0.5031,3,0.0648,0.1196,4,0.1058
4,dimension_3d,prediction,geofno,deepjeb_3d_2d,M,torsion::disp_x,42.5143,0.5,1.5458,2,0.1668,872.0835,1,0.1326,0.2064,1,0.0797,0.0034,4,0.0654,0.0065,4,0.0684,81.3351,5,0.067,0.8646,4,0.0665,0.3679,4,0.0665,0.2037,5,0.0742,0.8842,4.0,0.0657,0.8477,5,0.067,0.8218,4,0.0801
4,dimension_3d,prediction,geofno,deepjeb_3d_2d,M,torsion::disp_y,40.9767,0.5,1.5458,2,0.1907,872.0835,1,0.1015,0.2064,1,0.0688,0.0024,4,0.0652,0.0044,4,0.065,108.8554,5,0.0898,0.8779,5,0.0622,0.3484,5,0.0622,0.1345,5,0.0688,0.8842,4.0,0.072,0.7192,5,0.0898,0.6655,5,0.0642
4,dimension_3d,prediction,geofno,deepjeb_3d_2d,M,torsion::disp_z,42.2343,0.5,1.5458,2,0.1674,872.0835,1,0.1568,0.2064,1,0.0749,0.0028,4,0.0686,0.0045,4,0.0667,92.4179,5,0.0637,0.8465,4,0.069,0.3916,4,0.069,0.1051,5,0.0675,0.8842,4.0,0.0664,0.7951,5,0.0637,0.7697,4,0.0664
4,dimension_3d,prediction,geofno,deepjeb_3d_2d,M,torsion::stress,42.4502,0.5,1.5458,2,0.1678,872.0835,1,0.1321,0.2064,1,0.0913,17.1771,4,0.0714,28.3175,4,0.0714,115.2712,4,0.0714,0.4368,4,0.0714,0.7505,4,0.0714,616.9532,2,0.0913,,,0.0,0.659,5,0.0828,0.6013,4,0.0776
4,dimension_3d,prediction,geofno,deepjeb_3d_2d,M,vertical::disp_x,40.9401,0.5,1.5458,2,0.1185,912.9721,1,0.1879,0.2155,1,0.0982,0.0214,4,0.071,0.0344,4,0.0671,103.3876,5,0.0625,0.7238,4,0.071,0.4775,4,0.071,0.6547,5,0.0625,0.8579,4.0,0.0651,0.7453,5,0.0625,0.7505,5,0.0625
4,dimension_3d,prediction,geofno,deepjeb_3d_2d,M,vertical::disp_y,41.079,0.5,1.5458,2,0.1441,912.9721,1,0.1142,0.2155,1,0.0818,0.0083,4,0.0688,0.0132,4,0.0688,114.8712,5,0.0766,0.617,4,0.0688,0.6182,4,0.0688,0.2109,5,0.0729,0.8579,4.0,0.0917,0.6875,5,0.0766,0.6412,5,0.0672
4,dimension_3d,prediction,geofno,deepjeb_3d_2d,M,vertical::disp_z,42.0663,0.5,1.5458,2,0.125,912.9721,1,0.1528,0.2155,1,0.1123,0.0347,4,0.0679,0.0536,4,0.0671,82.8413,4,0.0671,0.7809,4,0.0671,0.3761,4,0.0671,0.8631,5,0.0705,0.8579,4.0,0.0671,0.8305,4,0.0671,0.8196,4,0.0688
4,dimension_3d,prediction,geofno,deepjeb_3d_2d,M,vertical::stress,41.8205,0.5,1.5458,2,0.1288,912.9721,1,0.1553,0.2155,1,0.1211,48.6705,4,0.0704,69.8162,4,0.0704,112.1293,4,0.0841,0.3029,4,0.0704,0.8028,4,0.0704,1727.2987,4,0.0865,,,0.0,0.6899,4,0.0704,0.4014,4,0.0721
4,dimension_3d,prediction,geofno,deepjeb_3d_2d,S,diagonal::disp_x,41.3795,0.5,1.5458,2,0.2054,333.7859,1,0.0749,0.214,1,0.1137,0.0096,5,0.065,0.0148,5,0.065,88.0878,5,0.0663,0.2632,5,0.065,0.6857,5,0.065,0.1832,5,0.0749,0.7859,5.0,0.065,0.8399,5,0.0749,0.389,5,0.065
4,dimension_3d,prediction,geofno,deepjeb_3d_2d,S,diagonal::disp_y,42.1859,0.5,1.5458,2,0.1828,333.7859,1,0.0831,0.214,1,0.1523,0.0091,4,0.0633,0.014,4,0.0633,132.9216,4,0.0633,0.3468,4,0.0633,0.8081,4,0.0633,0.2138,4,0.0719,0.7859,5.0,0.0666,0.6128,4,0.0633,0.4802,4,0.0633
4,dimension_3d,prediction,pointnet,deepjeb_3d_2d,S,diagonal::disp_z,42.03,0.5,3.6682,4,0.2738,711.9381,3,0.0677,0.2546,3,0.1086,0.0162,4,0.0605,0.0255,4,0.0605,53.9003,4,0.0605,0.7684,4,0.0605,0.3428,4,0.0605,0.2704,4,0.0605,0.891,4.0,0.0605,0.9249,4,0.0605,0.7954,4,0.0656
4,dimension_3d,prediction,geofno,deepjeb_3d_2d,S,diagonal::stress,42.7824,0.5,1.5458,2,0.2404,333.7859,1,0.0791,0.214,1,0.1276,32.4438,5,0.0679,46.1211,5,0.0679,97.34,5,0.0679,0.0634,5,0.0679,0.8362,5,0.0679,787.1807,4,0.071,,,0.0,0.7439,4,0.071,0.2267,4,0.071
4,dimension_3d,prediction,pointnet,deepjeb_3d_2d,S,horizontal::disp_x,41.1337,0.5,3.6682,4,0.2068,694.8508,3,0.0735,0.2437,2,0.0669,0.0337,4,0.0669,0.053,4,0.0669,84.7578,4,0.0669,0.5105,4,0.0669,0.5732,4,0.0669,0.6513,4,0.0779,0.7901,4.0,0.0779,0.9118,2,0.0959,0.6772,4,0.0669
4,dimension_3d,prediction,pointnet,deepjeb_3d_2d,S,horizontal::disp_y,40.7161,0.5,3.6682,4,0.1243,694.8508,3,0.1102,0.2437,2,0.086,0.005,4,0.0701,0.0076,5,0.0708,146.9874,5,0.0708,0.0317,5,0.0708,0.9778,5,0.0708,0.089,4,0.0917,0.7901,4.0,0.093,0.6011,5,0.0708,0.2383,5,0.0708
4,dimension_3d,prediction,pointnet,deepjeb_3d_2d,S,horizontal::disp_z,40.3243,0.5,3.6682,4,0.1221,694.8508,3,0.103,0.2437,2,0.0741,0.0333,5,0.0795,0.0518,5,0.0795,102.8181,4,0.0814,0.551,5,0.0795,0.6241,5,0.0795,0.6196,4,0.0741,0.7901,4.0,0.0758,0.8078,4,0.0758,0.6688,4,0.0758
4,dimension_3d,prediction,geofno,deepjeb_3d_2d,S,horizontal::stress,41.6313,0.5,1.5458,2,0.1512,336.9165,1,0.1204,0.2151,1,0.0987,48.411,4,0.0764,67.6259,4,0.0764,121.4211,4,0.0789,0.1465,4,0.0764,0.91,4,0.0764,1317.575,4,0.0899,,,0.0,0.6518,4,0.0764,0.1955,4,0.0789
4,dimension_3d,prediction,geofno,deepjeb_3d_2d,S,mode_shape_1::mode_x,44.2914,0.5,1.5457,2,0.0715,196.5693,1,0.0961,0.1863,1,0.1227,275.4768,4,0.0686,377.3646,4,0.0686,154.2936,2,0.0686,-0.1154,4,0.0686,1.0561,4,0.0686,4973.5352,5,0.0961,0.1456,2.0,0.084,0.4966,4,0.0722,0.1467,5,0.1145
4,dimension_3d,prediction,geofno,deepjeb_3d_2d,S,mode_shape_1::mode_y,44.465,0.5,1.5457,2,0.0677,196.5693,1,0.1252,0.1863,1,0.1415,394.6812,4,0.0646,571.0676,4,0.0646,155.8427,2,0.0626,-0.0698,4,0.0646,1.0343,4,0.0621,7243.1675,5,0.0743,0.1456,2.0,0.0673,0.4979,3,0.1223,0.199,3,0.0832
4,dimension_3d,prediction,transolver,deepjeb_3d_2d,S,mode_shape_1::mode_z,43.2228,0.5,3.7785,5,0.0666,335.7921,3,0.1377,0.2188,3,0.1609,641.9619,1,0.0666,793.7884,1,0.0666,188.868,5,0.0666,-0.0002,1,0.0666,1.0,1,0.0666,5260.5654,2,0.0778,0.0038,5.0,0.0692,0.4972,2,0.0758,0.1593,4,0.0788
4,dimension_3d,prediction,pointnet,deepjeb_3d_2d,S,mode_shape_2::mode_x,43.5355,0.5,3.6681,4,0.0822,201.9775,2,0.1289,0.1934,2,0.1289,248.4437,1,0.0653,327.4174,1,0.0653,192.5515,5,0.0645,-0.0001,1,0.0653,1.0001,1,0.0653,3797.4019,2,0.0973,0.0015,5.0,0.0734,0.4999,4,0.09,0.1066,5,0.0734
4,dimension_3d,prediction,transolver_pp,deepjeb_3d_2d,S,mode_shape_2::mode_y,44.4651,0.5,1.741,3,0.0753,564.5549,5,0.1213,0.3385,5,0.1213,264.299,2,0.0633,457.6529,2,0.0633,166.5816,4,0.0633,-0.0123,2,0.0633,1.0061,2,0.0633,10632.0068,4,0.112,0.2811,3.0,0.0753,0.5055,2,0.0891,0.4942,1,0.0891
4,dimension_3d,prediction,pointnet,deepjeb_3d_2d,S,mode_shape_2::mode_z,43.5971,0.5,3.6681,4,0.0853,201.9775,2,0.1168,0.1934,2,0.1168,673.837,1,0.0698,904.0585,1,0.0698,198.0977,5,0.0689,0.0,1,0.0698,1.0,1,0.0698,5244.0903,1,0.068,0.0015,5.0,0.0881,0.5043,3,0.112,0.1986,5,0.0648
4,dimension_3d,prediction,geofno,deepjeb_3d_2d,S,torsion::disp_x,43.6952,0.5,1.5458,2,0.1859,356.9114,1,0.0816,0.2067,1,0.1217,0.0045,4,0.0663,0.0083,4,0.0663,93.5809,4,0.0663,0.7791,4,0.0663,0.4699,4,0.0663,0.201,5,0.0735,0.7997,4.0,0.0663,0.8095,4,0.0663,0.7436,4,0.0735
4,dimension_3d,prediction,geofno,deepjeb_3d_2d,S,torsion::disp_y,42.2387,0.5,1.5458,2,0.1902,356.9114,1,0.0836,0.2067,1,0.1458,0.0031,4,0.0645,0.0054,4,0.063,121.6541,4,0.0681,0.8179,4,0.063,0.4255,4,0.063,0.1581,5,0.0617,0.7997,4.0,0.0662,0.6652,5,0.0681,0.6129,4,0.063
4,dimension_3d,prediction,geofno,deepjeb_3d_2d,S,torsion::disp_z,43.6109,0.5,1.5458,2,0.183,356.9114,1,0.0847,0.2067,1,0.1267,0.0035,4,0.0677,0.0055,4,0.0661,103.5084,4,0.0661,0.7724,4,0.0661,0.4768,4,0.0661,0.1061,4,0.0753,0.7997,4.0,0.0661,0.7529,4,0.0661,0.6954,4,0.0661
4,dimension_3d,prediction,transolver,deepjeb_3d_2d,S,torsion::stress,43.6597,0.5,3.7788,5,0.1889,716.3559,4,0.0903,0.2402,3,0.1247,11.8736,2,0.0693,21.1664,2,0.0693,97.5386,2,0.0693,0.6853,2,0.0693,0.5609,2,0.0693,719.9294,4,0.1113,,,0.0,0.7624,2,0.0693,0.7787,2,0.0693
4,dimension_3d,prediction,pointnet,deepjeb_3d_2d,S,vertical::disp_x,41.4404,0.5,3.6682,4,0.2039,704.5667,3,0.0767,0.2383,3,0.0737,0.0269,4,0.0669,0.045,4,0.0669,120.6302,4,0.0659,0.5278,4,0.0669,0.6242,4,0.0669,0.5593,4,0.0659,0.8242,4.0,0.0691,0.6767,5,0.0876,0.7155,4,0.0899
4,dimension_3d,prediction,pointnet,deepjeb_3d_2d,S,vertical::disp_y,41.3469,0.5,3.6682,4,0.2029,704.5667,3,0.083,0.2383,3,0.0846,0.012,5,0.0679,0.0212,5,0.0679,166.1578,5,0.0734,0.005,5,0.0679,0.9961,5,0.0679,0.2705,5,0.0679,0.8242,4.0,0.073,0.5304,5,0.0734,0.6506,4,0.07
4,dimension_3d,prediction,pointnet,deepjeb_3d_2d,S,vertical::disp_z,41.9367,0.5,3.6682,4,0.2003,704.5667,3,0.0782,0.2383,3,0.0744,0.0444,4,0.0691,0.0701,4,0.0691,85.7474,4,0.0769,0.6245,4,0.0691,0.4923,4,0.0691,0.6818,4,0.0674,0.8242,4.0,0.0721,0.8527,4,0.0769,0.6043,5,0.0774
4,dimension_3d,prediction,geofno,deepjeb_3d_2d,S,vertical::stress,41.4749,0.5,1.5458,2,0.1863,336.6451,1,0.0931,0.2138,1,0.0986,57.2981,4,0.0729,79.8692,4,0.0729,130.2269,4,0.0729,0.0877,4,0.0729,0.9184,4,0.0729,1882.2418,5,0.1118,,,0.0,0.6191,4,0.0729,0.2579,4,0.0729
4,dimension_3d,prediction,geofno,deepjeb_3d_2d,XL,diagonal::disp_x,40.7141,0.5,1.5458,2,0.1263,4009.9346,1,0.1753,0.2155,1,0.1292,0.0045,4,0.065,0.008,4,0.065,59.5154,5,0.0595,0.7849,4,0.0659,0.3705,4,0.0659,0.1433,5,0.0694,0.969,5.0,0.0595,0.8917,5,0.0595,0.7459,5,0.0595
4,dimension_3d,prediction,geofno,deepjeb_3d_2d,XL,diagonal::disp_y,40.7599,0.5,1.5458,2,0.1345,4009.9346,1,0.1601,0.2155,1,0.0924,0.0044,5,0.0636,0.0074,4,0.0689,76.7165,5,0.0671,0.8194,4,0.0679,0.4249,4,0.0679,0.1684,5,0.0799,0.969,5.0,0.0671,0.8511,5,0.0671,0.7664,5,0.0635
4,dimension_3d,prediction,geofno,deepjeb_3d_2d,XL,diagonal::disp_z,41.4025,0.5,1.5458,2,0.1417,4009.9346,1,0.1771,0.2155,1,0.0977,0.0096,4,0.0633,0.0153,4,0.0633,47.0623,5,0.0642,0.9168,4,0.0628,0.2055,4,0.0628,0.2024,4,0.0744,0.969,5.0,0.0642,0.9116,5,0.0642,0.8448,5,0.0642
4,dimension_3d,prediction,geofno,deepjeb_3d_2d,XL,diagonal::stress,41.5961,0.5,1.5458,2,0.1331,4009.9346,1,0.1445,0.2155,1,0.1234,21.5208,5,0.0674,32.5843,4,0.0693,73.2064,5,0.0666,0.5325,4,0.0693,0.5907,4,0.0693,792.4558,4,0.1204,,,0.0,0.8424,5,0.0674,0.5287,4,0.0693
4,dimension_3d,prediction,geofno,deepjeb_3d_2d,XL,horizontal::disp_x,40.2038,0.5,1.5458,2,0.1449,3515.6181,1,0.1656,0.2198,1,0.0982,0.0122,5,0.0637,0.0223,4,0.0682,58.2011,5,0.0623,0.9136,4,0.0682,0.2408,4,0.0682,0.7379,5,0.0724,0.9578,5.0,0.0637,0.8909,5,0.0623,0.8764,5,0.0623
4,dimension_3d,prediction,geofno,deepjeb_3d_2d,XL,horizontal::disp_y,42.054,0.5,1.5458,2,0.164,3515.6181,1,0.1469,0.2198,1,0.0978,0.0025,4,0.0634,0.0039,4,0.0634,80.2469,4,0.0654,0.7486,4,0.0654,0.4983,4,0.0654,0.1087,5,0.0785,0.9578,5.0,0.064,0.8304,5,0.0618,0.6809,5,0.064
4,dimension_3d,prediction,geofno,deepjeb_3d_2d,XL,horizontal::disp_z,40.5344,0.5,1.5458,2,0.1637,3515.6181,1,0.1637,0.2198,1,0.1091,0.0115,4,0.0633,0.0192,4,0.0633,61.5055,5,0.0605,0.9383,4,0.0633,0.2314,4,0.0633,0.8807,5,0.0671,0.9578,5.0,0.0605,0.8749,5,0.0605,0.8783,5,0.0618
4,dimension_3d,prediction,transolver,deepjeb_3d_2d,XL,horizontal::stress,42.9945,0.5,3.7788,5,0.1657,6236.7106,3,0.1707,0.3807,5,0.115,18.3239,1,0.0663,36.0717,2,0.0713,50.6623,1,0.0663,0.7572,2,0.0713,0.4854,2,0.0713,1356.98,5,0.0696,,,0.0,0.8914,1,0.0663,0.7229,1,0.0663
4,dimension_3d,prediction,geofno,deepjeb_3d_2d,XL,mode_shape_1::mode_x,44.1547,0.5,1.5457,2,0.0669,1727.7278,1,0.0708,0.1872,1,0.0977,262.9607,4,0.0784,363.494,4,0.073,161.0349,2,0.0669,-0.0349,4,0.0653,1.0173,4,0.0653,4778.1304,4,0.0669,0.0423,2.0,0.0669,0.5007,4,0.2152,0.1259,2,0.0669
4,dimension_3d,prediction,geofno,deepjeb_3d_2d,XL,mode_shape_1::mode_y,44.1393,0.5,1.5457,2,0.0686,1727.7278,1,0.0785,0.1872,1,0.1216,384.6324,4,0.0752,559.9745,4,0.0854,162.4093,2,0.0686,-0.0287,4,0.0843,1.0142,4,0.0689,7505.3496,4,0.0752,0.0423,2.0,0.0686,0.5017,3,0.0886,0.158,4,0.1163
4,dimension_3d,prediction,regdgcnn,deepjeb_3d_2d,XL,mode_shape_1::mode_z,40.186,0.5,1.4417,1,0.0626,3278.9402,2,0.0663,0.2359,3,0.0877,673.7375,5,0.0626,856.7468,5,0.0626,150.5753,1,0.0739,-0.1651,5,0.0626,1.0794,5,0.0661,5589.9551,4,0.0703,0.1361,1.0,0.0626,0.5034,1,0.1903,0.2642,2,0.1325
4,dimension_3d,prediction,geofno,deepjeb_3d_2d,XL,mode_shape_2::mode_x,44.2559,0.5,1.5457,2,0.06,1735.7798,1,0.1936,0.1875,1,0.117,249.0746,4,0.0647,327.955,4,0.0647,179.1817,2,0.0647,-0.0034,4,0.0607,1.0017,4,0.0641,3819.6086,4,0.0862,0.0028,3.0,0.0696,0.4994,4,0.06,0.0948,4,0.0947
4,dimension_3d,prediction,geofno,deepjeb_3d_2d,XL,mode_shape_2::mode_y,44.5129,0.5,1.5457,2,0.0618,1735.7798,1,0.1298,0.1875,1,0.1128,264.1779,4,0.0629,455.6454,4,0.068,171.3594,2,0.068,-0.0035,4,0.0637,1.0017,4,0.063,10476.0205,1,0.0863,0.0028,3.0,0.0702,0.5027,1,0.1505,0.1449,2,0.0629
4,dimension_3d,prediction,geofno,deepjeb_3d_2d,XL,mode_shape_2::mode_z,44.1702,0.5,1.5457,2,0.0598,1735.7798,1,0.1367,0.1875,1,0.0992,675.8752,4,0.0719,905.4031,4,0.0628,178.043,2,0.0628,-0.003,4,0.0617,1.0015,4,0.0617,5308.7036,4,0.0689,0.0028,3.0,0.0724,0.4997,1,0.1331,0.0959,5,0.109
4,dimension_3d,prediction,geofno,deepjeb_3d_2d,XL,torsion::disp_x,40.1481,0.5,1.5458,2,0.1228,3345.5807,1,0.1677,0.2079,1,0.0809,0.0023,5,0.0681,0.0046,5,0.0681,64.0857,5,0.0681,0.9332,5,0.0681,0.2585,5,0.0681,0.1752,5,0.0839,0.9502,5.0,0.0681,0.8898,5,0.0681,0.8876,5,0.0681
4,dimension_3d,prediction,geofno,deepjeb_3d_2d,XL,torsion::disp_y,43.1065,0.5,1.5458,2,0.1364,3345.5807,1,0.1791,0.2079,1,0.0971,0.0016,4,0.0633,0.003,4,0.0633,90.6639,4,0.0635,0.9419,4,0.0664,0.2403,4,0.0664,0.0968,4,0.0782,0.9502,5.0,0.0621,0.7818,5,0.0621,0.7647,5,0.0621
4,dimension_3d,prediction,geofno,deepjeb_3d_2d,XL,torsion::disp_z,42.762,0.5,1.5458,2,0.132,3345.5807,1,0.1863,0.2079,1,0.0834,0.0019,4,0.0674,0.0032,4,0.0674,74.1602,4,0.0674,0.9214,4,0.0674,0.2803,4,0.0674,0.0815,5,0.0674,0.9502,5.0,0.0646,0.8507,5,0.0646,0.8267,5,0.0646
4,dimension_3d,prediction,geofno,deepjeb_3d_2d,XL,torsion::stress,44.4593,0.5,1.5458,2,0.1314,3345.5807,1,0.1862,0.2079,1,0.0871,13.3368,5,0.0729,23.1611,5,0.0729,98.1704,4,0.0828,0.6232,5,0.0729,0.6138,5,0.0729,682.0274,1,0.0753,,,0.0,0.737,5,0.0729,0.6957,5,0.0729
4,dimension_3d,prediction,pointnet,deepjeb_3d_2d,XL,vertical::disp_x,41.2514,0.5,3.6682,4,0.1277,6477.1581,4,0.1703,0.2731,3,0.0757,0.0082,4,0.0666,0.0146,4,0.0721,56.2705,4,0.0666,0.9501,4,0.0721,0.203,4,0.0721,0.3006,4,0.0766,0.989,4.0,0.0666,0.8943,4,0.0666,0.944,4,0.0666
4,dimension_3d,prediction,geofno,deepjeb_3d_2d,XL,vertical::disp_y,41.2708,0.5,1.5458,2,0.1222,3502.659,1,0.1797,0.2165,1,0.0745,0.0049,5,0.0636,0.0083,4,0.0727,81.0008,5,0.0636,0.8478,4,0.0727,0.3897,4,0.0727,0.1699,5,0.0873,0.9702,5.0,0.0636,0.8228,5,0.0636,0.791,5,0.0636
4,dimension_3d,prediction,pointnet,deepjeb_3d_2d,XL,vertical::disp_z,41.1636,0.5,3.6682,4,0.1305,6477.1581,4,0.178,0.2731,3,0.0726,0.0143,4,0.0639,0.0246,4,0.0739,49.7881,4,0.0649,0.9538,4,0.0739,0.1727,4,0.0739,0.3329,4,0.0722,0.989,4.0,0.0649,0.9041,4,0.0663,0.9542,4,0.0649
4,dimension_3d,prediction,geofno,deepjeb_3d_2d,XL,vertical::stress,42.669,0.5,1.5458,2,0.113,3502.659,1,0.2147,0.2165,1,0.0767,36.4219,5,0.07,54.1935,5,0.07,86.0917,5,0.07,0.58,5,0.07,0.6232,5,0.07,1421.8097,4,0.1056,,,0.0,0.7861,5,0.07,0.5478,5,0.07
4,dimension_3d,prediction,abupt,drivaernet_3d_2d,L,body_pressure::body_pressure,46.7361,0.4667,8.7512,6,0.2382,4532.3863,6,0.0839,0.1536,6,0.1033,21.4035,4,0.0674,37.5508,4,0.0679,28.283,4,0.0674,0.8945,4,0.0679,0.252,4,0.0679,9417.6826,2,0.0831,,,0.0,0.9692,1,0.0839,0.785,4,0.069
4,dimension_3d,prediction,abupt,drivaernet_3d_2d,L,pressure::pressure,41.3144,0.5,8.7512,6,0.2209,1292.6867,5,0.106,0.8335,4,0.0741,19.2502,4,0.0746,30.5533,4,0.0723,45.181,4,0.0746,0.9415,4,0.0723,0.2335,4,0.0723,1016.1168,3,0.0829,,,0.0,0.9373,4,0.0755,0.8286,4,0.0746
4,dimension_3d,prediction,abupt,drivaernet_3d_2d,L,pv_coupled::pressure,45.7215,0.5,8.7512,6,0.1942,1251.8361,5,0.0733,0.8369,3,0.1592,16.22,4,0.0688,25.9504,3,0.0677,41.6123,4,0.0638,0.9578,3,0.0677,0.1983,3,0.0677,832.7636,1,0.0925,,,0.0,0.9383,4,0.0746,0.8594,4,0.0704
4,dimension_3d,prediction,pointnet,drivaernet_3d_2d,L,pv_coupled::velocity_x,43.1279,0.5,3.6682,4,0.2106,221.9117,1,0.056,0.8631,4,0.1731,3.7877,5,0.0496,5.4578,5,0.0496,40.8073,5,0.0496,0.8369,5,0.0496,0.235,5,0.0496,39.0513,1,0.1623,0.9369,5.0,0.0496,0.9216,5,0.0496,0.6633,5,0.0506
4,dimension_3d,prediction,transolver_pp,drivaernet_3d_2d,L,pv_coupled::velocity_y,45.5444,0.5,1.7412,3,0.104,323.3253,4,0.0834,0.9228,6,0.1768,0.8064,3,0.0636,1.4629,2,0.0627,102.4497,4,0.0631,0.3339,2,0.0627,0.8113,2,0.0627,18.2161,6,0.1263,0.9656,4.0,0.0707,0.7282,4,0.0589,0.4468,2,0.065
4,dimension_3d,prediction,abupt,drivaernet_3d_2d,L,pv_coupled::velocity_z,44.755,0.5,8.7512,6,0.2158,1251.8361,5,0.0714,0.8369,3,0.1114,0.9828,4,0.0604,1.6474,4,0.0642,61.9804,3,0.0667,0.8803,4,0.0642,0.3387,4,0.0642,28.3947,2,0.0676,0.9684,3.0,0.0699,0.8582,3,0.0667,0.8345,4,0.0774
4,dimension_3d,prediction,abupt,drivaernet_3d_2d,L,velocity::velocity_x,41.3002,0.5,8.7512,6,0.2668,1173.2981,5,0.068,0.8363,4,0.0721,2.3839,4,0.0617,3.7563,3,0.0613,35.0686,4,0.0617,0.9227,3,0.0613,0.1617,3,0.0613,39.5514,2,0.097,0.966,4.0,0.0617,0.9244,4,0.0617,0.8389,3,0.0655
4,dimension_3d,prediction,regdgcnn,drivaernet_3d_2d,L,velocity::velocity_y,43.8121,0.5,1.4417,1,0.1377,1597.0078,6,0.0826,0.9245,6,0.0771,0.8149,3,0.0754,1.507,4,0.0754,97.3966,1,0.0776,0.2932,4,0.0754,0.8357,4,0.0754,18.9484,6,0.1023,0.9714,1.0,0.0703,0.7496,3,0.0807,0.4495,1,0.0703
4,dimension_3d,prediction,abupt,drivaernet_3d_2d,L,velocity::velocity_z,42.9198,0.5,8.7512,6,0.2392,1173.2981,5,0.0825,0.8363,4,0.0723,1.1223,4,0.0647,1.7994,4,0.0658,66.9591,4,0.0706,0.8572,4,0.0658,0.3699,4,0.0658,30.294,4,0.0719,0.966,4.0,0.0658,0.8471,4,0.0647,0.8085,4,0.0706
4,dimension_3d,prediction,abupt,drivaernet_3d_2d,M,body_pressure::body_pressure,45.3021,0.4667,8.7512,6,0.1939,2688.167,5,0.1003,0.3465,5,0.1348,27.3317,4,0.069,47.8838,4,0.069,33.3572,4,0.069,0.8285,4,0.069,0.3213,4,0.069,9347.582,2,0.0805,,,0.0,0.9652,4,0.0735,0.7691,4,0.0719
4,dimension_3d,prediction,geofno,drivaernet_3d_2d,M,pressure::pressure,46.1298,0.5,1.5454,2,0.2951,179.7896,2,0.0807,0.8161,3,0.1046,36.2133,5,0.064,55.7021,5,0.064,65.2574,5,0.064,0.8054,5,0.064,0.4257,5,0.064,1076.8459,5,0.0704,,,0.0,0.8905,5,0.0632,0.6418,5,0.0661
4,dimension_3d,prediction,abupt,drivaernet_3d_2d,M,pv_coupled::pressure,44.4867,0.5,8.7512,6,0.246,728.4571,5,0.0898,0.8377,3,0.1134,19.237,4,0.0642,31.2331,4,0.0642,45.8638,4,0.0642,0.9388,4,0.0642,0.2387,4,0.0642,870.7819,1,0.1013,,,0.0,0.9297,4,0.0642,0.8143,4,0.0642
4,dimension_3d,prediction,transolver_pp,drivaernet_3d_2d,M,pv_coupled::velocity_x,45.4444,0.5,1.7412,3,0.1516,207.2742,4,0.0684,0.9213,6,0.1202,2.4094,2,0.064,3.9728,4,0.0661,33.6935,1,0.0684,0.9136,4,0.0661,0.1711,4,0.0661,53.2696,6,0.1369,0.9642,4.0,0.0661,0.93,3,0.0644,0.857,2,0.0616
4,dimension_3d,prediction,abupt,drivaernet_3d_2d,M,pv_coupled::velocity_y,45.9487,0.5,8.7512,6,0.1334,728.4571,5,0.0723,0.8377,3,0.1821,0.8155,2,0.0599,1.495,2,0.0599,101.7657,2,0.0667,0.3044,2,0.0599,0.829,2,0.0599,17.1777,3,0.1101,0.9643,3.0,0.0653,0.7524,1,0.0667,0.426,3,0.0636
4,dimension_3d,prediction,abupt,drivaernet_3d_2d,M,pv_coupled::velocity_z,45.5223,0.5,8.7512,6,0.1544,728.4571,5,0.0767,0.8377,3,0.1123,1.0846,4,0.0674,1.7584,4,0.0654,66.5362,4,0.0674,0.8636,4,0.0654,0.3615,4,0.0654,26.2017,1,0.1039,0.9643,3.0,0.0806,0.8446,4,0.0654,0.8182,4,0.0756
4,dimension_3d,prediction,abupt,drivaernet_3d_2d,M,velocity::velocity_x,42.0556,0.5,8.7512,6,0.1911,827.4771,6,0.0672,0.8437,4,0.0849,2.3861,1,0.0672,3.7562,1,0.0672,34.1467,1,0.0672,0.9227,1,0.0672,0.1617,1,0.0672,42.0042,2,0.1112,0.9666,1.0,0.0672,0.929,2,0.0707,0.8525,1,0.0715
4,dimension_3d,prediction,transolver,drivaernet_3d_2d,M,velocity::velocity_y,45.8979,0.5,3.7785,5,0.1201,260.9036,4,0.0692,0.8271,3,0.0767,0.8278,2,0.0689,1.5085,2,0.0679,119.2359,4,0.0767,0.2918,2,0.0679,0.8365,2,0.0679,18.2237,3,0.0755,0.9644,3.0,0.0692,0.6619,6,0.1488,0.4361,1,0.0913
4,dimension_3d,prediction,abupt,drivaernet_3d_2d,M,velocity::velocity_z,46.0638,0.5,8.7512,6,0.1666,827.4771,6,0.0702,0.8437,4,0.0874,1.0264,1,0.0811,1.7058,1,0.0702,64.4576,2,0.0753,0.8716,1,0.0702,0.3507,1,0.0702,28.9,1,0.0748,0.9666,1.0,0.0702,0.8461,3,0.0827,0.833,1,0.0811
4,dimension_3d,prediction,geofno,drivaernet_3d_2d,S,body_pressure::body_pressure,44.1356,0.4667,1.5454,2,0.201,159.1435,1,0.1,0.0857,2,0.1179,55.6226,6,0.0701,85.8196,6,0.0701,57.1975,6,0.0701,0.449,6,0.0701,0.5759,6,0.0701,9501.0371,4,0.0828,,,0.0,0.9281,6,0.0751,0.5022,5,0.0725
4,dimension_3d,prediction,geofno,drivaernet_3d_2d,S,pressure::pressure,45.0504,0.5,1.5454,2,0.1524,124.9122,3,0.1313,0.8158,2,0.0805,38.9616,5,0.076,60.7975,5,0.076,68.1717,4,0.0784,0.7682,5,0.076,0.4646,5,0.076,1182.9666,4,0.097,,,0.0,0.8862,4,0.0805,0.6337,5,0.076
4,dimension_3d,prediction,geofno,drivaernet_3d_2d,S,pv_coupled::pressure,42.4833,0.5,1.5458,2,0.2371,125.3953,2,0.0957,0.8191,2,0.2055,45.3142,5,0.0552,68.1963,5,0.0552,76.06,5,0.0552,0.7083,5,0.0552,0.5211,5,0.0552,1322.6981,6,0.0752,,,0.0,0.8663,5,0.0552,0.591,5,0.0552
4,dimension_3d,prediction,regdgcnn,drivaernet_3d_2d,S,pv_coupled::velocity_x,44.3415,0.5,1.4418,1,0.1843,370.6432,6,0.0962,0.9865,6,0.2057,2.7866,2,0.0563,4.3573,2,0.0546,37.1631,2,0.0563,0.896,2,0.0546,0.1876,2,0.0546,49.0479,5,0.0686,0.957,2.0,0.0546,0.9253,2,0.0563,0.8184,2,0.0578
4,dimension_3d,prediction,regdgcnn,drivaernet_3d_2d,S,pv_coupled::velocity_y,44.4378,0.5,1.4418,1,0.0914,370.6432,6,0.1413,0.9865,6,0.0896,0.8775,4,0.0642,1.5959,4,0.062,106.776,1,0.0914,0.2073,4,0.062,0.885,4,0.062,18.2102,5,0.0655,0.957,2.0,0.0718,0.7168,2,0.1371,0.399,4,0.062
4,dimension_3d,prediction,abupt,drivaernet_3d_2d,S,pv_coupled::velocity_z,44.6594,0.5,8.7512,6,0.1896,346.5929,5,0.1083,0.8346,3,0.1784,1.336,4,0.0576,2.0752,4,0.0576,71.0469,4,0.0558,0.81,4,0.0576,0.4266,4,0.0576,35.7993,4,0.0603,0.9437,3.0,0.0572,0.8424,3,0.0572,0.77,4,0.0628
4,dimension_3d,prediction,abupt,drivaernet_3d_2d,S,velocity::velocity_x,45.0789,0.5,8.7512,6,0.1417,377.8322,6,0.0976,0.8322,3,0.1072,3.3423,2,0.059,4.9758,1,0.0582,39.2028,1,0.0578,0.8644,1,0.0582,0.2143,1,0.0582,42.5437,4,0.1723,0.9459,2.0,0.059,0.9253,1,0.0606,0.6903,3,0.0703
4,dimension_3d,prediction,regdgcnn,drivaernet_3d_2d,S,velocity::velocity_y,41.8875,0.5,1.4417,1,0.086,354.0156,5,0.2027,0.9192,5,0.1135,0.887,4,0.0583,1.6117,4,0.0583,107.857,1,0.0869,0.1915,4,0.0583,0.8938,4,0.0583,18.626,5,0.0715,0.946,1.0,0.0703,0.7211,2,0.0734,0.3939,4,0.0626
4,dimension_3d,prediction,abupt,drivaernet_3d_2d,S,velocity::velocity_z,44.2362,0.5,8.7512,6,0.1822,377.8322,6,0.1822,0.8322,3,0.0748,1.333,3,0.0593,2.0772,3,0.0593,72.8138,3,0.0593,0.8097,3,0.0593,0.427,3,0.0593,38.1524,5,0.0691,0.9459,2.0,0.0618,0.8367,3,0.0593,0.7814,1,0.0742
4,dimension_3d,prediction,abupt,drivaernet_3d_2d,XL,body_pressure::body_pressure,44.6789,0.5,8.7512,6,0.2561,5869.598,5,0.0758,0.1071,3,0.1111,18.9751,4,0.0657,32.5392,4,0.0657,26.0803,4,0.0657,0.9208,4,0.0657,0.2184,4,0.0657,9443.3955,3,0.0721,,,0.0,0.9687,1,0.0799,0.7951,1,0.0765
4,dimension_3d,prediction,abupt,drivaernet_3d_2d,XL,pressure::pressure,40.9618,0.5,8.7512,6,0.3356,2247.042,5,0.1106,0.8351,3,0.0641,15.3501,4,0.0609,25.5165,4,0.0609,40.4649,4,0.0609,0.9592,4,0.0609,0.195,4,0.0609,993.634,4,0.0621,,,0.0,0.9419,4,0.0621,0.875,4,0.0609
4,dimension_3d,prediction,regdgcnn,drivaernet_3d_2d,XL,pv_coupled::pressure,45.8077,0.5,1.4418,1,0.1003,3124.4563,6,0.0977,0.8819,5,0.2176,14.2968,3,0.0698,22.836,3,0.0698,37.6535,3,0.0698,0.9673,3,0.0698,0.1745,3,0.0698,961.9172,4,0.0943,,,0.0,0.9449,3,0.0698,0.8813,4,0.0716
4,dimension_3d,prediction,abupt,drivaernet_3d_2d,XL,pv_coupled::velocity_x,45.1791,0.5,8.7512,6,0.1759,2304.6267,5,0.0638,0.8362,3,0.1397,1.901,2,0.0605,3.1303,2,0.0605,30.417,2,0.0605,0.9463,2,0.0605,0.1348,2,0.0605,44.4426,5,0.096,0.9758,1.0,0.0625,0.9368,2,0.0605,0.88,3,0.099
4,dimension_3d,prediction,regdgcnn,drivaernet_3d_2d,XL,pv_coupled::velocity_y,41.9907,0.5,1.4418,1,0.0973,3124.4563,6,0.0815,0.8819,5,0.1758,0.8048,3,0.0716,1.4891,4,0.0655,96.5937,2,0.0711,0.3098,4,0.0655,0.8258,4,0.0655,19.5103,6,0.0795,0.9757,2.0,0.0651,0.76,2,0.0963,0.4542,4,0.0655
4,dimension_3d,prediction,regdgcnn,drivaernet_3d_2d,XL,pv_coupled::velocity_z,46.3634,0.5,1.4418,1,0.1143,3124.4563,6,0.077,0.8819,5,0.1979,0.8704,3,0.0656,1.4599,2,0.0656,59.3338,4,0.0697,0.906,2,0.0656,0.3001,2,0.0656,29.8274,3,0.0821,0.9757,2.0,0.0656,0.8693,2,0.0656,0.8483,3,0.0656
4,dimension_3d,prediction,transolver_pp,drivaernet_3d_2d,XL,velocity::velocity_x,45.0496,0.5,1.741,3,0.1437,565.2989,4,0.0825,0.9229,5,0.0984,2.1301,4,0.0703,3.4369,4,0.0703,32.3185,4,0.0703,0.9353,4,0.0703,0.148,4,0.0703,50.6862,6,0.1007,0.9717,4.0,0.0703,0.9337,4,0.0703,0.8679,3,0.0825
4,dimension_3d,prediction,pointnet,drivaernet_3d_2d,XL,velocity::velocity_y,43.9426,0.5,3.6681,4,0.0971,332.9639,1,0.0922,0.7975,1,0.1025,0.8149,5,0.0696,1.4885,4,0.0763,104.7258,4,0.0814,0.3104,4,0.0763,0.8255,4,0.0763,17.489,2,0.0692,0.9466,5.0,0.0743,0.725,4,0.1153,0.43,5,0.0696
4,dimension_3d,prediction,abupt,drivaernet_3d_2d,XL,velocity::velocity_z,45.4493,0.5,8.7512,6,0.1532,2305.9139,5,0.078,0.8361,4,0.086,0.8112,1,0.0718,1.4214,1,0.0714,55.9797,1,0.0766,0.9109,1,0.0714,0.2922,1,0.0714,31.7064,4,0.0966,0.9771,1.0,0.0714,0.874,1,0.0757,0.8648,1,0.0766
5,dimension_3d,prediction,pointnet,deepjeb_3d_2d,L,diagonal::disp_x,40.0,0.5,3.6682,4,0.1552,3179.859,2,0.0975,0.2522,2,0.0809,0.0058,4,0.0717,0.0105,5,0.0753,66.3656,4,0.0717,0.6308,5,0.0753,0.4854,5,0.0753,0.1535,4,0.0784,0.9199,5.0,0.0753,0.8749,4,0.0717,0.7532,4,0.0717
5,dimension_3d,prediction,pointnet,deepjeb_3d_2d,L,diagonal::disp_y,40.0,0.5,3.6682,4,0.1732,3179.859,2,0.0777,0.2522,2,0.0855,0.0069,5,0.0734,0.0111,5,0.0734,113.1206,5,0.0734,0.5926,5,0.0734,0.6382,5,0.0734,0.1778,4,0.0777,0.9199,5.0,0.0734,0.7397,4,0.0719,0.6455,5,0.0734
5,dimension_3d,prediction,pointnet,deepjeb_3d_2d,L,diagonal::disp_z,40.0,0.5,3.6682,4,0.1535,3179.859,2,0.0813,0.2522,2,0.0853,0.0164,5,0.0743,0.0255,5,0.0767,55.5382,4,0.0751,0.7684,5,0.0767,0.3428,5,0.0767,0.2711,5,0.0767,0.9199,5.0,0.0743,0.9205,4,0.0751,0.7012,5,0.0743
5,dimension_3d,prediction,pointnet,deepjeb_3d_2d,L,diagonal::stress,40.0,0.5,3.6682,4,0.1319,3179.859,2,0.0809,0.2522,2,0.0906,26.4338,5,0.0799,39.7108,5,0.0768,81.5393,4,0.0778,0.3056,5,0.0768,0.7199,5,0.0768,802.6326,4,0.1517,,,0.0,0.819,4,0.0778,0.3005,5,0.0788
5,dimension_3d,prediction,geofno,deepjeb_3d_2d,L,horizontal::disp_x,40.0,0.5,1.5458,2,0.1474,1734.3898,1,0.1132,0.2146,1,0.0927,0.0205,5,0.0715,0.0344,5,0.075,73.8922,5,0.0676,0.7943,5,0.0812,0.3716,5,0.0812,0.859,5,0.0676,0.8907,5.0,0.0676,0.8744,5,0.0676,0.8004,5,0.0676
5,dimension_3d,prediction,pointnet,deepjeb_3d_2d,L,horizontal::disp_y,40.0,0.5,3.6682,4,0.1635,3183.5612,3,0.1482,0.2438,3,0.1158,0.0043,5,0.0612,0.0065,5,0.0637,114.7954,5,0.063,0.2894,5,0.0664,0.8376,5,0.0664,0.0876,5,0.0626,0.9466,4.0,0.0634,0.7211,5,0.063,0.4088,5,0.063
5,dimension_3d,prediction,pointnet,deepjeb_3d_2d,L,horizontal::disp_z,40.0,0.5,3.6682,4,0.1292,3183.5612,3,0.1239,0.2438,3,0.0995,0.019,5,0.074,0.0304,5,0.0799,76.3274,5,0.0698,0.8449,5,0.0799,0.3668,5,0.0799,0.3673,4,0.066,0.9466,4.0,0.066,0.88,4,0.066,0.9219,4,0.066
5,dimension_3d,prediction,pointnet,deepjeb_3d_2d,L,horizontal::stress,40.0,0.5,3.6682,4,0.1338,3183.5612,3,0.1452,0.2438,3,0.0978,43.4805,5,0.0643,62.117,5,0.0706,108.5325,5,0.0643,0.2799,5,0.0706,0.8359,5,0.0706,1195.3733,4,0.154,,,0.0,0.7239,5,0.0643,0.2796,5,0.0643
5,dimension_3d,prediction,regdgcnn,deepjeb_3d_2d,L,mode_shape_1::mode_x,40.0,0.5,1.4417,1,0.0736,2408.7647,5,0.0975,0.2346,4,0.0915,265.9248,5,0.0773,379.1425,5,0.0773,151.7649,1,0.0721,-0.1259,5,0.0773,1.0611,5,0.0748,4564.7524,1,0.0774,0.6276,1.0,0.1073,0.5101,1,0.0763,0.3709,1,0.0975
5,dimension_3d,prediction,regdgcnn,deepjeb_3d_2d,L,mode_shape_1::mode_y,40.0,0.5,1.4417,1,0.0777,2408.7647,5,0.0922,0.2346,4,0.0904,404.9786,5,0.0815,610.3716,5,0.0691,147.4189,1,0.0815,-0.2222,5,0.0691,1.1055,5,0.0698,7498.7476,5,0.1103,0.6276,1.0,0.0985,0.5054,1,0.0802,0.321,3,0.0796
5,dimension_3d,prediction,regdgcnn,deepjeb_3d_2d,L,mode_shape_1::mode_z,40.0,0.5,1.4417,1,0.0674,2408.7647,5,0.0901,0.2346,4,0.1326,672.5554,5,0.0865,956.0673,5,0.0674,130.3054,1,0.069,-0.4509,5,0.0674,1.2045,5,0.0665,6363.9092,5,0.0674,0.6276,1.0,0.1225,0.5121,1,0.0901,0.6645,1,0.0731
5,dimension_3d,prediction,geofno,deepjeb_3d_2d,L,mode_shape_2::mode_x,38.0,0.45,1.5457,2,0.072,881.5006,1,0.1065,0.1884,1,0.1114,252.7739,5,0.0603,332.1895,5,0.0603,164.6529,1,0.0603,-0.0295,5,0.0603,1.0146,5,0.0603,3864.5073,5,0.0667,0.0334,2.0,0.0623,0.4995,5,0.1059,0.1173,4,0.1738
5,dimension_3d,prediction,geofno,deepjeb_3d_2d,L,mode_shape_2::mode_y,40.0,0.5,1.5457,2,0.0755,881.5006,1,0.1635,0.1884,1,0.1141,270.4085,5,0.0679,460.1143,4,0.0625,162.9255,2,0.0625,-0.0233,4,0.0625,1.0116,4,0.0623,10545.457,5,0.0679,0.0334,2.0,0.0644,0.4997,4,0.0755,0.1483,4,0.1214
5,dimension_3d,prediction,regdgcnn,deepjeb_3d_2d,L,mode_shape_2::mode_z,40.0,0.5,1.4417,1,0.0648,1660.0483,4,0.1219,0.2339,5,0.111,690.6241,4,0.0683,934.8583,5,0.0691,162.6053,2,0.0691,-0.0693,5,0.0697,1.0341,5,0.0697,6125.8936,5,0.0648,0.1466,1.0,0.0647,0.4986,3,0.0877,0.3089,2,0.139
5,dimension_3d,prediction,pointnet,deepjeb_3d_2d,L,torsion::disp_x,40.0,0.5,3.6682,4,0.138,3108.8859,4,0.1932,0.2515,3,0.0878,0.0041,5,0.0617,0.0082,5,0.0617,73.5507,5,0.0617,0.7839,5,0.0617,0.4648,5,0.0617,0.1388,4,0.0617,0.8807,5.0,0.0617,0.9116,4,0.0878,0.7476,5,0.0617
5,dimension_3d,prediction,pointnet,deepjeb_3d_2d,L,torsion::disp_y,40.0,0.5,3.6682,4,0.1331,3108.8859,4,0.2112,0.2515,3,0.0875,0.0022,5,0.0631,0.0042,5,0.0631,105.2495,5,0.0631,0.889,5,0.0631,0.3322,5,0.0631,0.094,4,0.0631,0.8807,5.0,0.0631,0.7576,4,0.0631,0.6948,5,0.0631
5,dimension_3d,prediction,pointnet,deepjeb_3d_2d,L,torsion::disp_z,40.0,0.5,3.6682,4,0.1402,3108.8859,4,0.1928,0.2515,3,0.0857,0.003,5,0.0643,0.0053,5,0.0643,86.3857,5,0.0643,0.7903,5,0.0643,0.4577,5,0.0643,0.0818,4,0.0671,0.8807,5.0,0.0643,0.839,4,0.0643,0.7704,5,0.0643
5,dimension_3d,prediction,pointnet,deepjeb_3d_2d,L,torsion::stress,40.0,0.5,3.6682,4,0.1858,3108.8859,4,0.192,0.2515,3,0.0835,17.2249,5,0.0677,29.0865,5,0.067,123.0577,5,0.0677,0.4058,5,0.067,0.7708,5,0.067,583.9068,1,0.0677,,,0.0,0.6861,5,0.067,0.549,5,0.0677
5,dimension_3d,prediction,geofno,deepjeb_3d_2d,L,vertical::disp_x,40.0,0.5,1.5458,2,0.1308,1787.3459,1,0.1942,0.2156,1,0.0745,0.0154,5,0.0654,0.0257,5,0.0661,86.6382,5,0.0654,0.8454,5,0.0661,0.3572,5,0.0661,0.696,5,0.0745,0.926,5.0,0.0661,0.8056,5,0.0654,0.8309,5,0.0654
5,dimension_3d,prediction,geofno,deepjeb_3d_2d,L,vertical::disp_y,40.0,0.5,1.5458,2,0.1882,1787.3459,1,0.1053,0.2156,1,0.0698,0.0071,5,0.0668,0.0113,5,0.0668,105.8137,5,0.0786,0.7173,5,0.0668,0.5311,5,0.0668,0.2136,5,0.0668,0.926,5.0,0.0786,0.7259,5,0.0786,0.6971,5,0.0668
5,dimension_3d,prediction,geofno,deepjeb_3d_2d,L,vertical::disp_z,40.0,0.5,1.5458,2,0.1399,1787.3459,1,0.1302,0.2156,1,0.0775,0.0256,5,0.0709,0.0395,5,0.0728,73.349,5,0.0719,0.8807,5,0.0728,0.2775,5,0.0728,0.8527,5,0.0723,0.926,5.0,0.0719,0.8558,5,0.0735,0.886,5,0.0735
5,dimension_3d,prediction,pointnet,deepjeb_3d_2d,L,vertical::stress,40.0,0.5,3.6682,4,0.1711,3235.763,4,0.1385,0.2403,2,0.0727,41.787,4,0.0718,62.8889,4,0.0765,95.1539,4,0.0765,0.4344,4,0.0765,0.7232,4,0.0765,1761.9072,5,0.0856,,,0.0,0.7645,4,0.0765,0.4348,5,0.0776
5,dimension_3d,prediction,geofno,deepjeb_3d_2d,M,diagonal::disp_x,40.0,0.5,1.5458,2,0.2078,804.1954,1,0.0686,0.2135,1,0.0722,0.0093,5,0.0686,0.014,5,0.0686,87.9669,5,0.0771,0.3437,5,0.0686,0.6472,5,0.0686,0.1659,5,0.0857,0.8187,5.0,0.0686,0.8455,5,0.0771,0.4351,5,0.0686
5,dimension_3d,prediction,pointnet,deepjeb_3d_2d,M,diagonal::disp_y,40.0,0.5,3.6682,4,0.1663,1639.227,2,0.0766,0.2534,2,0.0754,0.0098,5,0.0744,0.0173,5,0.0688,185.9747,5,0.0888,0.0001,5,0.0701,0.9999,5,0.0701,0.2357,5,0.0701,0.8618,4.0,0.0766,0.5109,5,0.0918,0.038,5,0.0711
5,dimension_3d,prediction,geofno,deepjeb_3d_2d,M,diagonal::disp_z,40.0,0.5,1.5458,2,0.1668,804.1954,1,0.0727,0.2135,1,0.0705,0.0233,5,0.0705,0.0328,5,0.0705,75.3206,5,0.0824,0.6176,5,0.0705,0.4405,5,0.0705,0.2716,4,0.0768,0.8187,5.0,0.0727,0.8777,5,0.0824,0.7682,4,0.0937
5,dimension_3d,prediction,pointnet,deepjeb_3d_2d,M,diagonal::stress,40.0,0.5,3.6682,4,0.1553,1639.227,2,0.0867,0.2534,2,0.0847,31.4399,5,0.081,45.5523,5,0.0793,94.6858,4,0.113,0.0863,5,0.0793,0.8258,5,0.0793,809.6591,5,0.0793,,,0.0,0.7435,5,0.081,0.0863,5,0.081
5,dimension_3d,prediction,pointnet,deepjeb_3d_2d,M,horizontal::disp_x,40.0,0.5,3.6682,4,0.1318,1619.5388,3,0.1141,0.2431,3,0.0989,0.0333,5,0.0751,0.053,5,0.077,85.3245,5,0.0698,0.5114,5,0.077,0.5727,5,0.077,0.6527,4,0.069,0.7961,5.0,0.0698,0.9129,4,0.0706,0.6666,5,0.0698
5,dimension_3d,prediction,pointnet,deepjeb_3d_2d,M,horizontal::disp_y,40.0,0.5,3.6682,4,0.1899,1619.5388,3,0.0955,0.2431,3,0.0851,0.0049,5,0.0652,0.0076,5,0.0669,139.795,5,0.0719,0.0446,5,0.0669,0.9712,5,0.0669,0.0891,5,0.0887,0.7961,5.0,0.0719,0.6191,5,0.0655,0.2397,5,0.0655
5,dimension_3d,prediction,pointnet,deepjeb_3d_2d,M,horizontal::disp_z,40.0,0.5,3.6682,4,0.1454,1619.5388,3,0.1418,0.2431,3,0.1157,0.0316,5,0.0683,0.0497,5,0.0683,99.0974,5,0.0659,0.5868,5,0.0683,0.5987,5,0.0683,0.6181,5,0.0644,0.7961,5.0,0.0644,0.8219,5,0.0644,0.6714,5,0.0644
5,dimension_3d,prediction,pointnet,deepjeb_3d_2d,M,horizontal::stress,40.0,0.5,3.6682,4,0.2194,1619.5388,3,0.0903,0.2431,3,0.0853,53.4845,5,0.0714,71.8951,5,0.0698,156.6088,5,0.0714,0.0353,5,0.0698,0.9675,5,0.0698,1327.7734,4,0.1097,,,0.0,0.5844,5,0.0714,0.1722,5,0.0714
5,dimension_3d,prediction,geofno,deepjeb_3d_2d,M,mode_shape_1::mode_x,40.0,0.5,1.5457,2,0.0888,477.9943,1,0.0968,0.1876,1,0.0968,270.938,5,0.0669,374.9754,5,0.0669,155.6304,1,0.0677,-0.1013,5,0.0669,1.0494,5,0.0669,4920.9336,5,0.0704,0.133,3.0,0.0874,0.4997,3,0.0985,0.1596,4,0.126
5,dimension_3d,prediction,regdgcnn,deepjeb_3d_2d,M,mode_shape_1::mode_y,40.0,0.5,1.4417,1,0.0759,1152.3368,4,0.1231,0.2355,4,0.1231,414.7839,5,0.0637,652.5108,5,0.0637,142.1547,1,0.0637,-0.3968,5,0.0637,1.1818,5,0.0637,8022.3779,5,0.0637,0.2764,1.0,0.0739,0.4943,5,0.072,0.5232,1,0.1498
5,dimension_3d,prediction,regdgcnn,deepjeb_3d_2d,M,mode_shape_1::mode_z,40.0,0.5,1.4417,1,0.0634,1152.3368,4,0.1738,0.2355,4,0.1738,771.2436,5,0.0559,997.6318,5,0.0559,140.5493,1,0.0559,-0.5798,5,0.0559,1.2569,5,0.0559,6066.3262,5,0.0559,0.2764,1.0,0.0602,0.4869,5,0.0634,0.3922,3,0.1303
5,dimension_3d,prediction,geofno,deepjeb_3d_2d,M,mode_shape_2::mode_x,40.0,0.5,1.5457,2,0.072,454.4052,1,0.0948,0.1889,1,0.1102,257.8844,5,0.0675,337.5102,5,0.0675,159.5813,1,0.0675,-0.0627,5,0.0675,1.0309,5,0.0675,3945.7314,5,0.1256,0.0812,3.0,0.0794,0.5014,2,0.0931,0.11,4,0.0871
5,dimension_3d,prediction,regdgcnn,deepjeb_3d_2d,M,mode_shape_2::mode_y,40.0,0.5,1.4417,1,0.063,820.0586,3,0.1277,0.2328,4,0.1132,310.0417,5,0.0593,498.6098,5,0.0593,146.7976,1,0.0593,-0.2016,5,0.0593,1.0962,5,0.0593,10623.3213,4,0.063,0.0957,2.0,0.0701,0.5058,1,0.1606,0.1315,5,0.1059
5,dimension_3d,prediction,regdgcnn,deepjeb_3d_2d,M,mode_shape_2::mode_z,40.0,0.5,1.4417,1,0.0701,820.0586,3,0.1402,0.2328,4,0.123,793.0702,5,0.0677,1040.8042,5,0.0677,148.3591,1,0.0815,-0.3254,5,0.0677,1.1513,5,0.0677,6575.752,5,0.0701,0.0957,2.0,0.0735,0.5006,5,0.0648,0.2856,2,0.1058
5,dimension_3d,prediction,pointnet,deepjeb_3d_2d,M,torsion::disp_x,40.0,0.5,3.6682,4,0.1668,1609.8063,4,0.1326,0.2468,3,0.0797,0.0044,5,0.0654,0.0086,5,0.0684,78.7641,4,0.067,0.7644,5,0.0665,0.4854,5,0.0665,0.1334,4,0.0742,0.8715,5.0,0.0657,0.8897,4,0.067,0.7422,5,0.0801
5,dimension_3d,prediction,pointnet,deepjeb_3d_2d,M,torsion::disp_y,40.0,0.5,3.6682,4,0.1907,1609.8063,4,0.1015,0.2468,3,0.0688,0.0024,4,0.0652,0.0044,4,0.065,108.7927,4,0.0898,0.8793,4,0.0622,0.3463,4,0.0622,0.0954,3,0.0688,0.8715,5.0,0.072,0.7256,4,0.0898,0.6863,4,0.0642
5,dimension_3d,prediction,pointnet,deepjeb_3d_2d,M,torsion::disp_z,40.0,0.5,3.6682,4,0.1674,1609.8063,4,0.1568,0.2468,3,0.0749,0.0032,5,0.0686,0.0056,5,0.0667,90.032,4,0.0637,0.7629,5,0.069,0.4866,5,0.069,0.0872,4,0.0675,0.8715,5.0,0.0664,0.8198,4,0.0637,0.7456,5,0.0664
5,dimension_3d,prediction,pointnet,deepjeb_3d_2d,M,torsion::stress,40.0,0.5,3.6682,4,0.1678,1609.8063,4,0.1321,0.2468,3,0.0913,17.9049,5,0.0714,29.9406,5,0.0714,126.0409,5,0.0714,0.3703,5,0.0714,0.7935,5,0.0714,587.6424,1,0.0913,,,0.0,0.6772,4,0.0828,0.5389,5,0.0776
5,dimension_3d,prediction,pointnet,deepjeb_3d_2d,M,vertical::disp_x,40.0,0.5,3.6682,4,0.1185,1673.0398,4,0.1879,0.2454,3,0.0982,0.0218,5,0.071,0.0371,5,0.0671,102.9589,4,0.0625,0.6788,5,0.071,0.5149,5,0.071,0.4834,4,0.0625,0.8393,5.0,0.0651,0.7548,4,0.0625,0.7904,4,0.0625
5,dimension_3d,prediction,pointnet,deepjeb_3d_2d,M,vertical::disp_y,40.0,0.5,3.6682,4,0.1441,1673.0398,4,0.1142,0.2454,3,0.0818,0.0086,5,0.0688,0.0136,5,0.0688,113.7608,4,0.0766,0.5913,5,0.0688,0.6386,5,0.0688,0.2085,4,0.0729,0.8393,5.0,0.0917,0.7005,4,0.0766,0.6474,4,0.0672
5,dimension_3d,prediction,pointnet,deepjeb_3d_2d,M,vertical::disp_z,40.0,0.5,3.6682,4,0.125,1673.0398,4,0.1528,0.2454,3,0.1123,0.0427,5,0.0679,0.0652,5,0.0671,90.9368,5,0.0671,0.675,5,0.0671,0.4581,5,0.0671,0.6257,4,0.0705,0.8393,5.0,0.0671,0.7886,5,0.0671,0.6146,5,0.0688
5,dimension_3d,prediction,pointnet,deepjeb_3d_2d,M,vertical::stress,40.0,0.5,3.6682,4,0.1288,1673.0398,4,0.1553,0.2454,3,0.1211,55.0407,5,0.0704,77.6656,5,0.0704,122.9368,5,0.0841,0.1374,5,0.0704,0.8931,5,0.0704,1862.2133,5,0.0865,,,0.0,0.646,5,0.0704,0.2175,5,0.0721
5,dimension_3d,prediction,pointnet,deepjeb_3d_2d,S,diagonal::disp_x,40.0,0.5,3.6682,4,0.2054,711.9381,3,0.0749,0.2546,3,0.1137,0.0087,4,0.065,0.0147,4,0.065,76.6794,4,0.0663,0.2743,4,0.065,0.6805,4,0.065,0.17,4,0.0749,0.891,4.0,0.065,0.8657,4,0.0749,0.3988,4,0.065
5,dimension_3d,prediction,pointnet,deepjeb_3d_2d,S,diagonal::disp_y,40.0,0.5,3.6682,4,0.1828,711.9381,3,0.0831,0.2546,3,0.1523,0.0098,5,0.0633,0.0173,5,0.0633,183.6368,5,0.0633,0.0004,5,0.0633,0.9997,5,0.0633,0.2353,5,0.0719,0.891,4.0,0.0666,0.509,5,0.0633,0.2469,5,0.0633
5,dimension_3d,prediction,geofno,deepjeb_3d_2d,S,diagonal::disp_z,40.0,0.5,1.5458,2,0.2738,333.7859,1,0.0677,0.214,1,0.1086,0.0254,5,0.0605,0.0362,5,0.0605,77.3528,5,0.0605,0.5352,5,0.0605,0.4856,5,0.0605,0.3445,5,0.0605,0.7859,5.0,0.0605,0.879,5,0.0605,0.6088,5,0.0656
5,dimension_3d,prediction,pointnet,deepjeb_3d_2d,S,diagonal::stress,40.0,0.5,3.6682,4,0.2404,711.9381,3,0.0791,0.2546,3,0.1276,31.6803,4,0.0679,46.0618,4,0.0679,92.4556,4,0.0679,0.0658,4,0.0679,0.8351,4,0.0679,813.2932,5,0.071,,,0.0,0.7423,5,0.071,0.1617,5,0.071
5,dimension_3d,prediction,geofno,deepjeb_3d_2d,S,horizontal::disp_x,40.0,0.5,1.5458,2,0.2068,336.9165,1,0.0735,0.2151,1,0.0669,0.0355,5,0.0669,0.0557,5,0.0669,92.1272,5,0.0669,0.4601,5,0.0669,0.602,5,0.0669,0.8793,5,0.0779,0.6377,5.0,0.0779,0.8767,5,0.0959,0.5892,5,0.0669
5,dimension_3d,prediction,geofno,deepjeb_3d_2d,S,horizontal::disp_y,40.0,0.5,1.5458,2,0.1243,336.9165,1,0.1102,0.2151,1,0.086,0.005,4,0.0701,0.0073,4,0.0708,131.4568,4,0.0708,0.1219,4,0.0708,0.9311,4,0.0708,0.0991,5,0.0917,0.6377,5.0,0.093,0.6165,4,0.0708,0.2746,4,0.0708
5,dimension_3d,prediction,geofno,deepjeb_3d_2d,S,horizontal::disp_z,40.0,0.5,1.5458,2,0.1221,336.9165,1,0.103,0.2151,1,0.0741,0.0328,4,0.0795,0.0508,4,0.0795,105.2715,5,0.0814,0.5667,4,0.0795,0.613,4,0.0795,0.861,5,0.0741,0.6377,5.0,0.0758,0.7484,5,0.0758,0.6547,5,0.0758
5,dimension_3d,prediction,pointnet,deepjeb_3d_2d,S,horizontal::stress,40.0,0.5,3.6682,4,0.1512,694.8508,3,0.1204,0.2437,2,0.0987,54.2426,5,0.0764,72.4484,5,0.0764,155.2615,5,0.0789,0.0204,5,0.0764,0.9749,5,0.0764,1328.1636,5,0.0899,,,0.0,0.5846,5,0.0764,0.1118,5,0.0789
5,dimension_3d,prediction,regdgcnn,deepjeb_3d_2d,S,mode_shape_1::mode_x,40.0,0.5,1.4417,1,0.0715,367.9374,5,0.0961,0.235,4,0.1227,333.1006,5,0.0686,448.9905,5,0.0686,147.9072,1,0.0686,-0.579,5,0.0686,1.2565,5,0.0686,4452.1099,1,0.0961,0.1763,1.0,0.084,0.492,5,0.0722,0.1758,3,0.1145
5,dimension_3d,prediction,regdgcnn,deepjeb_3d_2d,S,mode_shape_1::mode_y,40.0,0.5,1.4417,1,0.0677,367.9374,5,0.1252,0.235,4,0.1415,442.1247,5,0.0646,636.107,5,0.0646,146.5409,1,0.0626,-0.3274,5,0.0646,1.1521,5,0.0621,7234.2178,4,0.0743,0.1763,1.0,0.0673,0.4987,2,0.1223,0.2697,1,0.0832
5,dimension_3d,prediction,regdgcnn,deepjeb_3d_2d,S,mode_shape_1::mode_z,40.0,0.5,1.4417,1,0.0666,367.9374,5,0.1377,0.235,4,0.1609,711.8405,5,0.0666,916.0424,5,0.0666,148.3734,1,0.0666,-0.332,5,0.0666,1.1541,5,0.0666,6782.5098,5,0.0778,0.1763,1.0,0.0692,0.4907,5,0.0758,0.2972,2,0.0788
5,dimension_3d,prediction,regdgcnn,deepjeb_3d_2d,S,mode_shape_2::mode_x,40.0,0.5,1.4417,1,0.0822,436.5557,4,0.1289,0.2393,4,0.1289,293.2571,5,0.0653,389.9914,5,0.0653,146.6147,1,0.0645,-0.4189,5,0.0653,1.1912,5,0.0653,3505.488,1,0.0973,0.3158,2.0,0.0734,0.4922,5,0.09,0.2192,2,0.0734
5,dimension_3d,prediction,regdgcnn,deepjeb_3d_2d,S,mode_shape_2::mode_y,40.0,0.5,1.4417,1,0.0753,436.5557,4,0.1213,0.2393,4,0.1213,310.223,5,0.0633,491.5551,5,0.0633,147.6821,1,0.0633,-0.1679,5,0.0633,1.0807,5,0.0633,10570.8975,2,0.112,0.3158,2.0,0.0753,0.4961,5,0.0891,0.1752,3,0.0891
5,dimension_3d,prediction,regdgcnn,deepjeb_3d_2d,S,mode_shape_2::mode_z,40.0,0.5,1.4417,1,0.0853,436.5557,4,0.1168,0.2393,4,0.1168,800.112,5,0.0698,1104.8839,5,0.0698,145.3327,1,0.0689,-0.4936,5,0.0698,1.2221,5,0.0698,6619.166,5,0.068,0.3158,2.0,0.0881,0.4899,5,0.112,0.3859,1,0.0648
5,dimension_3d,prediction,pointnet,deepjeb_3d_2d,S,torsion::disp_x,40.0,0.5,3.6682,4,0.1859,697.9687,3,0.0816,0.2466,4,0.1217,0.0077,5,0.0663,0.0157,5,0.0663,146.6551,5,0.0663,0.2109,5,0.0663,0.8882,5,0.0663,0.1978,4,0.0735,0.4304,5.0,0.0663,0.6108,5,0.0663,0.5271,5,0.0735
5,dimension_3d,prediction,pointnet,deepjeb_3d_2d,S,torsion::disp_y,40.0,0.5,3.6682,4,0.1902,697.9687,3,0.0836,0.2466,4,0.1458,0.0036,5,0.0645,0.0068,5,0.063,129.9158,5,0.0681,0.709,5,0.063,0.5378,5,0.063,0.1079,4,0.0617,0.4304,5.0,0.0662,0.6668,4,0.0681,0.5161,5,0.063
5,dimension_3d,prediction,pointnet,deepjeb_3d_2d,S,torsion::disp_z,40.0,0.5,3.6682,4,0.183,697.9687,3,0.0847,0.2466,4,0.1267,0.0055,5,0.0677,0.0102,5,0.0661,133.1521,5,0.0661,0.2105,5,0.0661,0.8881,5,0.0661,0.138,5,0.0753,0.4304,5.0,0.0661,0.6675,5,0.0661,0.4245,5,0.0661
5,dimension_3d,prediction,pointnet,deepjeb_3d_2d,S,torsion::stress,40.0,0.5,3.6682,4,0.1889,697.9687,3,0.0903,0.2466,4,0.1247,22.4752,5,0.0693,37.3981,5,0.0693,157.0654,5,0.0693,0.0176,5,0.0693,0.9911,5,0.0693,536.9812,1,0.1113,,,0.0,0.5826,5,0.0693,0.3099,5,0.0693
5,dimension_3d,prediction,geofno,deepjeb_3d_2d,S,vertical::disp_x,40.0,0.5,1.5458,2,0.2039,336.6451,1,0.0767,0.2138,1,0.0737,0.0314,5,0.0669,0.0484,5,0.0669,121.9955,5,0.0659,0.4532,5,0.0669,0.6719,5,0.0669,0.6861,5,0.0659,0.6697,5.0,0.0691,0.6916,4,0.0876,0.5813,5,0.0899
5,dimension_3d,prediction,geofno,deepjeb_3d_2d,S,vertical::disp_y,40.0,0.5,1.5458,2,0.2029,336.6451,1,0.083,0.2138,1,0.0846,0.0107,4,0.0679,0.0166,4,0.0679,135.3291,4,0.0734,0.3957,4,0.0679,0.7765,4,0.0679,0.2222,4,0.0679,0.6697,5.0,0.073,0.5963,4,0.0734,0.5162,5,0.07
5,dimension_3d,prediction,geofno,deepjeb_3d_2d,S,vertical::disp_z,40.0,0.5,1.5458,2,0.2003,336.6451,1,0.0782,0.2138,1,0.0744,0.0556,5,0.0691,0.0798,5,0.0691,102.7944,5,0.0769,0.5132,5,0.0691,0.5606,5,0.0691,0.9222,5,0.0674,0.6697,5.0,0.0721,0.7581,5,0.0769,0.6729,4,0.0774
5,dimension_3d,prediction,pointnet,deepjeb_3d_2d,S,vertical::stress,40.0,0.5,3.6682,4,0.1863,704.5667,3,0.0931,0.2383,3,0.0986,60.0262,5,0.0729,82.2099,5,0.0729,131.638,5,0.0729,0.0334,5,0.0729,0.9452,5,0.0729,1878.8756,4,0.1118,,,0.0,0.6072,5,0.0729,0.2006,5,0.0729
5,dimension_3d,prediction,pointnet,deepjeb_3d_2d,XL,diagonal::disp_x,40.0,0.5,3.6682,4,0.1263,6313.3013,4,0.1753,0.2545,3,0.1292,0.005,5,0.065,0.009,5,0.065,56.7718,4,0.0595,0.7254,5,0.0659,0.4186,5,0.0659,0.1108,3,0.0694,0.9771,4.0,0.0595,0.9055,4,0.0595,0.8339,4,0.0595
5,dimension_3d,prediction,pointnet,deepjeb_3d_2d,XL,diagonal::disp_y,40.0,0.5,3.6682,4,0.1345,6313.3013,4,0.1601,0.2545,3,0.0924,0.0042,4,0.0636,0.0078,5,0.0689,67.4875,4,0.0671,0.7972,5,0.0679,0.4502,5,0.0679,0.1276,4,0.0799,0.9771,4.0,0.0671,0.891,4,0.0671,0.7914,4,0.0635
5,dimension_3d,prediction,pointnet,deepjeb_3d_2d,XL,diagonal::disp_z,40.0,0.5,3.6682,4,0.1417,6313.3013,4,0.1771,0.2545,3,0.0977,0.0116,5,0.0633,0.0196,5,0.0633,42.7858,4,0.0642,0.8639,5,0.0628,0.2628,5,0.0628,0.2212,5,0.0744,0.9771,4.0,0.0642,0.9398,4,0.0642,0.9004,4,0.0642
5,dimension_3d,prediction,pointnet,deepjeb_3d_2d,XL,diagonal::stress,40.0,0.5,3.6682,4,0.1331,6313.3013,4,0.1445,0.2545,3,0.1234,21.4273,4,0.0674,33.4137,5,0.0693,72.9303,4,0.0666,0.5084,5,0.0693,0.6058,5,0.0693,783.2301,2,0.1204,,,0.0,0.847,4,0.0674,0.4976,5,0.0693
5,dimension_3d,prediction,pointnet,deepjeb_3d_2d,XL,horizontal::disp_x,40.0,0.5,3.6682,4,0.1449,6297.2846,4,0.1656,0.2515,3,0.0982,0.012,4,0.0637,0.0232,5,0.0682,49.185,4,0.0623,0.9059,5,0.0682,0.2514,5,0.0682,0.4507,4,0.0724,0.9847,4.0,0.0637,0.9157,4,0.0623,0.9609,4,0.0623
5,dimension_3d,prediction,pointnet,deepjeb_3d_2d,XL,horizontal::disp_y,40.0,0.5,3.6682,4,0.164,6297.2846,4,0.1469,0.2515,3,0.0978,0.0027,5,0.0634,0.0044,5,0.0634,81.4427,5,0.0654,0.6799,5,0.0654,0.5621,5,0.0654,0.0829,4,0.0785,0.9847,4.0,0.064,0.8342,4,0.0618,0.6828,4,0.064
5,dimension_3d,prediction,pointnet,deepjeb_3d_2d,XL,horizontal::disp_z,40.0,0.5,3.6682,4,0.1637,6297.2846,4,0.1637,0.2515,3,0.1091,0.012,5,0.0633,0.0222,5,0.0633,55.1714,4,0.0605,0.9171,5,0.0633,0.2682,5,0.0633,0.3813,4,0.0671,0.9847,4.0,0.0605,0.901,4,0.0605,0.9402,4,0.0618
5,dimension_3d,prediction,pointnet,deepjeb_3d_2d,XL,horizontal::stress,40.0,0.5,3.6682,4,0.1657,6297.2846,4,0.1707,0.2515,3,0.115,31.8804,5,0.0663,49.8564,5,0.0713,85.2727,5,0.0663,0.5361,5,0.0713,0.6709,5,0.0713,1079.3317,1,0.0696,,,0.0,0.7974,5,0.0663,0.4632,5,0.0663
5,dimension_3d,prediction,regdgcnn,deepjeb_3d_2d,XL,mode_shape_1::mode_x,40.0,0.5,1.4417,1,0.0669,3278.9402,2,0.0708,0.2359,3,0.0977,291.4533,5,0.0784,394.5115,5,0.073,147.9905,1,0.0669,-0.2191,5,0.0653,1.1041,5,0.0653,4928.2573,5,0.0669,0.1361,1.0,0.0669,0.5016,3,0.2152,0.1989,1,0.0669
5,dimension_3d,prediction,regdgcnn,deepjeb_3d_2d,XL,mode_shape_1::mode_y,40.0,0.5,1.4417,1,0.0686,3278.9402,2,0.0785,0.2359,3,0.1216,408.7902,5,0.0752,615.2329,5,0.0854,146.1996,1,0.0686,-0.2417,5,0.0843,1.1143,5,0.0689,7560.4238,5,0.0752,0.1361,1.0,0.0686,0.5085,1,0.0886,0.4304,1,0.1163
5,dimension_3d,prediction,geofno,deepjeb_3d_2d,XL,mode_shape_1::mode_z,40.0,0.5,1.5457,2,0.0626,1727.7278,1,0.0663,0.1872,1,0.0877,645.4633,4,0.0626,803.6131,4,0.0626,168.2297,2,0.0739,-0.0251,4,0.0626,1.0124,4,0.0661,5595.9639,5,0.0703,0.0423,2.0,0.0626,0.5014,5,0.1903,0.2155,4,0.1325
5,dimension_3d,prediction,regdgcnn,deepjeb_3d_2d,XL,mode_shape_2::mode_x,40.0,0.5,1.4417,1,0.06,4929.2506,4,0.1936,0.2356,3,0.117,263.1175,5,0.0647,346.8134,5,0.0647,155.2544,1,0.0647,-0.1221,5,0.0607,1.0593,5,0.0641,3851.9412,5,0.0862,0.2917,1.0,0.0696,0.4956,5,0.06,0.1357,1,0.0947
5,dimension_3d,prediction,regdgcnn,deepjeb_3d_2d,XL,mode_shape_2::mode_y,40.0,0.5,1.4417,1,0.0618,4929.2506,4,0.1298,0.2356,3,0.1128,295.9741,5,0.0629,490.1285,5,0.068,152.1406,1,0.068,-0.1611,5,0.0637,1.0775,5,0.063,10648.9209,5,0.0863,0.2917,1.0,0.0702,0.4934,5,0.1505,0.2281,1,0.0629
5,dimension_3d,prediction,regdgcnn,deepjeb_3d_2d,XL,mode_shape_2::mode_z,40.0,0.5,1.4417,1,0.0598,4929.2506,4,0.1367,0.2356,3,0.0992,742.3019,5,0.0719,1029.0016,5,0.0628,145.9771,1,0.0628,-0.2955,5,0.0617,1.1382,5,0.0617,6824.0908,5,0.0689,0.2917,1.0,0.0724,0.496,4,0.1331,0.3935,1,0.109
5,dimension_3d,prediction,pointnet,deepjeb_3d_2d,XL,torsion::disp_x,40.0,0.5,3.6682,4,0.1228,6057.0162,4,0.1677,0.2521,3,0.0809,0.0021,4,0.0681,0.0041,4,0.0681,56.5367,4,0.0681,0.9473,4,0.0681,0.2296,4,0.0681,0.0819,4,0.0839,0.9623,4.0,0.0681,0.9076,4,0.0681,0.9464,4,0.0681
5,dimension_3d,prediction,pointnet,deepjeb_3d_2d,XL,torsion::disp_y,40.0,0.5,3.6682,4,0.1364,6057.0162,4,0.1791,0.2521,3,0.0971,0.0017,5,0.0633,0.0034,5,0.0633,91.6149,5,0.0635,0.9287,5,0.0664,0.2662,5,0.0664,0.1017,5,0.0782,0.9623,4.0,0.0621,0.7823,4,0.0621,0.7738,4,0.0621
5,dimension_3d,prediction,pointnet,deepjeb_3d_2d,XL,torsion::disp_z,40.0,0.5,3.6682,4,0.132,6057.0162,4,0.1863,0.2521,3,0.0834,0.0021,5,0.0674,0.0037,5,0.0674,75.3206,5,0.0674,0.8961,5,0.0674,0.3221,5,0.0674,0.0544,4,0.0674,0.9623,4.0,0.0646,0.8603,4,0.0646,0.8311,4,0.0646
5,dimension_3d,prediction,pointnet,deepjeb_3d_2d,XL,torsion::stress,40.0,0.5,3.6682,4,0.1314,6057.0162,4,0.1862,0.2521,3,0.0871,12.0818,4,0.0729,20.601,4,0.0729,100.1504,5,0.0828,0.7019,4,0.0729,0.546,4,0.0729,712.3356,2,0.0753,,,0.0,0.7535,4,0.0729,0.7471,4,0.0729
5,dimension_3d,prediction,geofno,deepjeb_3d_2d,XL,vertical::disp_x,40.0,0.5,1.5458,2,0.1277,3502.659,1,0.1703,0.2165,1,0.0757,0.0104,5,0.0666,0.0176,5,0.0721,70.6995,5,0.0666,0.9277,5,0.0721,0.2442,5,0.0721,0.5744,5,0.0766,0.9702,5.0,0.0666,0.8506,5,0.0666,0.884,5,0.0666
5,dimension_3d,prediction,pointnet,deepjeb_3d_2d,XL,vertical::disp_y,40.0,0.5,3.6682,4,0.1222,6477.1581,4,0.1797,0.2731,3,0.0745,0.0045,4,0.0636,0.0086,5,0.0727,70.8006,4,0.0636,0.837,5,0.0727,0.4032,5,0.0727,0.1542,4,0.0873,0.989,4.0,0.0636,0.8642,4,0.0636,0.8151,4,0.0636
5,dimension_3d,prediction,geofno,deepjeb_3d_2d,XL,vertical::disp_z,40.0,0.5,1.5458,2,0.1305,3502.659,1,0.178,0.2165,1,0.0726,0.0168,5,0.0639,0.0264,5,0.0739,62.2333,5,0.0649,0.9467,5,0.0739,0.1855,5,0.0739,0.5795,5,0.0722,0.9702,5.0,0.0649,0.8649,5,0.0663,0.918,5,0.0649
5,dimension_3d,prediction,pointnet,deepjeb_3d_2d,XL,vertical::stress,40.0,0.5,3.6682,4,0.113,6477.1581,4,0.2147,0.2731,3,0.0767,34.3419,4,0.07,52.1704,4,0.07,83.7185,4,0.07,0.6108,4,0.07,0.5999,4,0.07,1469.4603,5,0.1056,,,0.0,0.8068,4,0.07,0.5506,4,0.07
5,dimension_3d,prediction,geofno,drivaernet_3d_2d,L,body_pressure::body_pressure,39.8292,0.4667,1.5454,2,0.2382,516.3219,2,0.0839,0.0824,4,0.1033,35.5663,6,0.0674,58.7756,5,0.0679,41.3696,6,0.0674,0.7416,5,0.0679,0.3944,5,0.0679,9530.4502,5,0.0831,,,0.0,0.951,6,0.0839,0.6797,6,0.069
5,dimension_3d,prediction,geofno,drivaernet_3d_2d,L,pressure::pressure,40.636,0.5,1.5454,2,0.2209,278.8813,2,0.106,0.8146,2,0.0741,28.7839,6,0.0746,46.7207,5,0.0723,56.8491,6,0.0746,0.8631,5,0.0723,0.357,5,0.0723,1108.205,4,0.0829,,,0.0,0.9053,6,0.0755,0.7324,6,0.0746
5,dimension_3d,prediction,pointnet,drivaernet_3d_2d,L,pv_coupled::pressure,40.447,0.5,3.6682,4,0.1942,221.9117,1,0.0733,0.8631,4,0.1592,28.2368,5,0.0688,49.4357,5,0.0677,55.8399,5,0.0638,0.8467,5,0.0677,0.3778,5,0.0677,1200.1189,6,0.0925,,,0.0,0.8982,5,0.0746,0.6934,6,0.0704
5,dimension_3d,prediction,abupt,drivaernet_3d_2d,L,pv_coupled::velocity_x,41.8829,0.5,8.7512,6,0.2106,1251.8361,5,0.056,0.8369,3,0.1731,2.2822,3,0.0496,3.6475,3,0.0496,33.2973,3,0.0496,0.9271,3,0.0496,0.1571,3,0.0496,48.0672,6,0.1623,0.9684,3.0,0.0496,0.9303,3,0.0496,0.8681,3,0.0506
5,dimension_3d,prediction,pointnet,drivaernet_3d_2d,L,pv_coupled::velocity_y,40.1283,0.5,3.6682,4,0.104,221.9117,1,0.0834,0.8631,4,0.1768,0.8686,5,0.0636,1.5403,5,0.0627,115.5256,5,0.0631,0.2616,5,0.0627,0.8542,5,0.0627,18.1853,5,0.1263,0.9369,5.0,0.0707,0.6961,5,0.0589,0.393,5,0.065
5,dimension_3d,prediction,pointnet,drivaernet_3d_2d,L,pv_coupled::velocity_z,41.1333,0.5,3.6682,4,0.2158,221.9117,1,0.0714,0.8631,4,0.1114,1.3854,5,0.0604,2.1209,5,0.0642,74.7048,5,0.0667,0.8016,5,0.0642,0.436,5,0.0642,35.2994,5,0.0676,0.9369,5.0,0.0699,0.8316,5,0.0667,0.7703,5,0.0774
5,dimension_3d,prediction,pointnet,drivaernet_3d_2d,L,velocity::velocity_x,40.4634,0.5,3.6681,4,0.2668,218.0289,1,0.068,0.7994,1,0.0721,4.0085,5,0.0617,5.6551,5,0.0613,43.8528,5,0.0617,0.8249,5,0.0613,0.2435,5,0.0613,39.9131,3,0.097,0.9319,5.0,0.0617,0.9106,5,0.0617,0.6092,5,0.0655
5,dimension_3d,prediction,pointnet,drivaernet_3d_2d,L,velocity::velocity_y,40.7659,0.5,3.6681,4,0.1377,218.0289,1,0.0826,0.7994,1,0.0771,0.8569,5,0.0754,1.5326,5,0.0754,113.6565,5,0.0776,0.2689,5,0.0754,0.8499,5,0.0754,18.0471,4,0.1023,0.9319,5.0,0.0703,0.6977,5,0.0807,0.3993,5,0.0703
5,dimension_3d,prediction,pointnet,drivaernet_3d_2d,L,velocity::velocity_z,41.3868,0.5,3.6681,4,0.2392,218.0289,1,0.0825,0.7994,1,0.0723,1.4488,5,0.0647,2.2377,5,0.0658,77.01,5,0.0706,0.7791,5,0.0658,0.46,5,0.0658,37.2544,5,0.0719,0.9319,5.0,0.0658,0.8314,5,0.0647,0.7712,5,0.0706
5,dimension_3d,prediction,geofno,drivaernet_3d_2d,M,body_pressure::body_pressure,39.0853,0.4667,1.5454,2,0.1939,325.8642,2,0.1003,0.0705,1,0.1348,47.5206,6,0.069,73.9959,6,0.069,52.1661,6,0.069,0.5904,6,0.069,0.4966,6,0.069,9584.3057,5,0.0805,,,0.0,0.9342,6,0.0735,0.577,6,0.0719
5,dimension_3d,prediction,abupt,drivaernet_3d_2d,M,pressure::pressure,41.4281,0.5,8.7512,6,0.2951,721.5985,5,0.0807,0.8347,4,0.1046,25.2266,4,0.064,45.2763,4,0.064,52.9782,4,0.064,0.8714,4,0.064,0.346,4,0.064,1041.8903,4,0.0704,,,0.0,0.9219,4,0.0632,0.7478,4,0.0661
5,dimension_3d,prediction,geofno,drivaernet_3d_2d,M,pv_coupled::pressure,41.7268,0.5,1.5458,2,0.246,182.0765,2,0.0898,0.8185,1,0.1134,38.5807,5,0.0642,60.8294,5,0.0642,70.0163,5,0.0642,0.7679,5,0.0642,0.4648,5,0.0642,1280.6139,6,0.1013,,,0.0,0.8781,5,0.0642,0.6318,5,0.0642
5,dimension_3d,prediction,geofno,drivaernet_3d_2d,M,pv_coupled::velocity_x,41.8753,0.5,1.5458,2,0.1516,182.0765,2,0.0684,0.8185,1,0.1202,5.5607,5,0.064,7.9832,5,0.0661,51.2719,5,0.0684,0.651,5,0.0661,0.3438,5,0.0661,50.1169,5,0.1369,0.8687,5.0,0.0661,0.9014,5,0.0644,0.5152,5,0.0616
5,dimension_3d,prediction,geofno,drivaernet_3d_2d,M,pv_coupled::velocity_y,42.0454,0.5,1.5458,2,0.1334,182.0765,2,0.0723,0.8185,1,0.1821,0.9293,5,0.0599,1.6157,5,0.0599,122.3245,5,0.0667,0.1875,5,0.0599,0.896,5,0.0599,17.7689,4,0.1101,0.8687,5.0,0.0653,0.6817,6,0.0667,0.3576,5,0.0636
5,dimension_3d,prediction,geofno,drivaernet_3d_2d,M,pv_coupled::velocity_z,41.8136,0.5,1.5458,2,0.1544,182.0765,2,0.0767,0.8185,1,0.1123,1.9587,5,0.0674,2.858,5,0.0654,95.0152,5,0.0674,0.6397,5,0.0654,0.5876,5,0.0654,42.9675,5,0.1039,0.8687,5.0,0.0806,0.7697,5,0.0654,0.5938,5,0.0756
5,dimension_3d,prediction,geofno,drivaernet_3d_2d,M,velocity::velocity_x,40.7569,0.5,1.5457,2,0.1911,182.785,2,0.0672,0.8189,2,0.0849,4.9605,5,0.0672,7.2319,5,0.0672,47.0554,5,0.0672,0.7136,5,0.0672,0.3114,5,0.0672,50.3026,6,0.1112,0.8914,5.0,0.0672,0.9111,5,0.0707,0.6107,5,0.0715
5,dimension_3d,prediction,geofno,drivaernet_3d_2d,M,velocity::velocity_y,42.1555,0.5,1.5457,2,0.1201,182.785,2,0.0692,0.8189,2,0.0767,0.9194,5,0.0689,1.5888,5,0.0679,122.8433,5,0.0767,0.2143,5,0.0679,0.8811,5,0.0679,18.7245,5,0.0755,0.8914,5.0,0.0692,0.6815,5,0.1488,0.384,5,0.0913
5,dimension_3d,prediction,geofno,drivaernet_3d_2d,M,velocity::velocity_z,42.0827,0.5,1.5457,2,0.1666,182.785,2,0.0702,0.8189,2,0.0874,1.8169,5,0.0811,2.6603,5,0.0702,89.1616,5,0.0753,0.6878,5,0.0702,0.5469,5,0.0702,43.7051,6,0.0748,0.8914,5.0,0.0702,0.7856,5,0.0827,0.6756,5,0.0811
5,dimension_3d,prediction,pointnet,drivaernet_3d_2d,S,body_pressure::body_pressure,40.6878,0.4667,3.6677,4,0.201,297.9661,2,0.1,0.0814,1,0.1179,50.0203,5,0.0701,82.984,5,0.0701,51.2299,5,0.0701,0.4848,5,0.0701,0.5569,5,0.0701,9856.791,6,0.0828,,,0.0,0.9377,5,0.0751,0.4312,6,0.0725
5,dimension_3d,prediction,abupt,drivaernet_3d_2d,S,pressure::pressure,41.7511,0.5,8.7512,6,0.1524,382.1542,6,0.1313,0.8342,4,0.0805,33.3302,4,0.076,52.6041,4,0.076,70.3699,5,0.0784,0.8265,4,0.076,0.402,4,0.076,1149.0542,3,0.097,,,0.0,0.8809,5,0.0805,0.7247,4,0.076
5,dimension_3d,prediction,abupt,drivaernet_3d_2d,S,pv_coupled::pressure,41.3721,0.5,8.7512,6,0.2371,346.5929,5,0.0957,0.8346,3,0.2055,28.1756,4,0.0552,49.5673,4,0.0552,54.3686,4,0.0552,0.8459,4,0.0552,0.3788,4,0.0552,1193.4539,4,0.0752,,,0.0,0.9128,4,0.0552,0.6985,4,0.0552
5,dimension_3d,prediction,geofno,drivaernet_3d_2d,S,pv_coupled::velocity_x,42.0185,0.5,1.5458,2,0.1843,125.3953,2,0.0962,0.8191,2,0.2057,6.9645,5,0.0563,9.3799,5,0.0546,59.0558,5,0.0563,0.5182,5,0.0546,0.4039,5,0.0546,44.9706,3,0.0686,0.8217,5.0,0.0546,0.884,5,0.0563,0.369,6,0.0578
5,dimension_3d,prediction,geofno,drivaernet_3d_2d,S,pv_coupled::velocity_y,41.4604,0.5,1.5458,2,0.0914,125.3953,2,0.1413,0.8191,2,0.0896,0.9698,5,0.0642,1.6757,5,0.062,129.6739,6,0.0914,0.126,5,0.062,0.9293,5,0.062,17.8301,4,0.0655,0.8217,5.0,0.0718,0.6536,5,0.1371,0.3189,5,0.062
5,dimension_3d,prediction,geofno,drivaernet_3d_2d,S,pv_coupled::velocity_z,41.4623,0.5,1.5458,2,0.1896,125.3953,2,0.1083,0.8191,2,0.1784,2.3544,5,0.0576,3.2553,5,0.0576,102.8294,5,0.0558,0.5326,5,0.0576,0.6692,5,0.0576,39.1111,5,0.0603,0.8217,5.0,0.0572,0.7546,5,0.0572,0.5094,5,0.0628
5,dimension_3d,prediction,pointnet,drivaernet_3d_2d,S,velocity::velocity_x,41.0607,0.5,3.6681,4,0.1417,129.1082,4,0.0976,0.8614,4,0.1072,5.7969,5,0.059,7.9692,5,0.0582,55.6897,5,0.0578,0.6522,5,0.0582,0.3431,5,0.0582,37.7926,1,0.1723,0.8701,5.0,0.059,0.8831,6,0.0606,0.6162,5,0.0703
5,dimension_3d,prediction,pointnet,drivaernet_3d_2d,S,velocity::velocity_y,40.1191,0.5,3.6681,4,0.086,129.1082,4,0.2027,0.8614,4,0.1135,0.9229,5,0.0583,1.643,5,0.0583,122.0132,5,0.0869,0.1598,5,0.0583,0.9112,5,0.0583,18.7959,6,0.0715,0.8701,5.0,0.0703,0.675,5,0.0734,0.2998,6,0.0626
5,dimension_3d,prediction,pointnet,drivaernet_3d_2d,S,velocity::velocity_z,40.8706,0.5,3.6681,4,0.1822,129.1082,4,0.1822,0.8614,4,0.0748,1.9317,5,0.0593,2.8377,5,0.0593,90.3201,5,0.0593,0.6448,5,0.0593,0.5834,5,0.0593,37.4218,4,0.0691,0.8701,5.0,0.0618,0.7878,5,0.0593,0.6154,6,0.0742
5,dimension_3d,prediction,geofno,drivaernet_3d_2d,XL,body_pressure::body_pressure,40.9678,0.5,1.5454,2,0.2561,737.0958,2,0.0758,0.1188,4,0.1111,26.829,5,0.0657,46.291,5,0.0657,32.9866,5,0.0657,0.8397,5,0.0657,0.3107,5,0.0657,9464.0918,5,0.0721,,,0.0,0.9625,5,0.0799,0.7421,5,0.0765
5,dimension_3d,prediction,geofno,drivaernet_3d_2d,XL,pressure::pressure,40.9567,0.5,1.5454,2,0.3356,478.042,2,0.1106,0.8162,2,0.0641,28.4127,6,0.0609,47.1928,6,0.0609,55.4939,6,0.0609,0.8603,6,0.0609,0.3606,6,0.0609,1098.9977,5,0.0621,,,0.0,0.9184,5,0.0621,0.7621,6,0.0609
5,dimension_3d,prediction,pointnet,drivaernet_3d_2d,XL,pv_coupled::pressure,40.3678,0.5,3.6682,4,0.1003,343.15,1,0.0977,0.8699,4,0.2176,24.7887,5,0.0698,45.8859,5,0.0698,50.8548,5,0.0698,0.868,5,0.0698,0.3506,5,0.0698,1157.646,6,0.0943,,,0.0,0.9146,5,0.0698,0.73,5,0.0716
5,dimension_3d,prediction,pointnet,drivaernet_3d_2d,XL,pv_coupled::velocity_x,40.4673,0.5,3.6682,4,0.1759,343.15,1,0.0638,0.8699,4,0.1397,3.3633,5,0.0605,5.0811,5,0.0605,38.8814,5,0.0605,0.8586,5,0.0605,0.2188,5,0.0605,43.2822,4,0.096,0.9448,5.0,0.0625,0.9215,5,0.0605,0.6734,6,0.099
5,dimension_3d,prediction,pointnet,drivaernet_3d_2d,XL,pv_coupled::velocity_y,40.8868,0.5,3.6682,4,0.0973,343.15,1,0.0815,0.8699,4,0.1758,0.84,5,0.0716,1.5039,5,0.0655,111.431,4,0.0711,0.2961,5,0.0655,0.834,5,0.0655,17.5431,2,0.0795,0.9448,5.0,0.0651,0.7037,4,0.0963,0.4183,5,0.0655
5,dimension_3d,prediction,pointnet,drivaernet_3d_2d,XL,pv_coupled::velocity_z,41.3784,0.5,3.6682,4,0.1143,343.15,1,0.077,0.8699,4,0.1979,1.2582,5,0.0656,1.9882,5,0.0656,69.9164,5,0.0697,0.8256,5,0.0656,0.4088,5,0.0656,33.9917,5,0.0821,0.9448,5.0,0.0656,0.8444,5,0.0656,0.7901,5,0.0656
5,dimension_3d,prediction,pointnet,drivaernet_3d_2d,XL,velocity::velocity_x,41.6256,0.5,3.6681,4,0.1437,332.9639,1,0.0825,0.7975,1,0.0984,3.2748,5,0.0703,4.9869,5,0.0703,39.2633,5,0.0703,0.8638,5,0.0703,0.2147,5,0.0703,40.427,3,0.1007,0.9466,5.0,0.0703,0.923,5,0.0703,0.7341,5,0.0825
5,dimension_3d,prediction,regdgcnn,drivaernet_3d_2d,XL,velocity::velocity_y,41.8036,0.5,1.4417,1,0.0971,3111.812,6,0.0922,0.9235,6,0.1025,0.8107,4,0.0696,1.4992,5,0.0763,98.7196,2,0.0814,0.3005,5,0.0763,0.8314,5,0.0763,18.6427,4,0.0692,0.9741,2.0,0.0743,0.7419,3,0.1153,0.4503,4,0.0696
5,dimension_3d,prediction,pointnet,drivaernet_3d_2d,XL,velocity::velocity_z,41.6093,0.5,3.6681,4,0.1532,332.9639,1,0.078,0.7975,1,0.086,1.2064,5,0.0718,1.9614,5,0.0714,69.0081,5,0.0766,0.8303,5,0.0714,0.4032,5,0.0714,34.1359,5,0.0966,0.9466,5.0,0.0714,0.8411,5,0.0757,0.8002,5,0.0766
6,dimension_3d,prediction,pointnet,drivaernet_3d_2d,L,body_pressure::body_pressure,38.6667,0.4667,3.6677,4,0.2382,337.6994,1,0.0839,0.0806,3,0.1033,34.9327,5,0.0674,62.7139,6,0.0679,39.051,5,0.0674,0.7058,6,0.0679,0.4209,6,0.0679,9766.9912,6,0.0831,,,0.0,0.9574,5,0.0839,0.6832,5,0.069
6,dimension_3d,prediction,pointnet,drivaernet_3d_2d,L,pressure::pressure,40.0,0.5,3.6678,4,0.2209,215.5056,1,0.106,0.8055,1,0.0741,25.2544,5,0.0746,46.7573,6,0.0723,50.7324,5,0.0746,0.8629,6,0.0723,0.3573,6,0.0723,1143.8694,6,0.0829,,,0.0,0.9161,5,0.0755,0.7336,5,0.0746
6,dimension_3d,prediction,geofno,drivaernet_3d_2d,L,pv_coupled::pressure,40.0,0.5,1.5458,2,0.1942,271.9156,2,0.0733,0.8215,2,0.1592,35.9051,6,0.0688,55.8272,6,0.0677,68.1652,6,0.0638,0.8045,6,0.0677,0.4266,6,0.0677,1120.7068,5,0.0925,,,0.0,0.8794,6,0.0746,0.7019,5,0.0704
6,dimension_3d,prediction,geofno,drivaernet_3d_2d,L,pv_coupled::velocity_x,40.0,0.5,1.5458,2,0.2106,271.9156,2,0.056,0.8215,2,0.1731,5.0467,6,0.0496,7.3633,6,0.0496,47.3455,6,0.0496,0.7031,6,0.0496,0.3171,6,0.0496,47.7888,5,0.1623,0.8884,6.0,0.0496,0.9101,6,0.0496,0.5618,6,0.0506
6,dimension_3d,prediction,geofno,drivaernet_3d_2d,L,pv_coupled::velocity_y,40.0,0.5,1.5458,2,0.104,271.9156,2,0.0834,0.8215,2,0.1768,0.9016,6,0.0636,1.581,6,0.0627,119.3873,6,0.0631,0.222,6,0.0627,0.8768,6,0.0627,17.5023,3,0.1263,0.8884,6.0,0.0707,0.6889,6,0.0589,0.3783,6,0.065
6,dimension_3d,prediction,geofno,drivaernet_3d_2d,L,pv_coupled::velocity_z,40.0,0.5,1.5458,2,0.2158,271.9156,2,0.0714,0.8215,2,0.1114,1.7433,6,0.0604,2.5787,6,0.0642,84.1154,6,0.0667,0.7067,6,0.0642,0.5301,6,0.0642,36.2495,6,0.0676,0.8884,6.0,0.0699,0.8125,6,0.0667,0.6623,6,0.0774
6,dimension_3d,prediction,geofno,drivaernet_3d_2d,L,velocity::velocity_x,40.0,0.5,1.5457,2,0.2668,271.2914,2,0.068,0.8173,2,0.0721,5.2094,6,0.0617,7.497,6,0.0613,48.9795,6,0.0617,0.6922,6,0.0613,0.3228,6,0.0613,46.4062,6,0.097,0.8848,6.0,0.0617,0.9053,6,0.0617,0.5182,6,0.0655
6,dimension_3d,prediction,geofno,drivaernet_3d_2d,L,velocity::velocity_y,40.0,0.5,1.5457,2,0.1377,271.2914,2,0.0826,0.8173,2,0.0771,0.909,6,0.0754,1.581,6,0.0754,119.0444,6,0.0776,0.222,6,0.0754,0.8768,6,0.0754,17.5426,1,0.1023,0.8848,6.0,0.0703,0.6976,6,0.0807,0.386,6,0.0703
6,dimension_3d,prediction,geofno,drivaernet_3d_2d,L,velocity::velocity_z,40.0,0.5,1.5457,2,0.2392,271.2914,2,0.0825,0.8173,2,0.0723,1.7652,6,0.0647,2.6135,6,0.0658,89.2923,6,0.0706,0.6987,6,0.0658,0.5373,6,0.0658,40.6432,6,0.0719,0.8848,6.0,0.0658,0.7857,6,0.0647,0.7002,6,0.0706
6,dimension_3d,prediction,pointnet,drivaernet_3d_2d,M,body_pressure::body_pressure,38.6667,0.4667,3.6677,4,0.1939,265.3567,1,0.1003,0.0853,3,0.1348,41.9294,5,0.069,73.4061,5,0.069,44.7094,5,0.069,0.5969,5,0.069,0.4926,5,0.069,9835.2002,6,0.0805,,,0.0,0.9501,5,0.0735,0.615,5,0.0719
6,dimension_3d,prediction,pointnet,drivaernet_3d_2d,M,pressure::pressure,40.0,0.5,3.6678,4,0.2951,78.6498,1,0.0807,0.7941,1,0.1046,65.9267,6,0.064,100.0494,6,0.064,103.6297,6,0.064,0.3722,6,0.064,0.7646,6,0.064,1151.1787,6,0.0704,,,0.0,0.8131,6,0.0632,0.2147,6,0.0661
6,dimension_3d,prediction,pointnet,drivaernet_3d_2d,M,pv_coupled::pressure,40.0,0.5,3.6682,4,0.246,160.8487,1,0.0898,0.8624,4,0.1134,54.6357,6,0.0642,86.6376,6,0.0642,75.999,6,0.0642,0.5292,6,0.0642,0.6621,6,0.0642,1155.4349,5,0.1013,,,0.0,0.8569,6,0.0642,0.3389,6,0.0642
6,dimension_3d,prediction,pointnet,drivaernet_3d_2d,M,pv_coupled::velocity_x,40.0,0.5,3.6682,4,0.1516,160.8487,1,0.0684,0.8624,4,0.1202,9.7961,6,0.064,11.8337,6,0.0661,71.5471,6,0.0684,0.2332,6,0.0661,0.5095,6,0.0661,43.2702,3,0.1369,0.7247,6.0,0.0661,0.8544,6,0.0644,0.4621,6,0.0616
6,dimension_3d,prediction,pointnet,drivaernet_3d_2d,M,pv_coupled::velocity_y,40.0,0.5,3.6682,4,0.1334,160.8487,1,0.0723,0.8624,4,0.1821,0.9945,6,0.0599,1.7348,6,0.0599,124.5219,6,0.0667,0.0632,6,0.0599,0.9621,6,0.0599,19.7236,6,0.1101,0.7247,6.0,0.0653,0.6859,5,0.0667,0.2247,6,0.0636
6,dimension_3d,prediction,pointnet,drivaernet_3d_2d,M,pv_coupled::velocity_z,40.0,0.5,3.6682,4,0.1544,160.8487,1,0.0767,0.8624,4,0.1123,2.7852,6,0.0674,3.6345,6,0.0654,124.9742,6,0.0674,0.4173,6,0.0654,0.7472,6,0.0654,43.6427,6,0.1039,0.7247,6.0,0.0806,0.6727,6,0.0654,0.4627,6,0.0756
6,dimension_3d,prediction,pointnet,drivaernet_3d_2d,M,velocity::velocity_x,40.0,0.5,3.6681,4,0.1911,154.1752,1,0.0672,0.8004,1,0.0849,8.913,6,0.0672,11.0844,6,0.0672,69.9206,6,0.0672,0.3272,6,0.0672,0.4773,6,0.0672,46.0845,3,0.1112,0.7586,6.0,0.0672,0.8544,6,0.0707,0.454,6,0.0715
6,dimension_3d,prediction,pointnet,drivaernet_3d_2d,M,velocity::velocity_y,40.0,0.5,3.6681,4,0.1201,154.1752,1,0.0692,0.8004,1,0.0767,0.9778,6,0.0689,1.7795,6,0.0679,125.811,6,0.0767,0.0144,6,0.0679,0.9868,6,0.0679,18.9758,6,0.0755,0.7586,6.0,0.0692,0.6972,4,0.1488,0.1075,6,0.0913
6,dimension_3d,prediction,pointnet,drivaernet_3d_2d,M,velocity::velocity_z,40.0,0.5,3.6681,4,0.1666,154.1752,1,0.0702,0.8004,1,0.0874,2.4508,6,0.0811,3.3818,6,0.0702,128.7536,6,0.0753,0.4955,6,0.0702,0.6952,6,0.0702,40.8137,5,0.0748,0.7586,6.0,0.0702,0.6523,6,0.0827,0.5067,6,0.0811
6,dimension_3d,prediction,abupt,drivaernet_3d_2d,S,body_pressure::body_pressure,38.6667,0.4667,8.7512,6,0.201,2215.0019,6,0.1,0.3347,6,0.1179,38.8361,4,0.0701,69.7917,4,0.0701,40.5224,4,0.0701,0.6356,4,0.0701,0.4684,4,0.0701,9543.4102,5,0.0828,,,0.0,0.9573,4,0.0751,0.6472,4,0.0725
6,dimension_3d,prediction,pointnet,drivaernet_3d_2d,S,pressure::pressure,40.0,0.5,3.6678,4,0.1524,66.8545,1,0.1313,0.7981,1,0.0805,80.9888,6,0.076,108.5314,6,0.076,114.6721,6,0.0784,0.2613,6,0.076,0.8294,6,0.076,1278.3362,6,0.097,,,0.0,0.7394,6,0.0805,0.5278,6,0.076
6,dimension_3d,prediction,pointnet,drivaernet_3d_2d,S,pv_coupled::pressure,40.0,0.5,3.6682,4,0.2371,127.8401,3,0.0957,0.8396,4,0.2055,55.3378,6,0.0552,87.2153,6,0.0552,77.3622,6,0.0552,0.523,6,0.0552,0.6665,6,0.0552,1175.2827,3,0.0752,,,0.0,0.8555,6,0.0552,0.294,6,0.0552
6,dimension_3d,prediction,pointnet,drivaernet_3d_2d,S,pv_coupled::velocity_x,40.0,0.5,3.6682,4,0.1843,127.8401,3,0.0962,0.8396,4,0.2057,9.8514,6,0.0563,11.8872,6,0.0546,71.5307,6,0.0563,0.2262,6,0.0546,0.5119,6,0.0546,42.6374,2,0.0686,0.7223,6.0,0.0546,0.8544,6,0.0563,0.4419,5,0.0578
6,dimension_3d,prediction,pointnet,drivaernet_3d_2d,S,pv_coupled::velocity_y,40.0,0.5,3.6682,4,0.0914,127.8401,3,0.1413,0.8396,4,0.0896,0.9928,6,0.0642,1.7387,6,0.062,127.276,5,0.0914,0.0591,6,0.062,0.9642,6,0.062,19.283,6,0.0655,0.7223,6.0,0.0718,0.6791,4,0.1371,0.1982,6,0.062
6,dimension_3d,prediction,pointnet,drivaernet_3d_2d,S,pv_coupled::velocity_z,40.0,0.5,3.6682,4,0.1896,127.8401,3,0.1083,0.8396,4,0.1784,2.7897,6,0.0576,3.6385,6,0.0576,125.7377,6,0.0558,0.416,6,0.0576,0.748,6,0.0576,43.2616,6,0.0603,0.7223,6.0,0.0572,0.6754,6,0.0572,0.4606,6,0.0628
6,dimension_3d,prediction,geofno,drivaernet_3d_2d,S,velocity::velocity_x,40.0,0.5,1.5457,2,0.1417,126.3013,3,0.0976,0.8158,1,0.1072,6.465,6,0.059,8.8125,6,0.0582,55.866,6,0.0578,0.5747,6,0.0582,0.3795,6,0.0582,49.0229,6,0.1723,0.8419,6.0,0.059,0.8905,5,0.0606,0.4716,6,0.0703
6,dimension_3d,prediction,geofno,drivaernet_3d_2d,S,velocity::velocity_y,40.0,0.5,1.5457,2,0.086,126.3013,3,0.2027,0.8158,1,0.1135,0.9685,6,0.0583,1.6557,6,0.0583,130.9209,6,0.0869,0.1468,6,0.0583,0.9182,6,0.0583,18.5692,4,0.0715,0.8419,6.0,0.0703,0.6619,6,0.0734,0.3265,5,0.0626
6,dimension_3d,prediction,geofno,drivaernet_3d_2d,S,velocity::velocity_z,40.0,0.5,1.5457,2,0.1822,126.3013,3,0.1822,0.8158,1,0.0748,2.2371,6,0.0593,3.0975,6,0.0593,102.6837,6,0.0593,0.5768,6,0.0593,0.6368,6,0.0593,43.5411,6,0.0691,0.8419,6.0,0.0618,0.7408,6,0.0593,0.6447,5,0.0742
6,dimension_3d,prediction,pointnet,drivaernet_3d_2d,XL,body_pressure::body_pressure,40.0,0.5,3.6677,4,0.2561,488.3692,1,0.0758,0.0799,1,0.1111,29.4546,6,0.0657,51.9657,6,0.0657,34.4637,6,0.0657,0.798,6,0.0657,0.3487,6,0.0657,9706.5752,6,0.0721,,,0.0,0.9614,6,0.0799,0.7312,6,0.0765
6,dimension_3d,prediction,pointnet,drivaernet_3d_2d,XL,pressure::pressure,40.0,0.5,3.6678,4,0.3356,329.5492,1,0.1106,0.8022,1,0.0641,23.9136,5,0.0609,43.6137,5,0.0609,51.8494,5,0.0609,0.8807,5,0.0609,0.3333,5,0.0609,1161.1945,6,0.0621,,,0.0,0.9153,6,0.0621,0.7647,5,0.0609
6,dimension_3d,prediction,geofno,drivaernet_3d_2d,XL,pv_coupled::pressure,40.0,0.5,1.5458,2,0.1003,352.1734,2,0.0977,0.8186,2,0.2176,32.0198,6,0.0698,50.0878,6,0.0698,62.8901,6,0.0698,0.8427,6,0.0698,0.3828,6,0.0698,1033.5103,5,0.0943,,,0.0,0.8991,6,0.0698,0.698,6,0.0716
6,dimension_3d,prediction,geofno,drivaernet_3d_2d,XL,pv_coupled::velocity_x,40.0,0.5,1.5458,2,0.1759,352.1734,2,0.0638,0.8186,2,0.1397,4.2567,6,0.0605,6.3979,6,0.0605,44.1503,6,0.0605,0.7759,6,0.0605,0.2755,6,0.0605,47.5284,6,0.096,0.9135,6.0,0.0625,0.9148,6,0.0605,0.7076,5,0.099
6,dimension_3d,prediction,geofno,drivaernet_3d_2d,XL,pv_coupled::velocity_y,40.0,0.5,1.5458,2,0.0973,352.1734,2,0.0815,0.8186,2,0.1758,0.8877,6,0.0716,1.5666,6,0.0655,116.1579,6,0.0711,0.2361,6,0.0655,0.8688,6,0.0655,17.4538,1,0.0795,0.9135,6.0,0.0651,0.6944,5,0.0963,0.3932,6,0.0655
6,dimension_3d,prediction,geofno,drivaernet_3d_2d,XL,pv_coupled::velocity_z,40.0,0.5,1.5458,2,0.1143,352.1734,2,0.077,0.8186,2,0.1979,1.6063,6,0.0656,2.4026,6,0.0656,83.1643,6,0.0697,0.7454,6,0.0656,0.4939,6,0.0656,39.0556,6,0.0821,0.9135,6.0,0.0656,0.8107,6,0.0656,0.6984,6,0.0656
6,dimension_3d,prediction,geofno,drivaernet_3d_2d,XL,velocity::velocity_x,40.0,0.5,1.5457,2,0.1437,408.6842,2,0.0825,0.8181,2,0.0984,4.3742,6,0.0703,6.3722,6,0.0703,46.2095,6,0.0703,0.7777,6,0.0703,0.2744,6,0.0703,48.1601,5,0.1007,0.915,6.0,0.0703,0.9089,6,0.0703,0.5856,6,0.0825
6,dimension_3d,prediction,geofno,drivaernet_3d_2d,XL,velocity::velocity_y,40.0,0.5,1.5457,2,0.0971,408.6842,2,0.0922,0.8181,2,0.1025,0.8694,6,0.0696,1.543,6,0.0763,112.1141,6,0.0814,0.259,6,0.0763,0.8557,6,0.0763,17.455,1,0.0692,0.915,6.0,0.0743,0.7153,5,0.1153,0.3962,6,0.0696
6,dimension_3d,prediction,geofno,drivaernet_3d_2d,XL,velocity::velocity_z,40.0,0.5,1.5457,2,0.1532,408.6842,2,0.078,0.8181,2,0.086,1.5844,6,0.0718,2.3937,6,0.0714,80.9168,6,0.0766,0.7472,6,0.0714,0.4921,6,0.0714,37.4975,6,0.0966,0.915,6.0,0.0714,0.8139,6,0.0757,0.7116,6,0.0766
