{
    "model_parameters": 1740967,
    "training_time_sec": 5726.7016479969025,
    "inference_time_sec": 97.2013213634491,
    "total_generated": 500
}