{
    "model_parameters": 1740967,
    "training_time_sec": 3867.414563179016,
    "inference_time_sec": 68.85068249702454,
    "total_generated": 500
}