{
    "model_parameters": 3668099,
    "training_time_sec": 3208.380700826645,
    "inference_time_sec": 95.74032807350159,
    "total_generated": 500
}