{
    "model_parameters": 1740967,
    "training_time_sec": 2917.6898279190063,
    "inference_time_sec": 97.24683690071106,
    "total_generated": 500
}