{
    "model_parameters": 71439110,
    "training_time_sec": 8767.74087691307,
    "inference_time_sec": 1773.4707055091858,
    "total_generated": 500
}