{
    "model_parameters": 23947136,
    "training_time_sec": 1374.7075364589691,
    "inference_time_sec": 10.169473886489868,
    "total_generated": 500
}