{
    "model_parameters": 28768075,
    "training_time_sec": 2431.29021024704,
    "inference_time_sec": 10.360934972763062,
    "total_generated": 500
}