{
    "model_parameters": 8751215,
    "training_time_sec": 9872.428206443787,
    "inference_time_sec": 80.92628526687622,
    "total_generated": 500
}