{
    "model_parameters": 23947136,
    "training_time_sec": 1123.26402592659,
    "inference_time_sec": 15.772644519805908,
    "total_generated": 500
}