{
    "model_parameters": 76365057,
    "training_time_sec": 7108.075915813446,
    "inference_time_sec": 13.765586853027344,
    "total_generated": 500
}