{
    "model_parameters": 50717992,
    "training_time_sec": 4323.651411533356,
    "inference_time_sec": 10.513555765151978,
    "total_generated": 500
}