{
    "model_parameters": 3668099,
    "training_time_sec": 1528.4305510520935,
    "inference_time_sec": 95.63258409500122,
    "total_generated": 500
}