{
    "model_parameters": 1441801,
    "training_time_sec": 2315.436418056488,
    "inference_time_sec": 125.24309158325195,
    "total_generated": 500
}