{
    "model_parameters": 1441801,
    "training_time_sec": 1511.5356006622314,
    "inference_time_sec": 124.4480242729187,
    "total_generated": 500
}