{
    "model_parameters": 1741224,
    "training_time_sec": 3382.4872262477875,
    "inference_time_sec": 112.012362241745,
    "total_generated": 500
}