{
    "model_parameters": 3778764,
    "training_time_sec": 2053.243304014206,
    "inference_time_sec": 111.98341941833496,
    "total_generated": 500
}