{
    "model_parameters": 76365057,
    "training_time_sec": 6696.455170869827,
    "inference_time_sec": 16.298351287841797,
    "total_generated": 500
}