{
    "model_parameters": 8751191,
    "training_time_sec": 2887.63170337677,
    "inference_time_sec": 82.34416651725769,
    "total_generated": 500
}