{
    "model_parameters": 23947136,
    "training_time_sec": 733.7644467353821,
    "inference_time_sec": 12.000577211380005,
    "total_generated": 500
}