{
    "model_parameters": 3879832,
    "training_time_sec": 930.522931098938,
    "inference_time_sec": 23.86995840072632,
    "total_generated": 500
}