{
    "model_parameters": 3667841,
    "training_time_sec": 1877.7127857208252,
    "inference_time_sec": 65.82198476791382,
    "total_generated": 500
}