{
    "model_parameters": 3879832,
    "training_time_sec": 519.1503233909607,
    "inference_time_sec": 27.474602460861206,
    "total_generated": 500
}