{
    "model_parameters": 3668228,
    "training_time_sec": 486.5716404914856,
    "inference_time_sec": 116.10243058204651,
    "total_generated": 500
}