{
    "model_parameters": 8751227,
    "training_time_sec": 4722.705745220184,
    "inference_time_sec": 121.79421877861023,
    "total_generated": 500
}