{
    "model_parameters": 8751215,
    "training_time_sec": 8317.23989033699,
    "inference_time_sec": 111.11996269226074,
    "total_generated": 500
}