{
    "model_parameters": 1441673,
    "training_time_sec": 1676.6690633296967,
    "inference_time_sec": 110.59313726425171,
    "total_generated": 500
}