{
    "model_parameters": 23947136,
    "training_time_sec": 723.9620583057404,
    "inference_time_sec": 10.38498067855835,
    "total_generated": 500
}