{
    "model_parameters": 3778764,
    "training_time_sec": 699.8498392105103,
    "inference_time_sec": 111.3847963809967,
    "total_generated": 500
}