{
    "model_parameters": 2150913,
    "training_time_sec": 14574.209960222244,
    "inference_time_sec": 679.5291774272919,
    "total_generated": 500
}