{
    "model_parameters": 1441417,
    "training_time_sec": 10699.080128908157,
    "inference_time_sec": 78.07572197914124,
    "total_generated": 500
}