{
    "model_parameters": 3668099,
    "training_time_sec": 894.9210875034332,
    "inference_time_sec": 95.65774345397949,
    "total_generated": 500
}