{
    "model_parameters": 2150913,
    "training_time_sec": 12718.016011238098,
    "inference_time_sec": 670.3731808662415,
    "total_generated": 500
}