{
    "model_parameters": 74984193,
    "training_time_sec": 7970.263345241547,
    "inference_time_sec": 17.716959238052368,
    "total_generated": 500
}