{
    "model_parameters": 74984193,
    "training_time_sec": 2259.2296521663666,
    "inference_time_sec": 5.432891130447388,
    "total_generated": 500
}