{
    "model_parameters": 39089792,
    "training_time_sec": 3503.7574310302734,
    "inference_time_sec": 12.528285264968872,
    "total_generated": 500
}