{
    "model_parameters": 3778507,
    "training_time_sec": 3060.4273087978363,
    "inference_time_sec": 109.62253856658936,
    "total_generated": 500
}