{
    "model_parameters": 1441801,
    "training_time_sec": 1951.0841732025146,
    "inference_time_sec": 124.27350497245789,
    "total_generated": 500
}