{
    "model_parameters": 8751227,
    "training_time_sec": 4910.526146173477,
    "inference_time_sec": 126.6292495727539,
    "total_generated": 500
}