{
    "model_parameters": 2150913,
    "training_time_sec": 12241.558996677399,
    "inference_time_sec": 1154.6636514663696,
    "total_generated": 500
}