{
    "model_parameters": 2150913,
    "training_time_sec": 11068.853375434875,
    "inference_time_sec": 655.6602487564087,
    "total_generated": 500
}