{
    "model_parameters": 3668228,
    "training_time_sec": 3122.948319911957,
    "inference_time_sec": 109.90244197845459,
    "total_generated": 500
}