{
    "model_parameters": 23950976,
    "training_time_sec": 4727.742726325989,
    "inference_time_sec": 8.758679389953613,
    "total_generated": 500
}