{
    "model_parameters": 1441801,
    "training_time_sec": 769.7378816604614,
    "inference_time_sec": 125.14649677276611,
    "total_generated": 500
}