{
    "model_parameters": 1741224,
    "training_time_sec": 1986.5506057739258,
    "inference_time_sec": 69.30255198478699,
    "total_generated": 500
}