{
    "model_parameters": 3778764,
    "training_time_sec": 732.9014658927917,
    "inference_time_sec": 108.3589870929718,
    "total_generated": 500
}