{
    "model_parameters": 3778764,
    "training_time_sec": 4353.789595127106,
    "inference_time_sec": 69.0759949684143,
    "total_generated": 500
}