{
    "model_parameters": 8751227,
    "training_time_sec": 2589.820583343506,
    "inference_time_sec": 124.72553515434265,
    "total_generated": 500
}