{
    "model_parameters": 4889859,
    "training_time_sec": 967.7603402137756,
    "inference_time_sec": 24.81693387031555,
    "total_generated": 500
}