{
    "model_parameters": 1441801,
    "training_time_sec": 11058.783964633942,
    "inference_time_sec": 157.42378497123718,
    "total_generated": 500
}