{
    "model_parameters": 8751227,
    "training_time_sec": 1378.930356502533,
    "inference_time_sec": 126.22169852256775,
    "total_generated": 500
}