{
    "model_parameters": 3778764,
    "training_time_sec": 4234.250000238419,
    "inference_time_sec": 155.11473274230957,
    "total_generated": 500
}