{
    "model_parameters": 74984193,
    "training_time_sec": 5819.187431812286,
    "inference_time_sec": 5.445125102996826,
    "total_generated": 500
}