{
    "model_parameters": 74984193,
    "training_time_sec": 8803.686596870422,
    "inference_time_sec": 14.22917652130127,
    "total_generated": 500
}