{
    "model_parameters": 1741224,
    "training_time_sec": 1684.6769835948944,
    "inference_time_sec": 106.20787286758423,
    "total_generated": 500
}