{
    "model_parameters": 3778507,
    "training_time_sec": 400.6858685016632,
    "inference_time_sec": 99.02692747116089,
    "total_generated": 500
}