{
    "model_parameters": 8751227,
    "training_time_sec": 8722.040503501892,
    "inference_time_sec": 120.8412549495697,
    "total_generated": 500
}