{
    "model_parameters": 1441801,
    "training_time_sec": 1251.509052991867,
    "inference_time_sec": 125.09954690933228,
    "total_generated": 500
}