{
    "model_parameters": 50717992,
    "training_time_sec": 4263.634721517563,
    "inference_time_sec": 10.634559154510498,
    "total_generated": 500
}