{
    "model_parameters": 8751191,
    "training_time_sec": 1379.5902481079102,
    "inference_time_sec": 81.94506645202637,
    "total_generated": 500
}