{
    "model_parameters": 4862212,
    "training_time_sec": 6819.420167922974,
    "inference_time_sec": 193.7822196483612,
    "total_generated": 500
}