{
    "model_parameters": 1441673,
    "training_time_sec": 6255.011825084686,
    "inference_time_sec": 110.79147338867188,
    "total_generated": 500
}