{
    "model_parameters": 3778507,
    "training_time_sec": 2034.7117357254028,
    "inference_time_sec": 97.21075630187988,
    "total_generated": 500
}