{
    "model_parameters": 3778507,
    "training_time_sec": 1424.138999223709,
    "inference_time_sec": 69.29125714302063,
    "total_generated": 500
}