{
    "model_parameters": 23947136,
    "training_time_sec": 3362.1356089115143,
    "inference_time_sec": 22.06179642677307,
    "total_generated": 500
}