{
    "model_parameters": 1441801,
    "training_time_sec": 3071.329218149185,
    "inference_time_sec": 122.61964106559753,
    "total_generated": 500
}