{
    "model_parameters": 3668099,
    "training_time_sec": 2573.1286146640778,
    "inference_time_sec": 95.56514573097229,
    "total_generated": 500
}